Keyword,Volumn
tv unit design modern,1694115
tv unit design,262308
elf on the shelf,384981
book shelf ideas,239519
wall decor ideas,296374
curtains living room,754689
mirror wall decor,743252
tv wall decor,480364
tv unit decor,659663
background for poster,45907
wooden wall decor,31290
easy elf on the shelf,65757
crockery unit design,366010
easy elf on the shelf ideas,400565
quick elf on the shelf ideas,55425
latest tv unit designs,155186
kitchen window curtains,43443
simple poster design,15515
short red carpet dresses,1484
wall decor bedroom,305578
red carpet dress to impress,301159
wall art ideas,146610
living room rug,98525
tv stand decor,255873
lana del rey poster,257770
tv stand ideas,226817
red carpet dresses,238597
kitchen decor wall art,21492
billie eilish poster,229940
independence day poster,221846
tv unit design modern living luxury,214397
small window curtains,26251
harry potter poster,176172
mural wall art,197690
wall decor living room,201365
elf on the shelf ideas funny hilarious,198999
mirror for bathroom,9267
taylor swift poster,167895
poster design ideas,109968
event poster design,159546
vintage poster art,74694
typography poster design,115215
Living Room Wall Decor,170312
music poster ideas,60184
shelf decor living room,122952
sabrina carpenter poster,139219
graphic poster art,37400
school poster ideas,28112
flyer and poster design,151413
nutrition month poster,150774
white curtains bedroom,14699
wall art prints,147056
women day poster,27018
bathroom wall art,69672
kitchen wall decor,130584
small bookshelf ideas,20104
happy diwali poster,140682
food poster design,140538
modern bookshelf design,10659
wall art living room,135860
stranger things poster,120609
olivia rodrigo poster,134652
gilmore girls poster,134301
church poster design,116731
frank ocean poster,132353
tv girl poster,129145
simple tv unit design,128445
room wall decor,123020
clay wall art,114889
chandelier dining room,54025
tv unit interior,6592
bathroom wall decor,111128
bookshelf in bedroom,7853
dining wall decor,4312
green curtains bedroom,11704
coming soon poster,100487
movie poster art,18022
mirrors in bedroom,23925
birthday poster ideas,85274
japanese poster design,111748
toddler elf on the shelf ideas,6658
modern tv stand,44447
poster wall ideas aesthetic,97346
3d wall art,97308
save water poster,46497
squid game poster,93161
stand by me,103091
poster prints aesthetic,103660
teachers day poster,103186
hallway wall decor,95717
one piece poster,82985
the weeknd poster,98940
bathroom shelf decor,74822
funny elf on the shelf ideas,97899
bedroom curtains ideas,14095
tyler the creator poster,96007
living room chandelier,27373
persian rug wallpaper,60016
new year poster,66234
poster design inspiration,94072
hello kitty poster,93884
small desk setup,15253
my demon poster,18395
wall art texture,5441
elf on the shelf arrival ideas,91447
pc desk setup,10127
exhibition stand design,81032
printable wall art,80103
ariana grande poster,88395
social media poster,87771
stair wall decor,16852
art on wall,12235
red carpet outfits,55725
floating shelf decor,74452
crockery unit design dining rooms,57760
rug in bedroom,13640
over bed wall decor,20235
aesthetic wall decor,84627
gracie abrams poster,84100
poster color painting,62730
living room curtains ideas,83393
arctic monkeys poster,83107
tv wall unit,59208
school wall art ideas,41477
Dorm wall decor,37140
the smiths poster,81811
rug on carpet,30674
10 things i hate about you poster,78772
poster peduli lingkungan,16793
wall poster prints,27985
office wall decor,55322
gossip girl poster,77231
red carpet look,9472
attack on titan poster,75780
bay window curtains,59332
demon slayer poster,74967
elf on the shelf ideas for older kids,73680
chappell roan poster,73604
crochet wall art,46612
eras tour poster,40682
film poster design,72959
wall art bedroom,72521
kitchen wall decor ideas,71891
modern wall shelf,54416
melanie martinez poster,71567
save environment poster drawing,71344
brown rug living room,7119
gender equality poster,71118
stray kids poster,70913
hip hop poster,70315
corner window curtains,9407
plaster wall art,64523
wall unit designs,52952
round bathroom mirror,6774
wall shelf ideas,67864
elf on shelf ideas,67837
product design poster,33909
bedroom tv unit design,67452
poster makanan sehat,21239
surfer curtains hair,64446
wall art paint,3731
trendy wall art,61184
wood wall art,30015
record player stand,62176
hoco poster ideas,65196
harry styles poster,65158
large wall art,51590
pink wall art,32012
bed with curtains,24265
poster layanan masyarakat,64063
mean girls poster,63733
red persian rug,27284
window curtains ideas,13226
Bedroom Wall Art,63187
album wall decor,2347
poster wall art,53972
abstract wall art,50836
wall art work,5787
tv stand designs,61607
graffiti wall art,54839
shelf decor bedroom,61590
christmas wall decor,41506
kitchen shelf decor,60970
decoración de stand,49508
stair runner carpet,35118
wall decor posters,8264
breaking bad poster,60011
jujutsu kaisen poster,59801
poster sumpah pemuda,59155
happy birthday poster,58815
poster para quarto,58729
poster layout ideas,17871
dead poets society poster,58340
wikang mapagpalaya poster,43692
night stand ideas,58003
small mirror wall decor,9092
pink rug bedroom,4063
childrens day poster,14724
simple elf on the shelf ideas,57010
puja unit design,52123
mental health poster,56717
game of thrones poster,56543
red carpet hair,18395
senior poster ideas,16494
persian rug designs,13609
jeff buckley poster,55906
4 poster bed,15710
star wars poster,55347
mandala wall art,38688
filipino poster making,19779
poster for room,33548
the walking dead poster,54150
basic tv unit,1476
kate moss poster,53980
mini tv unit,2939
curtains with blinds,22857
above couch wall decor,38288
poster tema pendidikan,17311
living room carpet,41165
room shelf ideas,15443
bedroom wallpaper accent wall,16711
chandelier for bedroom,4271
wall art designs,52122
cafe curtains kitchen,32691
school poster design,15590
desk setup aesthetic,44951
little women poster,51280
wall tv unit design,50827
floating tv stand,44330
book shelf decor,41573
tri fold poster board,24954
one direction poster,49754
dining room rug,34201
teacher desk setup,14422
built in tv wall unit,49485
christmas nativity scene,48069
blue lock poster,48960
large wall decor living room,48600
elf on the shelf arrival,19646
cafe wall art,35386
environment day poster ideas,47875
aesthetic desk setup,47289
wall decor crafts,42905
cd wall art,43024
living room tv unit designs,47413
all of us are dead poster,47230
art collage wall,32767
bathroom lighting over mirror,15607
grey carpet bedroom,19088
tv stand decor living room,39902
stop bully poster,46334
soccer poster ideas,17696
gamer desk setup,3756
plant stand indoor,34890
shelf above bed,41285
kitchen wall art,39517
kendrick lamar poster,46051
retro poster design,21480
bed wall decor,24941
my chemical romance poster,45915
the beatles poster,45882
stand feria de emprendimiento,45723
studio ghibli poster,45702
lemonade stand ideas,41550
the substance poster,21668
vampire diaries poster,17156
music festival poster,45489
night stand decor,37537
Boho Wall Decor,40326
the last of us poster,45143
la la land poster,44780
new jeans poster,44469
traditional wall art,44450
plate wall decor,30717
black chandelier dining room,5124
stand oil bag,33314
living room chandelier ideas,5905
over the garden wall wallpaper,40149
wallpaper accent wall,34370
book shelf wall,7674
living room carpet ideas,11864
farmhouse wall decor,15427
elf on the shelf classroom ideas,13115
floor to ceiling curtains,29245
chase atlantic poster,42789
lamp living room,9326
social media poster design,15219
hunger games poster,42490
school wall art,38294
modern wall art,31817
minecraft lamp post,36322
christmas poster design,42271
women empowerment poster,42233
living room rug placement,16507
curtains for bedroom,42000
valentines day poster,41905
photo wall decor,20754
graduation poster ideas,41658
earth day poster,41615
tv unit hall design,681
republic day poster,41514
wallpaper for wall,32334
red carpet dress,21676
travis scott poster,40505
green day poster,40402
dining room wall art,14213
cozy desk setup,37870
small pooja unit,37572
luxury curtains living room,40088
ice cream poster,40087
tv unit design ideas,39956
modern curtains bedroom,4773
pooja unit designs,30443
lil peep poster,39410
boho wall art,32417
nightstand decor ideas,7807
homecoming poster ideas,38789
curtains bangs long hair,3219
dining room wall decor ideas,38638
wardrobe with tv unit,25915
asap rocky poster,38361
shelf decor ideas,26986
poster para impressão,38302
road safety poster,38256
minimal desk setup,21190
sports day poster,38129
corner wall shelf,3849
wave to earth poster,37983
t v unit tv walls living rooms,36049
poster di design,37609
globalization poster ideas,37520
sofa wall decor,14604
flower wall decor,13001
wood lamp design,37379
curtains living room modern,37259
vibrant wall art,5104
sports poster design,15546
pierce the veil poster,36910
poster wall bedroom,36825
behind couch wall decor,20653
square mirror wall decor,10178
indian wall art,24554
cloth wall decor,1857
alex g poster,36521
plant shelf ideas,15972
outdoor wall art,20880
beige curtains bedroom,12012
how to hang curtains,25584
the notebook poster,35981
elf on the shelf goodbye,3322
jesus wall art,4422
indian wall decor,32697
outdoor wall decor,35769
poster iklan produk,19682
over couch wall decor,7284
art nouveau poster,35643
wanted poster template,35624
volleyball poster ideas,35596
muslim wall art,2095
alien stage poster,35448
lady gaga poster,35392
farmhouse kitchen curtains,7019
twinkling watermelon poster,35119
fashion poster design,35091
webinar poster design,34888
car poster design,34799
poster board ideas,34787
grand opening poster,34561
sale poster design,15546
chainsaw man poster,34259
poster hari pahlawan,34217
bathroom mirror cabinet,26533
simple tv stand,31376
sheer curtains living room,34065
outer banks poster,34018
persian rug room,2799
curtains hairstyle men,26446
elf on the shelf ideas easy,33984
david bowie poster,33938
bedazzled wall art,33922
stand up comedy,28762
lovely runner poster,33824
stand de joyería,33795
the boys poster,33728
tv unit ideas,33727
wall clock decor living room,28599
human rights poster,33677
the neighbourhood poster,33653
fleetwood mac poster,33623
system of a down poster,33481
true beauty poster,33453
classroom rules poster,33400
elf on a shelf ideas,33399
white wall art,3998
wall sculpture art,33251
rug under bed,27563
book shelf ideas aesthetic,33186
carpet codes berry ave,11900
mamma mia poster,32991
blood donation poster,32988
handmade wall art,32894
kpop demon hunters poster,32867
fiona apple poster,32830
mug rug patterns,30623
conan gray poster,32818
inside out poster,32751
dining room curtains,25716
science poster making,14770
f1 poster design,32515
lamp for bedroom,6146
linkin park poster,32357
led mirror bathroom,22025
alice in borderland poster,32301
aesthetic wall decor ideas,32296
carpet cleaner homemade,24802
resident evil poster,32146
rick and morty poster,32109
senior night poster,16823
food stand design,31905
ceramic wall art,25963
fabric shower curtains,2856
kitchen sink curtains,2866
wall shelf decor,31492
call me by your name poster,31419
lamp album cover,31394
stair carpet ideas,17295
michael jackson poster,31312
poster making ideas for competition,31202
poster lingkungan sekolah,14960
rug size guide,23415
tv shelf design,30196
500 days of summer poster,31143
girl interrupted poster,31063
farm stand ideas,25470
carpet under bed,6798
new year poster design,30624
light blue rug,5286
nursery wall decor,28687
retro floor lamp,4549
fabric wall art,11754
wall painting decor,30458
entryway wall decor,14576
wfh desk setup,29819
room wall decor ideas,30357
cake stand decor,17494
metal wall art,30333
climate changing poster,30304
tv stand wood,11640
amy winehouse poster,30289
flohmarkt stand ideen,21478
art gallery wall,21908
my little pony poster,30077
tv unit with pooja unit,26995
air pollution poster,29966
life is strange poster,29954
berry avenue codes pictures rug,23970
the office poster,29911
gravity falls poster,29850
ikea shelf decor,11001
driftwood wall art,24955
alice in wonderland poster,29461
wall street art,24888
hall tv unit,27790
wall decor prints,9631
bedroom wall decor ideas,29297
pulp fiction poster,29290
french door curtains,19253
monster high poster,29124
black swan poster,29076
corner tv unit,25250
seminar poster design,29047
kill bill poster,29039
gambar poster tentang lingkungan,29017
pink floyd poster,28824
embroidery wall art,8755
coffee poster design,28703
red carpet party,9776
new york poster,28613
think before you click poster,28554
labour day poster,28460
office wall art,19990
mothers day poster,28368
new collection poster,28337
filipino poster slogan,28303
antique persian carpet,18809
noah kahan poster,28137
tv unit furniture,3764
corner shelf ideas,25899
sliding glass door curtains,9304
small tv unit design modern,27858
carpet texture seamless,25887
carpet for bedroom,7778
back to school poster,27685
minimal wall art,11804
adventure time poster,27593
jute wall art,22616
math poster design ideas,27461
pink wall decor,20929
poster pra imprimir,27443
tv unit storage,2923
taylor swift red carpet,24538
kanye west poster,27368
poster pendidikan simple,27351
social media poster drawing,27287
wall decor above bed,4961
dark brown curtains,3742
farmers market stand,27052
dressing unit design,8217
floating tv unit,25463
chinese new year poster,26915
pink poster prints,26910
good friday poster,26909
water pollution poster,26817
poster de steven universe,26764
bathroom wall art ideas,6788
Family Wall Decor,19387
modern crystal chandelier,10308
christmas chandelier decor,10188
pushpa 2 poster,26432
anime minimalist poster,26411
tv bookshelf wall,2933
small wall decor ideas,26282
floating tv shelf,9944
kitchen shelf ideas,16956
stained glass lamp,20505
hunter x hunter poster,26197
elf on the shelf christmas eve,5912
prom poster ideas,26127
luxury carpet texture,12255
rustic tv stand,9743
tv unit with mandir,16006
modern tv unit,26048
hanuman jayanti poster,17828
floating shelf living room,3916
we are hiring poster,25846
bedroom carpet ideas,25837
poster idul fitri,25712
phoebe bridgers poster,25689
retro games poster,25662
basketball poster ideas,25619
hanging wall decor,10563
baby elf on the shelf,5227
chandelier over bathtub,8746
canvas wall art,25468
elf on the shelf letter,6212
islamic wall decor,25393
wall art sets,19271
type o negative poster,25362
tokio hotel poster,25349
tame impala poster,25331
mac miller poster,25328
the marias poster,25275
isra miraj design poster,25223
interactive art wall,21693
poster bhineka tunggal ika,25033
moss wall art,23210
scott pilgrim poster,24994
family photos wall decor,24976
home wall decor,24960
corner wall decor,24941
trifold poster board ideas,24928
ladder shelf decor,20380
zendaya red carpet,20404
red carpet style,2186
clock wall decor,19140
church poster ideas,24748
jute rug bedroom,4106
tv unit wall design,24710
tv stand christmas decor,14421
modern boho curtains,2437
laundry room rug,3380
table lamp ideas,4585
madoka magica poster,24598
art deco poster,24591
voters poster ideas,24546
rug bloxburg decal,2179
poster vintage retro,24539
hiring poster creative,24477
room decor ideas bedroom aesthetic wall,24454
stand de vente,17076
wallpaper feature wall,4142
mazzy star poster,24251
concert poster design,24250
spider man poster,24231
wall pendant light,1349
flower stand ideas,13937
percy jackson poster,24160
howls moving castle poster,24140
once upon a time in hollywood poster,24095
queen of tears poster,24081
hatsune miku poster,24061
nativity scene art,2107
south park poster,23904
luffy wanted poster,23903
oval mirror bathroom,6186
donnie darko poster,23771
garden wall art,8831
crochet rug patterns,7702
tv unit cum study table,2626
concession stand ideas,16311
poster bahasa inggris,23354
tv stand room divider,16044
fantastic mr fox poster,23236
girl in red poster,23235
tv shelf ideas,13065
desk setup ideas,17856
poster desain grafis,23198
mirror wall decor living room,23192
sally face poster,23158
my hero academia poster,23147
poster menjaga lingkungan,23127
blue velvet curtains,3325
poster black and white,23055
stand up shower ideas,15944
mac demarco poster,22995
water conservation poster,22990
tate mcrae poster,22936
tv unit ideas living room,10080
mosaic wall art,19893
led wall art,22900
candle holder clay,16492
macrame wall decor,20135
stencil wall art,22821
bruno mars poster,22819
bathroom shower curtains,22806
wall lamp ideas,5396
minimalist tv unit,7510
bones and all poster,22737
behind tv wall decor,7861
poster tentang lingkungan,22628
living room rug ideas,22561
carpet in bedroom,7865
poster kemerdekaan indonesia,22552
modern family poster,22542
2026 met gala red carpet,22541
travel poster design,22496
modern curtains living room,22429
beaded door curtains,9388
saiyaara movie poster,22422
tufted rug ideas,1784
mf doom poster,22407
kids wall decor,6085
woven wall art,11565
minecraft street lamp,19814
eid mubarak poster,22300
luxury tv unit design,15684
poster lingkungan hidup,22270
small nightstand ideas,8900
brent faiyaz poster,22203
music artist poster,22173
vivienne westwood poster,22120
summer bucket list poster,22095
kids wall art,10329
bathroom mirror selfie,14697
save nature poster environment,22042
living room tv stand,16502
fireplace tv stand,11539
wall table decor,2981
stand de glitter,21908
blue wall art,14479
grey curtains living room,21787
modern kitchen curtains,4223
work desk setup,8186
laptop desk setup,16216
reading day poster,21719
poster de peliculas,21674
floral wall art,11836
basket wall decor,10469
bed side lamp,11215
maximalist wall art,18307
kitchen shelf styling,21555
poster hari santri,21490
night stand aesthetic,12080
fast and furious poster,21442
geometric wall art,7234
contoh poster pendidikan,21338
poster girl outfit black women,21316
open shelf kitchen,17810
laundry shelf over washer,13813
skateboard wall art,15560
twin peaks poster,21270
sliding door curtains,18495
kalayaan poster making,21213
beauty parlour offer poster,21141
decoracion de stand feria ideas,15798
20th century girl poster,21093
laundry room wall decor,9609
butterfly wall decor,14246
2 monitor desk setup,7725
pride and prejudice poster,21009
ikea tv unit ideas,6409
carpet decals bloxburg,15448
calligraphy wall art,18967
t v unit design,838
poster about wikang filipino,20864
stick wall art,4509
farmhouse style curtains,4549
the strokes poster,20743
bar unit in living room,19963
bedroom rug placement,20644
admission open creative poster,20633
led zeppelin poster,20632
crochet doily rug,3738
wolf of wall street wallpaper,19412
free printable wall art,15625
silent hill poster,20545
kali uchis poster,20538
bloxburg rug decal codes,18184
poster background design creative,20480
poster da muro,20471
anne with an e poster,20415
Nursery Wall Art,18591
rattan wall art,2291
shelf behind sofa,4909
wall mirror decor living room,20377
poster jualan makanan,20375
kimi ni todoke poster,20368
energy conservation poster,20367
nxde g idle poster,20346
vintage wall decor,20322
woven pendant light,3057
wall decor stickers,3288
poster di film,20305
funky wall art prints,8986
wall collage decor,17705
poster making buwan ng wika,20241
ethel cain poster,20172
real estate poster,20102
saiki k poster,20097
big wall art,12414
lady bird poster,20068
stand bazar sekolah,12591
plant wall decor,11118
plant stand ideas,13412
house of the dragon poster,19951
taxi driver poster,19925
blackout curtains bedroom,9048
y2k poster design,19899
happy onam poster,19883
office shelf decor,11525
interior design poster,19849
movie poster ideas,19844
twenty one pilots poster,19816
family by choice kdrama poster,19796
red carpet background,18507
wood shelf ideas,3782
the cranberries poster,19746
entryway rug ideas,10719
coastal wall art,19731
the perks of being a wallflower poster,19721
christmas shelf decor,16474
tv unit bedroom,19696
bedroom rug ideas,19690
flower market poster,19684
poster wall ideas,15801
white desk setup,17248
how to build a bookshelf,1648
manga shelf ideas,15811
limp bizkit poster,19560
wedding poster design,19515
rug berry avenue codes,3142
above bed wall decor,19473
3 piece wall art,12052
besta tv unit,9565
bruce lee poster,19372
vintage table lamp,9931
desk wall decor,11510
tokyo ghoul poster,19332
funky wall art,19323
marilyn monroe poster,19297
elf on shelf printables,8888
mid century lamp,9072
stand alone tub,5104
welcome back elf on the shelf ideas,19136
tv unit partition,6879
display shelf design,16158
onam poster design,19001
set of 3 wall art,5613
noli me tangere poster,18978
carpet codes bloxburg,3637
lovely runner kdrama poster,18975
red rug living room,11382
rug under table,1021
dark green curtains,5890
mirror over nightstand,4105
el stand de los besos,18888
offer poster design,18866
glass pendant lamp,2183
back to the future poster,18737
maze runner poster,18728
lemonade stand sign,15390
black tv stand,16848
food festival poster,18652
red carpet outfit ideas,2017
garden wall decor,18645
poster pergaulan bebas,18604
lippan art on wall,3513
oil lamp decor,7982
lava lamp art,5149
large wall decor,18537
wall decor ideas for bedroom,18521
wabi sabi wall art,15312
the 1975 poster,18509
reduce reuse recycle poster,18494
metal plant stand,15680
wood wall shelf,10426
cowhide rug living room,14976
bedroom tv stand ideas,13422
childish gambino poster,18386
beach wall art,9180
patio door curtains,9676
philippine culture poster,18346
hallway wall decor ideas,4821
cool wall art,18315
tokyo revengers poster,18304
open shelf styling,3405
sunset lamp pictures,1503
cute desk setup,17072
bloxburg poster codes,18268
spy x family poster,18234
doja cat poster,18140
poster tentang sampah,18082
laptop monitor desk setup,3373
poster aesthetic room,18039
aesthetic wall art,18026
new arrivals poster,18019
mischievous elf on the shelf ideas,18000
scrabble wall art,15492
carpet on stairs,8692
the godfather poster,17915
bathroom rug ideas,17894
arched mirror bathroom,4179
corner tv stand,17852
bojack horseman poster,17846
mirror with shelf,11578
beautiful boy poster,17757
black wall decor,8787
3 monitor desk setup,8320
dining wall decor ideas,17736
charli xcx poster,17736
sailor moon poster,17699
role model poster,17662
all about me poster,17624
poster buang sampah pada tempatnya,17604
pinch pleat curtains,17580
alice in chains poster,17569
your name poster,17551
buy 1 get 1 free design poster,17535
bungou stray dogs poster,17531
poster girl dress,17489
black desk setup,10192
Bob Marley poster,17416
poster making about health,17404
sabrina carpenter red carpet,17396
wall lamp design,17392
kylie jenner red carpet,6921
final destination poster,17363
opening soon poster,17296
tv unit styling,14742
happy vishu poster,17254
mirror wall decor bedroom,17226
hollywood red carpet outfit,6336
playboi carti poster,17194
hiv aids art poster,17186
crystal castles poster,17184
tv unit with fireplace,5856
save the earth poster drawing,17167
frame bathroom mirror,6305
entrance wall decor,3678
elf on the shelf birthday,3208
small bookshelf decor,2238
stand collar kurti pattern,17118
iron man poster,17106
poster promosi makanan,17088
abstract art poster,17071
billie red carpet,1810
bookshelf above bed,3770
ac unit landscaping,16014
rug tufting ideas,14549
tv wall decor living room,17016
rug size guide living room,14065
britney spears poster,16992
book shelf organizer ideas,16983
dominic fike poster,16940
elf on the shelf im back,2695
classroom wall decor,11864
stand feria de ciencias,3620
daniel caesar poster,16894
brick wall decor,9094
dti red carpet,13861
mid century rug,6240
how to train your dragon poster,16832
grey couch rug ideas,3771
homemade lava lamp kids,1759
bat wall decor,3162
when i fly towards you poster,16780
air clay candle holder,952
cartoon wall art,2584
perfect blue poster,16733
paper wall decor,10480
poster con illustrazioni,16721
blue rug living room,8124
solo leveling poster,16680
retro wall art,16674
christmas wall art,16610
wallpaper for tv wall,3914
rug hooking patterns,4107
big wall decor living room,16574
knick knack shelf,16555
brokeback mountain poster,16554
tv unit under staircase,6742
bathroom mirror storage,3993
justin bieber poster,16517
inappropriate elf on the shelf,16502
rug tattoo dames,12047
ambedkar jayanti poster,16485
wall art inspo,16480
sweet home poster,16471
wood tv unit,5541
bedroom rug aesthetic,1666
kitchen wall art ideas,9588
grey rug texture,3423
antique wall decor,16427
poster wall inspo,16427
mr plankton kdrama poster,16420
banana fish poster,16416
bathroom mirror lights,5772
above the bed wall decor,16396
action movie poster,16383
corpse bride poster,16311
yoshitomo nara poster,16310
poster rangoli designs for diwali,16294
peaky blinders poster,16284
motley crue poster,16274
new collection poster instagram,16270
bathroom shelf ideas,16256
nursery wall shelf,2619
living room mirrors,6699
ayrton senna poster,16192
greys anatomy poster,16153
normal people poster,16151
bathroom lights over mirror,4908
canopy bed curtains,11846
bookshelf wallpaper iphone,9607
agatha all along poster,16086
festival poster design,16071
steve lacy poster,16038
resin wall art,13673
ice cream stand,13198
blue curtains living room,15967
black white rug,1747
girl wall art,1981
coming soon poster instagram,15932
faye webster poster,15927
guru purnima poster,15913
bedroom shelf decor,15895
lcd unit design,11216
gambar poster pendidikan,15894
poster presentation ideas,15889
kpop poster wall ideas,15885
dining table rug,8841
bad elf on the shelf ideas,15822
study unit in bedroom,624
hidden bookshelf door,5493
ikea tv stand,10615
romance movie poster,15802
desk lamp design,3873
big wall art living room,3935
nativity scene decor,538
french country curtains,7852
wall decor aesthetic,15751
modern wall decor,15749
wall art decor,15749
green wall decor,9788
poster drama korea,15725
junji ito poster,15717
red carpet beauty,15714
bathroom window curtains,15708
wall art over bed,4493
gold wall decor,12742
legally blonde poster,15624
open pooja unit,1085
red carpet makeup,11444
poster film indonesia,15547
double curtains bedroom,6224
shelf over tv,3469
buddha wall decor,13218
closet shelf organization,11648
unity in diversity poster india,15495
long wall art,3452
tuition classes poster,15476
ikea lack shelf,13050
jelly roll rug,15457
latar belakang poster,15436
tv unit cabinet,11249
pink desk setup,9749
vinland saga poster,15429
tv stand furniture,15407
avril lavigne poster,15389
poster ideas aesthetic,15388
formula 1 poster,15364
3 mirrors on wall ideas,9061
poster kenakalan remaja,15357
sage green curtains,9171
anime wall art,15335
black butler poster,15315
wooden tv unit design,8850
wall decor wallpaper,2944
street lamp sketch,2119
dorm wall art,9823
anime poster prints,15284
floor lamp decor,2222
shelf above tv,12276
the shining poster,15256
living room decor curtains,15247
room decor wall,15244
lamp shade makeover,11545
poster hari ibu,15225
chandelier in minecraft,1065
study unit designs in bedroom,15196
the conjuring poster,15156
merry christmas poster,15152
seventeen performance unit,8188
elf on the shelf ideas funny,15135
will you be my valentine poster ideas,15126
kitchen rug ideas,15091
half window curtains,8631
tree wall decor,6099
imac desk setup,13804
cow hide rug,3881
curtains from ceiling,2568
poster lomba 17 agustus,15051
teen elf on the shelf ideas,2226
shelf styling living room,12918
dekor stand bazar sekolah,4697
gold pendant light,2675
map wall decor,2179
will you be my girlfriend poster,15009
louis tomlinson poster,15003
madison beer poster,14949
bathroom vanity mirror,14941
ikea bookshelf hack,13463
bar unit design,11397
pink curtains bedroom,7478
minimal tv unit design,14895
black bookshelf decor,3076
kitchen unit designs,13739
bedroom rug size,3373
cultural diversity poster,14867
film festival poster,14846
japan wall art,1539
kids room curtains,8560
lava lamp tattoo,14745
cuarteto de nos poster,14744
lizzy mcalpine poster,14737
dragon ball poster,14722
roblox poster codes,14699
rustic wall decor,14689
coffee wall art,9568
democracy poster ideas,14647
toilet shelf decor,2405
tv unit design modern simple,14642
stand bazar tema tradisional,14604
wall unit ideas living room,14603
playroom wall decor,14595
love next door poster,14583
mug rug tutorial,14576
blue pendant light,2723
black sabbath poster,14552
home desk setup,5832
shelf over window,4365
luxury crockery unit design,2831
roadside stand ideas,1867
unique wall decor,14519
fathers day poster,14512
super sonico poster,14475
marble tv unit,9532
tv unit size,2928
ariana grande red carpet,13242
Wall art inspiration,14449
runner carpet stairs,3724
plant shelf wall,3522
mirrors in living room ideas,14392
shelf unit decor,752
carpet runner on stairs,14360
butterfly wall art,11885
oversized wall art,5889
bedroom wall art ideas,14336
drop cloth curtains,14315
salon wall art,11503
standing desk setup,13479
behind sofa shelf,3952
study wall decor ideas,14205
front door curtains,8294
bathroom wall decor ideas,14201
3d wall decor,9519
stand by me poster,14159
balcony wall decor,11706
one night stand,14096
bathroom mirror and lighting ideas,14093
dining table chandelier,14088
mid century bookshelf,4691
rug size for king bed,4673
black curtains living room ideas,14052
ceramic wall decor,14027
ikea desk setup,11760
best red carpet looks,4885
paper mache wall art,11369
behind bed wall decor,13936
living room lamp ideas,10257
candle warmer lamp,10446
sims 4 wall decor,2928
rug texture seamless,11193
wall of mirrors,6056
wall corner decor,13765
i stand with palistain,13762
minecraft lamp ideas,8432
crazy elf on the shelf ideas hilarious,13746
living room wall decor designs,13742
tv wall decor small space,5950
wall shelf design,10992
cloth hanger stand,10251
vogue wall art,3856
grey curtains bedroom,13631
tape wall art,13610
laundry room shelf,8430
dining table lamp,9738
hexagon mirror wall decor,11115
tv unit for bedroom,13532
green rug living room,13454
horizontal wall art,9763
stand creativo exposiciones,13405
large wall decor ideas,13389
ac unit cover outdoor,9676
last minute elf on the shelf ideas,13383
salon wall decor,2303
coastal wall decor,10665
mirror wall decor entrance,13360
elf on the shelf returns ideas,13356
western wall decor,10820
vinyl wall decor,9445
rustic chandelier farmhouse,5958
pop up stand,7093
carpet tile texture,4378
lamp in kitchen,7465
wall to wall carpet ideas,7274
rug over carpet,9824
elf on the shelf goodbye letter,7016
car wall art,11052
yellow curtains bedroom,3218
over sofa wall decor ideas,1910
cute rug ideas,910
rug decal codes,8611
rattan pendant light,12239
green wall art,13139
stand de exposicion,2434
bedroom lamps nightstand,9040
bookshelf display ideas,1315
ikea shelf ideas,3124
corner bookshelf ideas,13060
tv unit pvc design,1291
toilet paper elf on shelf,2475
painting lamp shades,7119
art desk setup,10618
eva unit 01,11536
lava lamp nails,10937
red carpet prom dresses,1550
wall lamp 3d warehouse,5508
gold mirror bathroom,5311
l shaped desk setup,12450
modern pendant light,8964
motivational wall art,6023
decoracion stand exposicion,12806
checkered rug bedroom,3655
candle holder ideas,5776
wall nightstand ideas,1356
pink poster ideas,12711
frame wall decor,3655
side wall decor,3549
road side stand ideas,12663
shelf over bed,9988
girly wall decor,3476
halloween wall art,6376
bookshelf room divider,8817
white wall decor,7903
above bed wall decor ideas,2015
rug on carpet bedroom,12569
lego shelf display,12556
stand mexicano decoracion,12556
elf on the shelf welcome back ideas,12467
Apartment wall decor,12451
nail desk setup,8782
white nightstand decor,1307
black out curtains,10849
bathroom shelf styling,12341
tv unit with dressing table,9325
full wall bookshelf,10560
cottage wall decor,2909
simple desk setup,8589
stand para exposiciones escolares,4294
ikea tv unit,4637
blue wall decor,10343
mirror wall decor living room modern,12247
patio wall decor,5857
corner desk setup,11151
mexican wall art,10267
food wall art,12241
minimal wall decor,2957
celebrity red carpet,3022
toilet vanity unit,883
living room shelf,10147
scripture wall decor,6949
hallway runner rug,9744
round mirror wall decor,2359
pampas wall decor,6655
3 drawer nightstand,5409
modern wall lamp,7282
one side open exhibition stand,3869
white tv stand,10284
eclectic area rug,1838
printable wall art bedroom,2710
family wall art,4244
christmas eve elf on the shelf ideas,12061
seashell wall art,10359
cute wall decor,12053
living room curtains ideas modern,12016
window wall decor,5509
wall above stairs decor,7703
minecraft bookshelf ideas,11988
french empire chandelier,809
book wall decor,4159
tv built in wall unit,11931
ikea besta tv unit,11888
cube shelf decor,11885
window shelf for plants,9356
tv wall decor bedroom,7854
hall wall decor,2400
entry wall decor ideas,11823
study desk setup,8049
wall room decor,11810
wooden shelf design,11806
red area rug,6438
brown curtains living room,11758
dental wall art,11746
wallpaper wall bedroom,7389
blue rug texture,3285
aesthetic wall decor bedroom,11709
grey carpet living room,11692
bathroom runner rug,9046
gym wall art,8120
wall decor quotes,4246
mid century wall art,4163
retro tv stand,3635
african wall art,9652
peacock wall art,9536
wall art frames,3294
tv stand decor ideas,11615
dark grey carpet,4776
red persian rug living room,11584
minecraft wall decor,8382
modern rug hooking,3706
street lamp drawing,11557
concession stand food,9322
small shelf decor,11542
conception de stand d'exposition,11522
brown carpet living room,7320
under window bookshelf,3099
wall art quotes,9556
art deco lamp,9412
light lamp design,3763
kitchen carpet ideas,3706
red carpet theme,9639
black red carpet dress,3736
plant stand decor,11403
red carpet backdrop,9275
rotating tv unit,9230
black tv unit,7872
eclectic wall art,8089
window curtains bedroom,11336
shelf above sofa,2911
beige rug texture,4890
glitter wall art,11293
basketball wall art,2340
tree wall art,9470
dark academia bookshelf,9438
coffee shelf ideas,3559
entry chandelier foyers,3016
cowhide wall decor,5864
sims 4 stand still cas,3568
roadside farm stand,2114
colorful wall art,11205
art wall bedroom,11168
tall wall art,2093
lamp shades ideas,6055
plug in pendant light,8741
macrame wall art,11115
tv unit panelling,1751
leaf wall art,6976
shower shelf ideas,8302
curtains in kitchen,4223
rug placement bedroom,11061
cream curtains bedroom,2477
wall hanging art,6407
hip hop unit,1885
3d printed lamp,11007
mandir and tv unit design,923
curved window curtains,2351
rug living room,10989
living room floor lamp,10983
types of curtains,8462
pantry unit kitchen,10218
red carpet gowns,9038
large living room wall decor ideas,10948
kitchen wallpaper accent wall,1801
unit circle project,2004
shelf designs for hall,10905
tv stand ideas for living room,10897
led desk lamp,1860
jennie red carpet,9146
hollywood red carpet dresses,10867
bella hadid red carpet,10861
printable posters wall art,4038
cardboard wall art,3391
modern desk setup,3306
t v unit,10817
landscape wall art,8762
wall tv stand,3642
wall putty art,10797
modern plant stand,7827
white tv unit,8397
air dry clay wall art,8055
cute wall art bedroom,2230
tv unit interior design ideas,1594
bedroom ideas wall decor design,10724
stand mixer recipes,10714
rock wall art,2358
stand de diseño de exposiciones,10698
kids book shelf,6127
boho wall decor ideas,3814
stand de maquillaje,7591
dining room lamp,7003
2 stand twist locs,10665
shelf in bathroom,2633
pooja unit in living room,8013
unique wall art,10613
elf on the shelf snowman,5043
street lamp design,2238
no sew curtains,10607
cute curtains bedroom,3512
bookshelf closet hack,475
elf on the shelf grinch,2130
persian carpet pattern,5943
sims 4 curtains cc,7462
unique tv unit design modern living,10559
wall decor painting,10554
olivia rodrigo red carpet,10526
glass wall art,8190
map wall art,2783
kitchen window curtains over sink,10500
elf on the shelf names,7925
curtains for closet doors,10498
farmhouse chandelier living room,1350
weihnachtsmarkt stand ideen,10477
last day elf on the shelf ideas,10471
tv unit with hidden door,9532
kendall jenner red carpet,10454
minecraft carpet ideas,1913
above tv wall decor,8338
japandi wall decor,5704
blue persian rug,9533
curtains on wall,1780
outdoor curtains for patio,8434
shelf ideas for bedroom,10338
desk setup workspace inspiration,7617
bookshelf decorating ideas,10319
rice paper lamp,10312
wood phone stand,7638
restaurant wall art,6155
kids room wall art,5448
stand ferias creativos,10279
lava lamp decor,1507
beige carpet bedroom,5567
mirrors behind nightstand ideas,10234
living room wall decor ideas above couch,10212
nativity scene silhouette,10202
tv unit living room modern,10199
wood display stand,4420
washer dryer shelf,4225
hide ac unit outside,3060
bible verse wall art,7495
last day of school elf on the shelf,10161
big wall decor ideas,10158
baby bookshelf ideas,714
hula hoop chandelier,10138
fall shelf decor,6344
wall moulding wallpaper,758
bedside table lamp,10131
pull down shelf,10130
trinket shelf display,10129
sheer curtains bedroom,10115
carved wood wall art,8110
stand by me film,1927
sheer linen curtains,4021
green carpet bedroom,3798
book shelf design,10090
wine cork wall decor,10083
elves on the shelf ideas,10080
lazy elf on the shelf ideas,10077
ceramic lamp base,8387
wall art aesthetic,10073
embroidery hoop wall art,10042
90s red carpet,6162
curtains with grey sofa,4048
glute shelf workout,2060
partition tv unit design,2988
sims 4 wall art,2523
vintage rug bedroom,2033
sage green rug,8144
tv unit design modern bedroom,9979
dark bookshelf styling,6517
floating shelf kitchen,5525
macrame lamp shade,8234
tramp stand tattoo,9937
toilet wall art,4298
cute wall art,9909
roman shades with curtains,8047
dining area wall decor ideas,9908
high ceiling wall decor,2034
fall 7 times stand up 8 tattoo,1958
stand de postres,6670
lace curtains bedroom,5765
outside wall art,6637
book holder stand,9865
antique wall shelf,9847
modern tv unit design living rooms,9842
beaded chandelier earrings,838
self serve farm stand,9840
area rug on carpet,4982
fashion wall art,9835
wedding cake stand,7310
carpet texture design,4908
pop tv unit design,6741
carpet design pattern,4555
long curtains living room,9792
how to sew curtains,2377
tv unit colour ideas,723
ikea floor lamp,4488
fun elf on the shelf ideas,9742
farmhouse wall art,4173
Wood Plant Stand,6766
elf on the shelf idea,9734
bookshelf with wallpaper,628
retro table lamp,1963
cd wall decor,7545
small tv stand,7803
moon wall art,4741
fused glass wall art,9701
above sofa wall decor,2982
curtains rods ideas,2472
coffee wall decor,3349
stand by me quotes,3741
mirrors above nightstand,5090
open shelf kitchen ideas,9639
diwali wall decor,9633
shelf over toilet,3020
pen stand craft,9603
dining room carpet,4502
aesthetic curtains bedroom,9596
hand painted mirrors,9591
coquette wall art,5035
book shelf wall ideas,9575
black nightstand bedroom,9575
bathroom mirror ideas double sink,6154
double height chandelier,7824
fashion wall art printables,4989
cute shower curtains,9556
fancy shower curtains,2677
rug in kitchen,7110
side table lamp,7271
vintage mirror wall decor,9539
punch needle rug,7494
tv unit design modern tv unit design modern living luxury,9507
mid century tv stand,3344
sink vanity unit,6229
kpop shelf ideas,6092
cute elf on the shelf ideas,9470
kpop albums shelf,9445
mexican wall decor,9443
persian carpet aesthetic,9440
small tv unit design modern living,9425
empty wall decor ideas,6954
record wall decor,6432
bible wall art,2501
round rug living room,9375
mini table lamp,3382
neutral wall art,9358
latest tv unit designs 2026,6310
whispy curtains bangs,2742
japandi pendant light,6598
elf on the shelf older kids funny,9332
bar shelf ideas,7346
christmas bookshelf decor,5809
elf on the shelf marshmallow ideas,5016
light pink curtains,2360
living room rug inspiration,9301
modern hanging lamp,2995
circle rug bedroom,2145
purple wall art,4766
double layer curtains,9270
mid century curtains,3594
art deco chandelier,8611
vintage shelf decor,9257
tv unit in bedroom,9248
boys room wall art,3408
wall art for bedroom,9225
book wall art,6551
plant pot stand,2359
curtains instead of closet doors,9206
bed lamp ideas,2919
black tv stand decor,2118
olive green curtains,5947
luxurious tv unit design,671
3d butterfly wall art,4431
coffee stand ideas,6035
mid century wall unit,9133
boho area rug,3451
stand design ideas,4444
book stand design,6085
ceiling fan chandelier,6087
tv unit room,1013
dress to impress red carpet theme,9093
bookshelf with desk,2069
western wall art,9084
iconic red carpet looks,9056
vertical wall art,9046
gym wall decor,6719
pooja unit door design,9031
new tv unit design,9027
lack wall shelf,9025
elf on the shelf bathroom ideas,4242
bamboo wall art,2994
pink area rug,4581
hot dog stand,6996
plant shelf in front of window,8982
wall tv unit design modern,8975
fish tank stand,6439
curved tv unit,6341
tv unit decor modern tv cabinets,8957
yarn wall art,8953
floating shelf ideas,8944
red wall art,8932
acnh rug code,3295
room shelf decor,3950
himalayan salt lamp,8888
girl desk setup,1910
stand by me aesthetic,8885
preppy wall art,5643
elf on the shelf pranks,3277
clay phone stand,8864
behind sofa wall decor,8859
gold candle holder,5630
tv wall art,2492
cosmetics display stand,8826
red carpet dresses elegant,8823
dog wall art,5849
long mirrors in bedroom,592
small wall decor,8812
rug on wall,5414
bedroom shelf ideas,8807
photography backdrop stand,6886
classroom wall art,1880
corner plant shelf,8795
ikea nightstand hack,7211
teen wall decor,2837
christmas tree stand,5518
hello kitty rug,6786
boy nursery rug,2885
feather wall art,3223
wagon wheel chandelier,8333
dining room chandelier ideas,8732
open shelf design,6088
curtains for grey walls,4463
taylor swift wall art,6471
2 elf on the shelf ideas,8710
black iron chandelier,1950
lamp japanese band,8696
home office chandelier,1601
shabby chic curtains,5577
baby book shelf,8691
origami wall art,8682
above door shelf,2539
aesthetic room wall decor,8670
over tv wall decor living room,5346
faux cowhide rug,1205
curtains for arched windows,8647
luxury wall art,5233
art deco wall,4425
bathroom mirror makeover,6725
mirrors justin timberlake,6214
music wall art,6691
wall art design,8620
elf on the shelf last night,3702
bed shelf ideas,2069
shower ledge shelf,4733
masculine wall art,5597
low ceiling chandelier,2442
nativity scene crafts,6958
large wall behind couch decor,8547
beach wall decor,4050
to unit design,6752
arch wall decor,3380
two shower curtains,5644
high ceiling curtains,6686
tiffany style lamp,4392
pink room wall decor,2609
lamp sketch design,2291
wire wall art,8503
gold curtains bedroom,1897
green grass wall decor,8482
wall art light,1804
outdoor lamp posts,4604
wallpaper staircase wall,3915
wood desk lamp,1623
rug decals berry ave,4736
extra large wall art,8455
arch mirror bathroom,5817
iron stand ideas,5452
blue carpet texture,8436
wood table lamp,3398
wall art above couch,3121
sheer and blackout curtains together,3050
printable wall art quotes,4918
elf on the shelf ideas funny hilarious bad,8414
night stand lamp,3327
murano glass chandelier,8408
hiphop unit seventeen,8403
wall lamp bedroom,2754
baby wall decor,3013
travel wall decor,5510
penny rug patterns,8391
royal blue curtains,2294
bookshelf styling living room,8376
perfume shelf ideas,5360
dog bowl stand,8356
bedroom window curtains,8353
bohemian wall art,3445
3 tier stand decor,8338
black white carpet,840
tv unit with wardrobe master bedrooms,5431
black curtains bedroom,8300
tv unit with temple,5192
dog pee smell out of carpet,3382
seventeen vocal unit,8284
tv stand styling,8277
4 side open exhibition stand design,8253
study unit designs,8253
circle wall art,5125
switch board painting wall art,8251
vrouwelijke rug tatoeages,8250
l desk setup,7596
gold floor lamp,4341
kitchen island chandelier,3198
foyer chandelier 2 story,8224
flower candle holder,3008
sunset lamp aesthetic,6802
floor lamp ideas,8201
hobby lobby wall decor,1751
street lamp in the fog,8196
grid wall decor,5015
floral chandelier wedding,3740
dark grey rug,1874
framed wall art,8189
wall aesthetic decor,8187
simple tv unit designs for living room,8175
mens wall art,1633
glass shelf ideas,5822
egg stand roadside,5850
rustic wall art,5078
bookshelf organization ideas,8152
baby wall art,3036
salt lamp decor,3233
dark wood nightstand,3218
pottery wall art,8135
textile wall art,8126
night lamp aesthetic,6671
tv unit living room,8107
elf on the shelf im back ideas,8106
stylish curtains living rooms,8094
navy blue curtains,5863
small crockery unit design,7161
kitchen counter lamp,5753
rug size guide bedroom,8045
roll up curtains,8043
first day elf on the shelf ideas,8025
fall seven times stand up eight,8017
wall of mirrors ideas,1737
painted bookshelf ideas,753
burnt orange curtains,5145
brown curtains bedroom,7990
water tank stand,2974
fall tv stand decor,4038
playroom wall art,5327
hostel wall decor ideas,6043
room of mirrors,1508
living room wall art ideas,7917
bookshelf above couch,872
artist desk setup,4030
bookshelf living room,7899
wall bookshelf ideas,7894
narrow wall decor,2717
modern carpet texture,7877
canvas wall decor,3537
cell the unit of life notes,4740
fun wall art,7871
interior wall art,3206
pink and blue rug,3131
kitchen wall art printables,7862
dimensional wall art,7857
short curtains bedroom,7856
orange curtains bedroom,3068
crockery unit with wash basin,4776
acrylic wall art,4972
wall art 3d warehouse,3863
easy elf on the shelf craft ideas,7799
prayer unit design christian,7796
shelf decor bedroom aesthetic,7789
lemonade stand poster ideas,7779
hanging tv unit,5017
tv unit with desk,2910
kpop desk setup,7765
traditional tv unit,6310
wall decor drawings,3292
kitchen curtains ideas,7743
rag rug tutorial,7733
wall decor dining room,7730
bedroom wall decor inspiration,7718
long horizontal wall art,7717
board and batten wall with wallpaper,7714
books on shelf,5557
decoracion de stand feria escolar,7696
curtains over shutters,3063
wall wallpaper texture,7691
crockery unit ideas,6687
elf on the shelf ideas arrival,7676
church wall decor,5205
floating shelf above bed,7660
carpet tiles ideas,2606
wire shelf makeover,7651
ikea omar shelf,5560
round wall art,7637
book shelf design modern,7603
linear pendant light,6896
glass crockery unit,3974
lamp post drawing,6048
front door rug,5406
half wall wallpaper,5044
cozy wall art,2480
bathroom wall art printables,5381
black floor lamp,4898
goth wall decor,2665
room inspo wall decor,2500
bow wall art,2306
no nightstand ideas,1271
home wall art,5902
french wall art,2090
work from home desk setup,7538
kids art display wall,5210
curved wall decor ideas,7525
bedroom curtains aesthetic,7522
bathroom mirror pics,6365
vintage desk setup,7513
dining room rug ideas,7512
best carpet for stairs,7506
front porch rug,3284
selena gomez red carpet,7504
black and white curtains,7502
magic lamp tattoo,1341
persian carpet living room,6249
pom pom curtains,7484
tv stand bookshelf,2242
carpet stair treads,5388
white curtains aesthetic,5078
plant wall art,3089
simple pooja unit,7458
elf on the shelf poop,4464
hiasan stand bazar sekolah,7455
storage unit organization,5541
bookshelf refurbish ideas,5962
golf wall art,3824
office bookshelf decor,7434
rug tufting design,841
led wall decor,3107
curtains in bedroom,7423
yellow wall art,3677
cafe wall decor,4487
how to make curtains,7413
office rug placement,2652
shelf organization ideas,7411
small puja unit,980
mountain wall art,4913
wallpaper accent wall bathroom,3985
tv unit design with storage,2830
bathroom pendant light,2839
office wall art ideas,3957
japandi tv unit,5637
skateboard wall decor,4314
staande lamp woonkamer,7375
stand up paddle boarding,5086
art deco rug,4397
shelf in bedroom,2482
rug in office,1286
brown carpet bedroom,4462
laptop stand wood,3290
lego art wall,7310
lamp top view,5344
study lamp design,1877
moody wall art,5056
built in bookshelf,7306
chandelier with fan,2022
goth wall art,2870
carpet design living room,1813
wall book shelf ideas,7291
modern tv stand living rooms,4468
bathroom mirrors ideas,7290
pixel art wall,7282
tile wall art,7281
large chandelier high ceilings,7271
pendant light bedroom,7268
orange wall art,5131
round table rug,1540
boho tv unit,6370
8 ball rug,7240
floating shelf above couch,5051
mirror wall art,6822
fireplace wall decor,4824
mirror tv unit,1630
anime wall decor,4541
cafe curtains bathroom,7208
aesthetic shelf decor,7206
grunge posters room wall art,7186
mural wall art outdoor,2710
study table with book shelf design,5054
circle mirror bathroom,3456
islamic wall art printable,5019
pop wall art,4853
red carpet party outfit,2042
console unit design,4660
bazar makanan stand,7148
round carpet bedroom,1415
bunk bed curtains,5369
book shelf ideas bedroom small spaces,7134
japandi floor lamp,4029
fruit stand ideas,3719
bathroom mirror photoshoot,1897
red carpet room,1736
shelf with hooks,3835
cardboard display stand,7091
elf on the shelf easy ideas,7084
tv wall unit designs,7081
jojo stand oc,7063
farmhouse tv stand decor,3186
brown rug texture,2940
floating bookshelf wall,4708
modern pooja unit,7042
wall light decor,3053
shoe stand design,2847
sea wall art,1858
window sill shelf,2278
red carpet men outfit,1311
mandala wall decor,7020
cloth drying stand,4878
vintage lace curtains,4134
creative lamp shades,5014
outdoor mirrors garden,3861
bookshelf with lights,1089
introducing elf on the shelf first time,6955
bedroom tv stand,4527
balloon stand ideas,6943
blue and green curtains,6931
microwave wall shelf,3426
brass wall art,4488
green couch rug,1677
elf on shelf arrival ideas,6916
capiz shell chandelier,6913
stand collar blouse indian,6904
shelf over desk,1989
laundry room shelf ideas,6901
dining room rug size guide,4241
bed stand ideas,3807
postcard wall decor,6878
shoe shelf ideas,2612
wall decor for bedroom,6873
poloroid pictures ideas display wall art,6871
country wall decor,2549
string wall art,6869
fish wall art,6863
doraemon stand by me,6863
circle wall decor,3263
cotton candy stand,6855
outdoor bamboo curtains,1492
brass floor lamp,3730
motivational wall decor,6833
black carpet bedroom,6830
fall wall art,6830
bedroom nightstand decor,6825
dresser as nightstand,6266
mid century chandelier,3217
porch wall decor,5059
tv shelf decor,4445
stand banner design,4293
room wall art,6789
letter wall decor,2637
minimal tv stand,3303
vintage bathroom mirror,2778
boho basket wall art,4964
red curtains bedroom,2608
open shelf pantry,6752
elf on the shelf leaving ideas,6743
ikea kids bookshelf,1968
curtains bedroom aesthetic,6738
winter wall art,6730
kitchen rug placement,4834
stand alone pantry,2147
wabi sabi lamp,5462
messy curtains hair men,6718
arabic wall art,4255
jharoka wall decor,6706
tiffany lamp tattoo,6705
wicker wall decor,6704
lamp slaapkamer plafond,3749
chalk wall art,4394
living room bookshelf,6696
men wall decor,1604
6x9 rug living room,1680
blue curtains bedroom,6685
mid century nightstand,2859
bookshelf with ladder,4208
amish knot rag rug how to make,6661
vintage tv unit,5042
elf on the shelf candy cane ideas,4367
carpet cleaning solution,2390
wall art for living room,6637
neutral area rug,2002
tropical wall art,6632
lego shelf ideas,6631
herringbone stair carpet,1548
rug design ideas,6627
mac desk setup,1411
arched floor lamp,5295
bookshelf divider wall,6613
elf on the shelf ideas welcome back,6611
fall wall decor,6611
shelf behind bed,4493
wood pendant light,5098
aesthetic tv stand,3310
heart wall decor,4654
walnut tv stand,6606
cute shelf decor,6601
stand on business,6598
whispy curtains bangs medium hair,6596
black pendant light kitchen,5389
wall decor bedroom aesthetic,6595
black metal wall art,4040
country style curtains,2862
entry chandelier entryway,1770
red carpet prom,2764
two elf on the shelf ideas,6559
stand up desk,3938
closet with curtains for doors,6547
beige wall art,4426
super easy elf on the shelf ideas,6542
candle stand decor ideas,6542
curtains over closet,4155
living room bookshelf decor,6538
doja cat red carpet,6537
easy wall art,6534
floating book shelf,3630
rug wallpaper iphone,2100
flush mount chandelier,3531
mustard yellow curtains,2729
clay photo stand,6523
pastel wall art,2602
wonyoung red carpet,6521
sports wall art,3565
navy wall art,2427
lamp boven eettafel,5199
shelf in kitchen,3364
wine shelf ideas,6501
blue pattern curtains,6497
tv unit ideas living room modern,6490
restaurant wall decor,3947
window pane ideas wall decor,6485
kids wall bookshelf,1984
tiffany lamp aesthetic,6482
clean desk setup,6481
2000s red carpet,2615
contemporary lighting chandelier,6471
surf curtains hair men,1452
vintage flower lamp,6456
backlit bathroom mirror,3581
tv unit design simple,6446
rattan tv unit,6446
perfume display shelf,3099
paper wall art,6427
industrial wall art,3065
jenna ortega red carpet,5258
dual monitor desk setup,3439
old candle holder,1275
rug in bedroom how to place,3211
ceramic cake stand,4487
board game shelf,6377
porch curtains outdoor,3140
boho floor lamp,4573
antique wash stand,3548
for lovers lamp,6367
girly elf on the shelf ideas,6366
four poster bed with curtains,6365
red carpet dti outfit,6363
velvet curtains living room,4936
hexagon wall art,2634
dining table carpet,2754
christmas lamp post,3736
pen stand painting ideas,6347
white sheer curtains,6332
roman curtains bedroom,2778
apartment wall art,6321
stand para fotos,6319
aesthetic bookshelf ideas,6316
college desk setup,4037
moon light lamp,3077
pendant light over sink,1539
laundry wall art,1844
area rug under dining table,2025
tall shower curtains,3678
unit 1 evangelion,713
photo stand ideas,6298
tv unit minimal,6297
kitchen window shelf,3483
red velvet curtains,4353
street lamp wallpaper,6283
kindergarten wall decor,1837
tv unit table,4411
handmade wall decor,6264
desk shelf ideas,2847
living room shelf decor ideas,6232
classic tv unit,5467
wall wallpaper texture seamless,6213
big wall decor,6194
newspaper wall art,2137
tv unit with dressing,3127
double rod curtains,3882
red carpet texture,6183
tv unit with puja unit,6180
bathroom mirror shelf,1315
hula hoop rug,6178
stand de galletas,6170
wooden candle stand,6166
bookshelf styling with books,6165
front porch chandelier,636
last night elf on the shelf ideas,6163
ceiling lamp shades,3771
tv unit indian style,1066
stand decoration ideas,6147
white bookshelf aesthetic,6143
ikea shelf hack,6143
outdoor plant shelf ideas,6140
mid century wall decor,2194
bedroom wall shelf ideas,6124
neutral curtains bedroom,1612
old bookshelf aesthetic,1214
fake leaves wall decor bedroom aesthetic,6107
microwave stand ideas,2446
fake leaf wall decor,3769
carpet top view,6100
stand pose reference,6088
fire escape shelf,6087
bedroom tv unit with study table,873
stand de cafe,6080
wardrobe shelf design,3484
crochet candle holder,3993
dark grey carpet living room,6071
modern chandelier high ceiling,6066
90s red carpet dresses,6062
stone wall art,6059
led wall lamp,6057
tv wall decor living room modern luxury,6056
sectional rug placement,1428
christian wall decor,3077
sofa with bookshelf,462
wall home decor,6047
low tv stand,3131
lamp wallpaper iphone,6043
fireplace tv stand decor ideas,4038
velvet curtains bedroom,4402
cottage wall art,1805
tv unit with book shelf,4046
liquor shelf ideas,3256
bamboo wall decor,6017
rattan floor lamp,3865
study room wall decor,3996
wood desk setup,3030
white crockery unit,813
long shelf decor,6001
pallet tv stand,4100
nightstand color ideas,445
classic carpet texture,5985
tv unit simple design,5984
picture shelf ideas,5983
hanging curtains higher than window,5977
cute elf on the shelf outfit ideas,5976
french lace curtains,5976
window seat curtains,2529
pink carpet bedroom,3132
tie up curtains,4000
drill press stand,5958
etsy wall art,5956
accent wall decor,5952
carpet bedroom ideas,5950
stand lamp living room,1917
wall art layout,2818
bamboo beaded curtains,5940
home bar unit,1348
islamic frames wall art,5938
book journal bookshelf,1330
ceiling track curtains,3879
hollywood red carpet,4116
rug wall hanging,3859
fiber art wall hanging,5921
stand up for yourself quotes,5917
bookshelf above door,643
water dispenser stand,3729
italy wall art,1774
kitchen shelf design,5905
roblox rug decal codes,4050
1st day elf on the shelf ideas,5900
living room tv unit designs modern luxury,5886
runner rug entryway,3647
empty wall decor,3851
decorate tv stand,2970
tv unit shelves,2204
drawing room tv unit,1416
small tv unit design,5872
display shelf ideas,3026
stairwell wall decor,1866
black lace curtains,2742
storage unit ideas,1242
chic wall art,4058
mini fridge stand,5824
cube shelf ideas,5823
over the sink shelf,5820
white tv stand living room,5816
digital wall art,5809
arch tv unit,5808
painting on mirrors,1022
bedroom curtains master,5807
lotus flower lamp,4548
wall mounted book shelf ideas,5802
rug under sofa,1575
couple desk setup,3637
curtains behind couch,4112
kallax tv stand,5780
living room rug layout,1128
night light lamp,2872
vanity shelf ideas,5765
kids room rug,4145
living room divider with tv unit,5760
studio unit condo design,5754
dining pendant light,3140
sage green wall art,3784
roadside bakery stand,5738
kids lemonade stand,5737
green carpet texture,5730
wallpaper in wall,1213
high curtains living room,5727
wood ceiling lamp,5725
nativity scene drawing,5288
lamp behind couch,1865
armor stand minecraft,3731
shelf on wall,2919
inspirational wall art,5708
tv unit drawer,1798
floor lamp living room,5695
industrial tv stand,5693
flower lamp shade,5691
nursery floor lamp,4400
ceramic pendant light,5688
angel candle holder,638
bookshelf in kitchen,1769
short curtains living room,5683
handarbeit stand ausstellung,5681
couple of mirrors,4893
long bathroom mirror,1358
rug making ideas,5666
elf on shelf arrival ideas first time,5665
sims 4 bookshelf,1380
bedroom desk setup,3656
cat wall art,5659
wooden bookshelf design,5658
black bathroom mirror,3581
candle holder ceramic,4409
wrought iron wall art,3396
tv unit design for bedroom,5652
wooden lamp ideas,5642
grey tv unit,4969
bird wall art,3342
black out curtains bedroom ideas,5630
shelf above headboard,5621
christmas nativity scene display,5621
toilet paper roll wall art,5618
guest room wall decor,3037
elegant curtains living room luxury,5602
cream carpet bedroom,2792
stand de matematicas,5594
puja unit design on wall,2074
stand de madera,5593
large bookshelf styling,2254
watercolor wall art,5581
wall slats decor,5577
sit stand desk home office layout,5573
pantry shelf ideas,2994
nordic wall art,1561
minecraft shelf ideas,5564
madison beer red carpet,5564
moroccan wall art,3676
globe pendant light,3229
extra long curtains,1617
paper mache lamp,5558
understairs tv unit living rooms,5557
turkish mosaic lamp,5552
olive green rug,5548
chandelier 3d warehouse,5548
lippan art mirror wall,5545
market stand ideas,5544
shoe unit design,2235
woonkamer lamp plafond,3123
farmhouse shelf decor,3460
kitchenaid stand mixer,3007
wall shelf ideas bedroom,5523
small shelf styling,2479
mural wall art creative,5513
dark blue carpet,3012
pampas grass wall decor,5503
drawing ideas for wall decor,5502
crochet rag rug,5502
bedroom paintings canvas wall art,5492
farmhouse tv stand,5475
elf on the shelf drawing,5474
entryway wall art,3111
stand de comidas decoracion,5463
lamp decoration ideas,5462
mirrored nightstand bedroom,562
forest wall art,5456
tall wall decor,5455
shelf room divider,2054
small bathroom shelf ideas,5454
sunflower wall art,3776
navy blue rug,3455
queen bed rug size,2498
living room with carpet,5448
quick elf on the shelf ideas last minute,5447
carpet store design,2663
mirror sticker wall decor,5437
kallax tv unit,4830
ikea donut lamp,5418
indoor outdoor rug,913
crockery with pooja unit,1435
black curtains bedroom ideas,5396
cute desk lamp,2964
college wall art,5395
curtains on wall no window,2877
2 screen desk setup,1447
slanted wall decor,5388
green rug bedroom,5382
modern chandelier dining room,5378
linear chandelier dining room,5376
oscar red carpet gowns,1477
patterned stair carpet,3256
cow hide wall decor ideas,5366
shoe stand ideas,5363
room wall decor bedroom,5361
sick elf on the shelf ideas,5361
mirror stand ideas,5355
chandelier over dining table,834
easy elf on the shelf ideas last minute,5353
corner pooja unit,2121
outdoor nativity scene,5344
red carpet decorations,3054
soccer wall art,2269
6 unit apartment building plan,764
fiber wall art,5337
neon wall art,5336
hot cocoa stand,5335
krishna wall art,3003
rug texture pattern,3072
kitchen runner rug ideas,5329
floating shelf decor bedroom,5327
red vintage rug,5325
headboard shelf ideas,3173
lamp design ideas,2503
first day of elf on the shelf ideas,5310
cool wall decor,5303
dressing unit with storage,5301
bedroom decor wall,5298
resin name stand,5297
floor is lava elf on shelf,3048
animal print rug,4152
unit conversion chart,4656
living room decor wall,5283
shelf decor aesthetic,5283
mandir unit design,4340
surf wall art,1949
coding desk setup,2581
victorian wall art,2098
empty bookshelf wallpaper,3945
kitchen wall decor ideas modern,5257
sleek tv unit,2933
rug layering bedroom,1224
welcome elf on the shelf back,5247
shose design shelf,5242
funny wall art,5239
above dresser wall decor,5237
green velvet curtains,5231
wall art ideas bedroom,5230
no rug living room,1788
led shelf lighting,5221
stand feira criativo,5211
carpet size guide bedroom,817
bar wall decor,3337
study table bookshelf,843
ikea tv stand hack,5198
cpap nightstand ideas,5194
zebra rug bedroom,1654
bamboo pendant light,5187
3d plaster wall art,5186
turkish carpet wallpaper,5185
media wall decor,1854
crochet curtains free pattern,5173
easy funny elf on the shelf ideas kids,5170
intensive care unit,5170
wall decor design art ideas,5169
modern desk lamp,2084
old lamp shades,1947
interior wall decor,5167
outdoor plant stand,2730
wall arches decor ideas,5157
white carpet bedroom,2135
wall decor design living room,5154
wicker pendant light,2566
curtains for green walls,2005
tv unit with door,3093
pen stand ideas,2466
farmhouse living room rug,1628
dog wall decor,1897
country farmhouse wall decor,5136
toilet paper stand,2698
display unit design,5128
leopard print rug,5126
nativity scene display,5126
tv wall decor luxury,5123
shelf painting ideas,5123
room bookshelf ideas,5121
cottage core curtains,5121
table lamp drawing,5121
laundry basket shelf,5118
fitness wall art,5117
dark brown carpet,3089
eclectic wall decor,5114
dinner table lamp,3335
shelf storage ideas,2561
carpet for room,1922
stand up paddeln,5107
stand collar blouse,5104
tuft rug design ideas,5103
kitchen counter lamp ideas,3055
stand up comedy aesthetic,5100
blue carpet living room,5096
tree shaped bookshelf,741
elf on the shelf baking ideas,5094
bullet journal bookshelf,2433
modern standing lamp,2695
christmas curtains living room ideas,5083
fish wall decor,2687
plaster of paris wall art,5079
bed curtains aesthetic,5076
book stand ideas,5076
mac mini desk setup,5076
grey wall decor,3329
printer tray wall decor,5071
night stand makeover,5070
cowhide rug bedroom,3739
elf on the shelf departure ideas,5061
family tree wall art,5057
carpet on wall,4194
window shelf ideas,2939
tv unit with bar,1633
round pendant light,2715
selfie stand ideas for school,5044
button wall art,5042
stocking holder stand,5042
rug on top of carpet,3247
female wall art,2053
red carpet 2026,4223
hot wheels shelf,5037
rug inspo bedroom,1981
karina red carpet,5036
round wall decor,5035
snow cone stand,5035
margot robbie red carpet,5033
angelina jolie red carpet,5033
vintage wall decor ideas,5029
spackle wall art,5029
stand de velas,5027
turkish rug bedroom,1268
hallway wall art,2864
red rug bedroom,4118
bookshelf under stairs,2948
homemade wall art,5016
lemonade stand aesthetic,5012
rug cleaning videos,2924
wine cork candle holder,403
purple curtains bedroom,3098
wall decor for living room,5007
iron wall art,2748
gray carpet bedroom ideas,5003
bathroom mirror sconces,646
book shelf ideas bedroom,5001
unique elf on the shelf ideas,5001
small wall shelf,2616
long wall decor,4997
doodle wall art,2590
wallpaper wall living room,4993
elf on the shelf banner,4988
blue carpet bedroom,4987
modern bathroom mirror,4984
engine control unit,4984
pantry shelf spacing guide,4983
mobile farm stand,4982
cool shower curtains,4981
nature wall art,4980
arched wall decor,4973
moon wall decor,4962
short window curtains,4956
high ceiling wall decor living room,4956
light blue curtains,4954
small tv unit design modern bedroom,4947
wood bathroom mirror,1518
unique metal wall art,4937
bold wallpaper accent wall,2685
bookshelf with plants,2062
ikea tv unit hack,1426
record wall art,4933
dark carpet bedroom,4928
hanging shelf decor,4923
color coded bookshelf,2163
how to organize a bookshelf,735
kids room bookshelf ideas,4918
onam flower carpet,1800
shelf lighting ideas,4908
dj stand design,4907
please stand by,4897
shelf over couch,2857
floating wall shelf,2590
office carpet texture,4884
lamp drawing easy,3112
industrial lamp design,4874
stylish floor lamp,4871
kitchen shelf decor ideas,4865
tv and desk wall unit,4865
bathroom shelf organization,4864
canvas wall art living room,4854
trendy shower curtains,4852
curtains over vertical blinds,1788
jute wall decor,4847
floating nightstand ideas,768
shelf placement ideas,2751
filet crochet curtains,3372
board and batten with shelf,2548
bookshelf in living room,4836
dark desk setup,4240
pink wall art prints,4832
small farm stand,4829
album cover wall decor bedroom ideas,4828
wire shelf cover,4827
stand de bijoux,4823
wine bottle lamp,2927
ceramic wall art tiles,4818
outside wall decor,4809
tiebacks for curtains ideas,1992
decoracion para stand de feria,2664
boys room curtains,2730
wall art prints black and white,1610
green desk setup,4111
laser cut wall art,2592
bazares stand creativos,4789
wall installation art,2742
staircase chandelier modern,4216
stand by me tattoo,4787
wall shelf styling,2116
best carpet for bedrooms,4784
shelf wall ideas,4773
kids art gallery wall,4773
ikea bookshelf ideas,4772
greenery wall decor,2838
bloxburg wall decor,2592
front door wall decor entryway,1980
marriage wall art,4762
bathroom rug placement,4761
antique tv stand ideas,4755
2026 elf on the shelf ideas,4752
lisa red carpet,4749
black shelf decor,4747
modular tv unit,1723
window sill plant shelf,4745
perfume stand display,4745
farmhouse wall mirrors,443
living room wall decor ideas modern,4740
organic pendant light,3665
statement wall art,4731
oversized wall art living room,4730
vintage lamp aesthetic,4727
empty frames on wall decor ideas,4726
y2k wall art,2621
gamer wall art,2327
sims 4 carpet cc,3889
indoor plant shelf ideas,2493
gamla stand design,4717
product display stand,4715
ladder bookshelf decor,3399
grey couch with rug,1151
painted nativity scene,521
window with curtains,4708
quirky wall art,4707
nail polish shelf,4707
wall panel wallpaper,822
painted nightstand ideas,2132
horse wall art,4693
large bathroom mirror ideas,4692
mobile stand ideas,4692
circle mirrors on wall living room,4688
boho shelf decor,4688
modern shelf decor,4684
linen curtains bedroom,4684
Temple Wall Art,4681
cow rug bedroom,1332
bathroom frames decor wall art,4673
paper lamp shade,1969
carpet aesthetic room,1755
large wall clock decor ideas,4663
roadside flower stand,4662
lamp art draw,1311
mural wall art interiors,4660
met gala red carpet,3154
tv stand bedroom,4651
vinyl wall art,2884
soft and wet jojo stand,4642
homemade tv stand,4641
toilet wall decor,1830
piano wall decor,1999
flowers stand design,2613
big tv unit design modern,4636
tv stand console,4635
kids room carpet,3820
embroidery frame wall decor,4632
shelf stable meals,4631
hello kitty wall art,2624
stand de tiro,4624
boho rug living room,2981
ghost candle holder,784
couple red carpet,2091
driftwood wall decor,4599
paper mache shelf,4599
kids bookshelf ideas,4596
shelf above stove,4589
wall shelves decor,4587
carpet ideas bedroom,4587
elf of the shelf ideas easy,4585
wooden jewelry stand,4583
art wall living room,4582
ikea fado lamp,4578
scandinavian tv unit,4576
4 unit apartment building plans,4574
glass door bookshelf,750
partition wall with tv unit,4572
easel tv stand,4572
small bookshelf inspiration,4571
stand para ferias,4571
ipad desk setup,4571
basket wall art,2674
double vanity mirrors,927
curtains for blue walls,2898
anime wall art bedroom,2215
bedroom tv unit design small spaces,4559
stand salon exposition,4555
simple tv unit design modern living,4554
bookshelf decor ideas,4551
mid century carpet,1926
tv unit back wall design,631
podium design stand ideas,4549
black carpet living room,4548
brass pendant light,4546
picture shelf wall,2363
red carpet event,4544
laptop stand for desk,4543
bookshelf aesthetic wallpaper,4542
tv unit modern luxury,4540
baby room curtains,2777
built in shelf decor,4536
room decor photo wall,2152
metal sculpture wall art,4534
vertical wall decor,4534
carpet trends 2026,1748
laundry room shelf decor,4533
bathroom corner shelf,4532
decal wall art,4531
stairs tv unit,685
farmhouse bathroom mirror,1552
shelf decor kitchen,4521
wall art black and white,4518
sun wall art,2705
phone stand design,4515
rug under king size bed,3724
purple wall decor,4510
sea glass chandelier,4503
grey carpet texture seamless,2630
tv unit small space,4498
hot chocolate stand,4496
hidden ac unit,4493
marble wall art,2594
mirrors above bed,1604
mirror and shelf wall decor,4483
living room with carpet floors,4483
chandelier for stairs,653
white fur rug,1387
powder room wall art,1727
lotus wall art,4476
cherry wall art,2641
wall pooja unit,1044
wall art pictures,4475
dua lipa red carpet,4471
spider man elf on shelf,2106
wood cupcake stand,2008
pendant light 3d warehouse,4466
washi tape wall art,4460
4 mirrors on wall decor,530
black pendant light,4450
hot picture ideas mirror bathroom,4445
terracotta wall art,4444
ceiling lamp design,4442
boho wall art living room,2444
media wall unit,4435
japanese paper lamp,4435
3 panel wall art,2728
stand de navidad,4434
living tv unit,4428
wall street wallpaper,4420
entry runner rug,2101
new elf on the shelf ideas,4411
black velvet curtains,2553
oil lamp tattoo,4408
bedroom runner rug,2209
flohmarkt stand gestalten,4407
aespa red carpet,4406
stand de las emociones,4402
tv unit panel,3709
mirror bathroom ideas,4400
hall of mirrors,4399
polaroid ideas room wall decor,4395
cross wall decor,4388
sit stand desk,3948
curtains for kitchen window ideas,4384
floral curtains living room,4384
cannes red carpet,2722
outdoor wall decor ideas,4381
shoe shelf in closet,4379
blue area rug,1942
corner plant stand,4377
glass table lamp,4377
vinyl player stand,2308
jennifer aniston red carpet,1549
green table lamp,3055
wooden corner shelf,4371
aesthetic book shelf,4369
moody bedroom curtains,2858
sticky notes wall decor,4362
pendant light design,4361
game room wall decor,1752
block print curtains,4355
pooja room with tv unit,1301
wall art green,4353
living room tv stand decor ideas,4351
dekorasi stand bazar makanan,4350
plaid curtains bedroom,1473
tension rod curtains,4347
entry way chandelier,683
metal shelf design,4345
luxury chandelier living room,4341
college wall decor,4338
personalized wall decor,4333
stairs wall art,1602
unique bookshelf design,4330
men desk setup,1434
french country wall decor,4322
bracelet stand ideas,4321
wall art piece,4317
bathroom vanity mirror ideas,4316
tv unit decor living room,4315
small bathroom mirror ideas,4306
behind the bed wall decor,4306
small wall tv unit design,4304
wall shelf unit,2601
dark carpet living room,4297
modern rug texture,3347
l shape tv unit design,3566
advent candle holder,4292
shutter wall decor,4292
home wall decor ideas,4290
arc lamp living room,1906
kitchen lamp ideas,2661
oscars red carpet,2914
corner unit kitchen,1941
round rug under kitchen table,4276
rev a shelf,4275
organic modern chandelier,3517
gold metal wall art,4271
bamboo blinds with curtains,4269
study table lamp,4268
stone tv unit,2580
jojo stand pose,4257
how to stand in pictures,4257
moulding tv unit,2728
bookshelf fireplace wall,586
blue rug bedroom,4255
red persian rug wallpaper,2649
nursery wallpaper accent wall,3303
wallpaper lower half of wall,509
gallery wall decor,4253
cow print rug,2975
elf on the shelf arrival ideas first,4248
aesthetic bookshelf decor,4242
stand de dulces,4240
love wall art,2420
mirrors above bedside tables,828
cream rug bedroom,1260
ac unit cover,4232
master bath chandelier,634
stand de bebidas,4230
sheers curtains living room,4222
modern bedroom tv unit,648
set of 2 wall art,4216
white rug texture,1478
pom pom rug,4215
grunge wall art,1694
bed side wall decor,4210
full wall curtains,4209
timothee chalamet red carpet,4209
tv unit drawing,1020
farm stand plans,4204
metal tv stand,4202
wallpaper for office wall,4194
off white curtains,4193
witchy wall art,2000
punch needle wall art,4191
t v unit living rooms,4191
aladdin magic carpet,2310
dark green rug,4189
carved wall decor,1923
elf on the shelf notes,4183
tufted wall art,4183
qr code stand,4181
funky wall decor,4177
white shelf decor,4177
toddler wall decor,2230
butterfly wall decor bedroom ideas,4172
tv stand decor bedroom,4160
birthday elf on the shelf ideas,4159
navy curtains bedroom,2069
dark rug living room,4157
best curtains for living room,4155
aquarium stand ideas,4154
basement window curtains,4149
sydney sweeney red carpet,4149
selfie stand decoration,4149
mid century floor lamp,4148
wood wall art ideas,4146
grey tv unit living room,4145
islamic wall art living rooms,1681
Asian Wall Art,1752
modern tv unit design tv walls,4137
sims 4 tv stand,1950
wood candle holder,1505
blue wall art bedroom,1914
wall candle holder,3056
spring wall art,1871
mirrors over couch,542
console tv unit,2487
accessory dwelling unit,4127
arc floor lamp,4127
small bathroom wall decor,4124
office chandelier ideas,4118
crochet lamp shade,4118
lamp in bathroom,4115
chandelier wedding decor,4114
cnc wall art,2136
night stand styling,4103
photo frame stand,2204
sliding bookshelf door,3574
hailey bieber red carpet,4096
bathroom mirror selfie poses,3123
bookshelf living room ideas,4090
tv unit for small living room,4085
kpop wall decor,4085
flower floor lamp,4082
art nouveau lamp,4080
above desk wall decor,4078
crochet mug rug,4078
positive wall art,4078
men red carpet looks,1869
red carpet decoration ideas,858
cake pop stand,4077
wall art painting ideas,4075
bookshelf phone wallpaper,4074
crochet wall art pattern free,2117
outdoor metal wall decor,4071
vanity mirror ideas bathroom,4067
best tv unit designs for living room,4066
pvc backdrop stand,4061
framed bathroom mirror,4060
fake grass wall decor,4058
living tv unit design modern,4054
long mirrors in living room ideas,4046
rug under bed placement,4045
elf on the shelf costume,4045
balcony door curtains,1877
organized bookshelf aesthetic,624
dining room wall decor ideas modern,4040
wall to wall carpet,4039
night stand organization,4034
cat candle holder,3611
fan wall decor,2219
lamp post tattoo,1966
corner floor lamp,4029
makeup wall art,4025
tv floor stand,4024
wall art living room decor ideas,4023
angel wings wall art,1574
tv unit top view,4021
puzzle wall art,1939
cow wall art,2124
creative wall art,4014
metal pendant light,1857
horizontal mirrors on wall,779
curtains for white walls living room,4010
brown wall art,4010
dark green bookshelf,2562
how to decorate a bookshelf,4008
tv stand with storage,4007
record player stand aesthetic,4006
basement carpet ideas,4006
room with wallpaper accent wall,599
room wall decor aesthetic,4002
red carpet birthday party,1092
silly elf on the shelf ideas funny,3998
wall mirrors set,3994
brick wall art,3994
nursing unit bulletin board ideas,3990
ergonomic desk setup,3989
man cave wall art,1760
last day of elf on the shelf ideas,3985
floating bedside shelf,3985
arch bookshelf built ins,1874
cow skin rug,1782
carpet cleaning hacks,3980
windmill wall decor,3980
floating shelf styling,3978
glass candle holder,2415
wabi sabi tv unit,3976
room decor lamp,1018
lava lamp painting,3973
plain wall decor,3971
bathroom decor shower curtains,3970
bathroom standing shelf,3970
curtains as shower curtains,2508
office quotes motivational wall art,3954
scrabble wall decor,3951
cottage curtains ideas,3948
cement wall art,2107
latest tv stand design,3946
side mirrors bedroom,1377
lalali hip hop unit,3943
disney wall art,1990
shelf liner ideas,3941
cardboard ice cream stand,3940
candle sconces living room wall decor,3936
christmas tree box stand,3934
cute bookshelf ideas,3930
vintage lamp tattoo,3928
girls room curtains,2307
chandelier tattoos for women,3923
wall room decor ideas,3922
pastel wall decor,3921
tv unit back panel designs,3919
built in headboard and nightstand,421
wood bead chandelier,1821
nyc wall art,1672
kpop red carpet,3909
modern crockery unit,3908
aesthetic photos for wall decor,3907
chandelier quilt pattern free,3302
tv unit decoration ideas,3906
glass lamp shade,3905
elf on the shelf ideas im back,3904
wall tv unit design tv panel,2499
pattern curtains living room,3901
shelf above washer and dryer,3898
wall crockery unit design,665
hallway shelf ideas,3891
graffiti wall art interior design,3889
lamp boven kookeiland,3888
media unit living room,3885
silver wall art,1914
wallpaper fireplace wall,3349
paper pendant light,3125
wall decor painting ideas,3877
green curtains living room ideas,3876
street lamp painting,3874
messy elf on the shelf ideas,3872
elf on the shelf ideas funny hilarious kids,3871
moroccan rug living room,3870
outdoor lamp post ideas,3868
genie lamp tattoo,3867
hidden bar unit,3865
green pendant light,3241
bottle lamp ideas,2506
cozy bedroom curtains,3862
ikea bookshelf bed,546
bedside lamp aesthetic,3857
elle fanning red carpet,3853
rug ideas for living room,3852
rug top view,3852
handmade creative wall decor,3848
textured wallpaper accent wall,3848
modern kitchen wall decor,3847
tapestry wall art,3847
five gallon bucket garden stand,3847
elf on the shelf last day of school,3846
animal head wall decor,3846
sunset lamp background,3846
shower corner shelf,3845
greeting card display stand,3844
ceiling lamp bedroom,2418
carpet for office,1120
under shelf lighting,3839
aesthetic tv unit,3838
curtains for short windows in bedroom,3838
vintage curtains living room,3835
stand by me wallpaper,3834
cute pen stand,3834
mug shelf display,3833
red wall decor,3831
manga bookshelf ideas,1685
jewelry stand display,3829
stand de libros,3827
tv unit with wallpaper,3825
shelf in shower wall,3819
baby room bookshelf,2033
nursery curtains boy,1999
small space tv unit design,986
dark academia curtains,3810
geometric wood wall art,3807
pendant lamp living room,2247
small shelf ideas,3802
elf on the shelf fishing,3801
gigi hadid red carpet,3801
stand de colombia decoracion,3799
modern tv wall unit,1980
up the stairs wall decor ideas,3798
tv cabinet with pooja unit,3797
double elf on the shelf ideas,3794
dining with crockery unit,1096
aesthetic wall art bedroom,3791
dark blue curtains,3789
small bathroom mirror,3788
how to frame a bathroom mirror,3788
tens unit placement charts,3788
fall bookshelf decor,3787
classical tv unit design,2761
wall art ideas living room,3786
wall art bedroom aesthetic,3786
easy elf on shelf ideas,3785
big window curtains,3785
white nightstand bedroom,3784
king bed rug placement,2375
funny elf on the shelf ideas hilarious,3779
thy word is a lamp unto my feet quote,1252
shelf bracket ideas,3778
madelyn cline red carpet,3773
music wall decor,3769
wall paint designs creative art ideas,3765
rectangle pool with spa and sun shelf,3764
wall decor living room modern,3763
egyptian wall art,3762
shelf above doorway,3757
fake grass carpet,1187
vintage wall art prints,3752
bts red carpet,3752
bedroom one nightstand,440
leopard wall art,3746
acrylic mirror wall decor,3746
yellow wall decor,3744
living room curtains ideas color schemes,3742
loft bed curtains,3742
built in shelf,3741
elf on the shelf introduction ideas,3737
vintage art gallery wall,3737
blue and white curtains,3735
quick easy elf on shelf ideas,3733
charcoal carpet bedroom,2339
easter wall art,1819
bookshelf reading tracker,3727
bathroom two mirrors,579
s fold curtains,2182
elf on the shelf ideas simple,3720
bar wall art,3719
funny elf on the shelf ideas for kids,3718
carpet color ideas,2215
curtains ideas for living room,3715
word wall art,1839
gold cake stand,1831
how high to hang curtains,3714
tv unit with window,2226
shell wall art,3712
bus stand drawing,3712
lamp band wallpaper,3712
white linen curtains,3708
acrylic painting canvas ideas wall decor,3708
lana del rey red carpet,3707
disco ball chandelier,3705
beyonce red carpet,3704
rajasthani wall art,3702
wardrobe with dressing unit,3702
whimsical wall art,1933
big mirrors in living room ideas,3697
backyard wall decor ideas,3697
cinder block plant stand,3697
nativity scene ideas,809
macrame candle holder,3691
dresser as tv stand in living room,3689
elf on the shelf ideas for school,3685
shelf design bedroom,3684
dorm desk setup,2096
milk glass pendant light,3680
colorful prints wall art,1663
tv cum study unit,1643
eclectic bookshelf styling,3673
anime figure shelf,3673
house of mirrors,3666
nativity scene printable,545
simple tv unit design for bedroom,3659
nightstand drawer organization,3659
grey curtains living room color combos,3658
stand patti neck kurti,3658
small rug ideas,3652
coastal wallpaper accent wall,3651
big candle holder,780
corner shelf ideas living room,3647
roman blinds and curtains together,3647
retro wall decor,3646
sims 4 chandelier cc,2488
name wall decor,1704
brick wall wallpaper,2329
wall bedroom decor,3639
chappal stand ideas,3638
small wall tv unit design modern,3637
painting for wall decor,3633
couch wall decor ideas,3633
tv on stand,3632
bookshelf design wall,3626
carpet stain remover,3626
tv unit with fish tank,1880
large canvas wall art,3624
golf wall decor,3622
luxury carpet design,3621
grey carpet bedroom ideas,3619
pichwai wall art,3618
built in tv unit,3616
boys room rug,3613
storage unit office,2776
rug under desk,2226
wall unit decor,900
elf on the shelf scavenger hunt,3611
tv wall unit living room,3610
curtains color combinations,3610
dark curtains living room,3608
dresser tv stand,3605
bedroom with curtains,3603
wall e and eve wallpaper,3603
veneer tv unit,2190
oars on wall decor ideas,3595
cool lamp shades,3595
lady gaga red carpet,3589
drawing room wall decor,3587
expo stand design ideas,3585
curtains for 3 windows in a row,3581
pooja shelf ideas indian,3580
tall curtains living room,3577
room carpet ideas bedrooms,3577
wall living room decor,3575
unit interior design,1132
living wall decor,3571
best elf on the shelf ideas hilarious,3571
unique bathroom mirrors,3571
fluted tv unit,3571
curtains with rings,2112
deer stand plans,3569
red carpet living room ideas,3567
office wall art professional,3567
nativity scene wallpaper,3567
sunset lamp room,3567
floating tv unit living room,804
ripple fold curtains,3566
red carpet poses,3566
long tv unit,3562
jelly cat shelf,3555
scrap wood wall art,3554
dark green carpet,2728
trader desk setup,533
kitchen table rug,3553
poster wall decor,3552
zen wall art,3551
creative elf on the shelf ideas,3549
corner shelf ideas bedroom,3547
stand de paises,3543
modern rustic chandelier,3542
black and white rug living room,3541
wallpaper for restaurant wall,3540
white table lamp,2044
kawaii desk setup,3537
dark area rug,3529
sonny angel shelf,3528
rustic tv unit,3528
outdoor rug ideas,1674
chandelier in stairwell,474
trophy shelf ideas interior design,3523
paint on mirrors ideas,680
puja unit design in living room,3520
rope wall art,3517
funny wall decor,3515
white blackout curtains,1980
curtains in bathroom,3513
modern metal wall art,3508
stand proud you are strong sukuna,3508
whiskey shelf ideas,3504
elf on the shelf coloring pages,3497
window ac unit,1293
wall decor inspiration,3489
entryway rug ideas foyers,3489
carpet room ideas bedrooms,3485
mdf wall art,3483
carpet tiles office,1636
home office rug,3482
ikea lamp hack,3480
mid century modern floor lamp,3479
stand mixer decor,3475
mini canvas art ideas wall decor bedroom,3474
living room area rug ideas,3472
power supply unit,3472
wall storage unit,3468
metal wall art decor,3467
bathroom curtains over tub,3467
stand de accesorios,3466
megan fox red carpet,3464
outdoor brick wall decor ideas,3462
abstract wall art living room,3458
home decor wall art,3454
full wall tv unit interior design,3452
glass tv unit,2762
big mirror in bathroom,3449
creative shelf design,3447
mirrors over fireplace,853
attack on titan poster wall decor,3434
side of tv wall decor,3433
solid wood tv stand,3432
food stand ideas,3430
angle grinder stand,3428
bookshelf with doors,2763
cheetah print rug,3425
tv unit with bar cabinet,3419
bathroom ladder shelf,3419
paper floor lamp,3419
warli art paintings on wall,3418
l shape desk setup,3417
red carpet entrance,3416
fruit stand aesthetic,3414
yoga wall art,3414
led unit designs tv walls,3413
stand out from the crowd,3413
long chandelier high ceilings,3412
lack shelf decor,3412
office wall shelf ideas,3410
bloxburg bookshelf ideas,3409
special victims unit,3405
progettazione di stand espositivo,3404
bookshelf styling aesthetic,3403
luxury window curtains,3401
shabby chic lamp shades,3400
bookshelf styling ideas,3398
nativity scene display indoor ideas,3393
tv unit bedroom design,3392
red carpet photos,940
guitar amp stand,3391
spa wall decor,3387
minimalist curtains living room,3385
cowboy hat wall decor,3382
rattan tv stand,3380
kpop shelf aesthetic,3379
curtains behind headboard,3377
copper wall art,3376
big tv unit,1747
eyeglass holder stand,3373
wall to wall curtains,3370
curtains small window,3367
wall decor items,3364
bergshult shelf ideas,3363
industrial wall decor,3360
elephant wall art,3359
natural jute rug,2172
carpet bedroom decor,1702
elf on a shelf i’m back letter,3356
mirror unit bedroom,3356
stand de italia,3356
black wall art living room,1576
condo unit interior design,3355
above tub wall decor,3351
green rug living room ideas,3349
messy bookshelf aesthetic,3347
stand de productos,3347
entryway shelf decor,3346
pink rug aesthetic,3346
small bedroom wall decor,3344
modern carpet stairs,3344
memory care unit,3343
bathroom lamp ideas,3342
floor carpet design,1066
perfume organization shelf,3339
home gym mirrors,3338
cube bookshelf styling,3337
muslim prayer rug,3334
wooden crockery unit,1042
gray carpet texture,3333
bedroom wallpaper ideas accent wall,3329
foyer wall decor,3327
organic wall art,1710
desk lamp ideas,3324
cozy wall decor,3323
large window curtains,3321
large bathroom mirrors,1117
bookshelf bed frame,3315
refurbished night stand ideas,3315
cross wall art,3312
floor lamp makeover,3310
bookshelf wall living room,3307
wooden flower stand,3307
kitchen wall unit,1436
emma watson red carpet,3305
fishing net wall decor,3304
bookshelf aesthetic bedroom,3301
clothes stand ideas,3300
room tv unit design,3295
carpet to tile transition,2387
photo shelf display,3289
house candle holder,3289
lava lamp room,1400
narnia lamp post,3288
floor length curtains,3286
both stand food,3282
colorful pendant light,3280
toilet and sink unit,2639
3 piece wall art paintings on canvas,3277
library wall decor,3277
tripod floor lamp,3275
natural carpet deodorizer,1059
lounge wall decor,3273
urine smell out of carpet,2058
metal lamp shade,1386
name wall art,3269
stand de carton,3269
oil lamp drawing,3269
tv unit with fireplace modern,2360
gray carpet living room,3264
carpet decal codes,3264
tv unit designs living areas,3263
lily rose depp red carpet,3261
maximalist wall decor,3257
office elf on the shelf ideas,3253
resin candle holder,3253
office tv unit,2656
rug codes bloxburg,3251
indoor entryway rug,3250
blackpink red carpet,3248
above nightstand decor,2841
gray curtains living room,3245
narrow hallway wall decor,3245
wall art simple,3244
bedside shelf ideas,3244
wall hanging crafts home decor,3243
cowhide rug on wall,3242
amber pendant light,510
guitar on wall decor,3239
christmas shelf styling,3238
preppy wall decor,3237
tv unit laminate design,3237
small gaming desk setup,2661
small dining room wall decor ideas,3236
corner wall art,3236
basement wall decor,3235
small bar unit,3232
polymer clay wall art,3231
moon lamp aesthetic,3230
brown curtains living room ideas,3228
candle holder decor,3227
shelf design for shop,3227
shelf talker design,3227
french pleat curtains,3225
pink red carpet dress,1887
wedding wall decor,3224
corner tv stand ideas living rooms,3223
brown tv unit,2539
unique curtains living room,3221
dressing unit ideas,3220
bookshelf color ideas paint,3218
how lucky are we wall art zach bryan,3218
shag rug bedroom,886
stand de postres feria,3213
baby elf on the shelf pictures,3213
bathroom mirrors and lights double sinks,2358
large kitchen wall decor ideas,3208
wabi sabi wall decor,3207
wall art inspo bedroom,3206
resin art wall clock,3204
living room bookshelf ideas,3203
lace shower curtains,3203
open shelf decor,3202
farm stand on wheels,3202
svt hip hop unit,3200
stand de reposteria,3198
two pages curtains,3196
hall curtains ideas,3194
elf on the shelf donut ideas,3193
christian wall art printable,3189
how to make chandelier,505
mirror wall decor dining room,3182
doctor elise the royal lady with a lamp,3182
modern living room wall decor,3178
elf on the shelf ideas day 1,3178
blue desk setup,3178
wall doodle art bedroom,3176
stand de vendas,3175
curtains living room indian style,3172
birthday wall decor,3171
drawing poster ideas wall decor,3168
stand mirror in bedroom,3167
remove carpet from stairs,1162
buffalo check curtains,3164
anne hathaway red carpet,3160
rattan pendant light kitchen,2694
grammy red carpet,1279
family room wall decor ideas,3157
laundry room curtains,3155
ideas para stand de feria,3151
neutral living room rug,3150
outdoor wall lamp,3145
i love lamp,3144
colorful curtains living room,3142
navy blue curtains living room ideas,3142
floating shelf plans,3141
harry potter wall art,3141
dark green curtains living room,3139
wooden floor lamp,3139
aged brass chandelier,578
anya taylor joy red carpet,3136
classy wall art,3136
fair stand design,3135
masking tape wall art,3133
burnt orange rug,3131
lamp post landscaping,3127
farmhouse bookshelf decor,3126
oil lamp centerpiece,3125
dark curtains bedroom,3124
good elf on the shelf ideas,3123
aesthetic wallpaper for bedroom wall,3123
stand up mirror,3122
art wall decor,3121
wall sconces living room decor,3119
movie poster wall decor,3119
ikea mushroom lamp,1343
pendant light dining table,1032
shelf styling bedroom,3116
mirror wall bathroom,3115
tv unit design bedroom,3114
uv nail lamp,1647
brass table lamp,3113
midcentury modern lamp,3112
pallet wall decor,3112
room wall painting art,3110
living room wall decor ideas indian,3109
flower pendant light,2452
home curtains living room modern,3107
shower curtains ideas,3107
harry potter shelf,3107
hotel tv unit,2284
aesthetic table lamp,3101
stand de fotos graduacion,3100
black sheer curtains,3099
wash basin unit,3098
bamboo floor lamp,1598
curtains for cream walls,3097
rustic wall decor for living room,3096
aesthetic wallpaper for room wall,3095
art pictures for wall,3094
vintage red carpet,922
elegant curtains living room classy,3091
small room tv unit design,3091
white rug living room,3090
lamp girl aesthetic,3089
lamp for nightstand,670
rug in bathroom,2236
vanity unit design,3083
stand de maquillaje para feria,3082
bed stand design,3082
decorative mirrors wall living room,3081
tv stand minimalist,3081
vintage glass lamp,3081
summer wall art,3079
cube wall shelf,3077
headboard with nightstand attached,3076
bar cart wall art,3076
table stand ideas,3074
tv wall unit ideas,3071
harry styles red carpet,3070
flower pot lamp,3068
dining table wall decor ideas,3065
girl nursery wall decor,3063
day 1 elf on the shelf ideas,3061
full wall tv unit with storage,657
wardrobe with curtains,3058
ceiling curtains living room,3057
front porch curtains,3056
succulent wall art,3054
homemade lava lamp,1394
small kitchen wall decor ideas,3052
iron wall decor,3048
long window curtains,3046
bloxburg shelf ideas,3046
antique chandelier vintage chandeliers,3045
flower carpet design,2038
elf on a shelf ideas funny,3043
anvil stand ideas,3043
dining room mirror ideas wall decor,3041
prayer rug aesthetic,3039
cross stitch wall art,3039
panoramic wall art,3039
wall bar shelf,3036
shower niche shelf,3035
deer stand windows,3034
wall shelves design shelf ideas,3029
bedside wall decor,3025
green bedroom rug,1015
ginger jar lamp,3023
latch hook rug kits,3022
dti theme red carpet,3019
living room tv wall decor,3018
half wall decor,3018
art deco curtains,3018
styling a nightstand,444
basin vanity unit,1569
elf on the shelf balloon arrival,3016
brown wall decor,3016
black lives matter wall art,3015
wood mirror bathroom,1958
small room wall decor,3011
chanel wall art,2470
room decor ideas wall,3006
wabi sabi rug,2011
king size bed rug guide,3005
wicker shelf styling,3003
cube shelf makeover,3002
red floor lamp,1347
stand exposition artisanat,3000
above king bed wall decor,2999
shark wall decor,2997
old street lamp,2997
modern wall art canvas,2995
lamp painting ideas,2990
recover lamp shades,2988
how to decorate a shelf,2987
girly wall art printable,2986
elf on the shelf tooth fairy ideas,2985
elf on the shelf last minute ideas,2983
tv unit 3d warehouse,2981
art deco pendant light,2979
wall vase decor,2977
curtains for beige walls,2975
curtains for bedroom window,2974
beach prints wall art,2974
luxury curtains bedroom,2972
boho pendant light,2972
mandir with crockery unit,2971
tripod stand for phone,2971
short hair red carpet,1318
macrame hanging shelf,2968
stand up for yourself,2968
korean red carpet dress,2967
art deco carpet,2966
lamp shade crafts,2964
christmas tree stand cover,2963
ribbon wall decor,2962
outdoor floor lamp,2962
hello kitty lamp,2960
red carpet drawing,1482
blue table lamp,2957
purple desk setup,2955
farewell elf on the shelf ideas kids,2954
table lamp 3d warehouse,2954
colourful wall art,2951
white lace curtains,2950
chandelier for high ceiling living room,2949
bloxburg curtains decal codes,2949
typography wall art,2947
window seat bookshelf,2156
round entry rug,1265
angel wall art,2946
stand de ropa bazar,2945
jjba stand oc,2944
record player shelf,2943
traditional wall decor,2942
minimal pendant light,784
large framed wall art,2941
archery target stand,2939
living room art wall,2938
bathroom curtains window,2938
target bookshelf closet,2303
frameless mirror bathroom,1520
christian elf on the shelf ideas,2937
coastal chandelier dining room,2937
retro desk setup,2934
red carpet wallpaper,2933
house wall decor,2932
floating shelf with drawer,2932
blue jean rug,2932
office shelf design,2930
washing machine stand,2930
modern shelf design,2928
canvas painting for wall decor,2926
coastal shelf decor,2926
wooden tv stand ideas for living room,2924
carpet drawing sketch,1486
animal crossing rug design,1305
hippie wall art,2922
flower display stand,2920
navy blue carpet,2919
hoop art wall,2919
halloween shelf decor,2912
alcove tv unit,2912
modern mirror wall decor,2911
small wall art,2908
green tv unit,2908
blown glass pendant light,2907
drawing room curtains ideas,2906
street lamp at night,2906
bohemian tv unit,2901
hanging mirrors on the wall,2396
sofa and curtains combination,2899
antique wall art,2898
modern farmhouse rug,1015
marble tv unit living rooms,2897
lily of the valley lamp,2892
wet grass rug,2891
wall art mockup,2891
rustic wall mirrors,861
corner vanity unit,2888
persian rug tattoo,1580
dining table chandelier modern,2887
plant shelf above bed,2886
bathroom mirror aesthetic,1772
beige tv unit,2884
large dining room wall decor ideas,2882
ceramic wall art hanging,2881
cute wall decor ideas,2879
fruit wall art,2879
poster wall art bedroom,2878
cream area rug,2877
dark academia wall decor,2873
small living room wall decor ideas,2872
lace curtains aesthetic,2872
wooden book stand,2871
dark academia desk setup,2871
modern farmhouse chandelier dining rooms,2870
back lit mirror bathroom,2869
bookshelf on wall,2868
wallpaper for tv unit,2867
rectangle mirror bathroom,1483
patterned curtains living room,2865
product display shelf,2865
bookshelf reading nook,2358
elf on the shelf cookies,2864
large kitchen rug,1584
bathtub shelf ideas,2859
people selling mirrors,2859
bar shelf styling,2856
stand de helados,2855
wood nightstand bedroom,2231
70s wall art,2851
pantry unit design,2851
wall pieces home decor,2849
stand up comedy poster,2849
stand de fotos boda,2848
spice shelf ideas,2843
room inspo bookshelf,622
fairy lights wall decor,2840
stand collar shirt,2838
bedroom ideas carpet floor,2837
do not stand at my grave and weep,2837
nightstand styling ideas,2835
black and white curtains living room,2832
bathroom mirror decor,2830
under tv shelf,2830
couch rug placement,1415
jennifer lawrence red carpet,2828
red carpet suit women,1268
living wall art,2824
movable tv stand,2824
what color nightstand with grey bed,2824
kitchen table chandelier,2820
elf on the shelf ideas funny hilarious for teens,2818
glass ball chandelier,484
wooden wall art panels,2815
halloween bookshelf decor,2815
shelf above kitchen window,2814
wall decor ideas for bedroom aesthetic,2813
mirror wall decor bedroom ideas,2813
narrow shelf decor,2810
stained glass chandelier,2810
rock candle holder,1209
decorar stand feria,2807
rectangle mirror wall decor living room,2806
fuar stand design,2806
trödelmarkt stand ideen,2805
boho tv stand,2804
tv stand plans,2802
how to clean carpet,2801
book shelf styling,2800
lighted mirrors for bathrooms,2799
funky floor lamp,2799
desk setup men,639
modern living room curtains,2797
sims 4 shelf cc,2796
mirror over window bathroom,416
2 laptop desk setup,606
elf shelf ideas,2794
beige rug living room,2793
ariana greenblatt red carpet,2791
wall mounted shelf,2790
grey stair carpet,1225
we stand with palastain,2788
rolling tv stand,2787
area rug under bed,1345
turquoise curtains living room,2785
elf on a shelf arrival ideas,2784
carpet ideas living room modern,2784
nursery curtains girl,2784
coat hanger stand,2784
family tree wall decor,2783
entry wall decor ideas front entrances,2783
vintage curtains bedroom,2780
cookbook shelf in kitchen,2278
closed book shelf ideas,2779
wall bookshelf ideas bedroom,2777
bathroom mirror size,470
office carpet design,2775
dresser unit design,2775
floating shelf brackets,2771
tv unit with glass cabinet,2771
tiered plant stand indoor,2771
lamp band aesthetic,2771
modern bathroom mirror ideas,2769
wallpaper murals statement wall,2769
large bedroom wall decor ideas,2768
metal plant stand ideas outdoor,2768
oak tv unit,2768
cowboy wall art,2764
guitar stand ideas,2763
wall decor between two windows,2762
bedroom wall decor aesthetic,2760
cat shelf wall,2760
orange lamp aesthetic,2760
sink pendant light,433
live edge shelf,2757
cocktail wall art,2757
stand alone sink,2753
elf on the shelf ideas school,2751
kallax bookshelf styling,2751
japandi desk setup,911
dark blue curtains living room,2745
cane tv unit,2745
dining area wall decor ideas modern,2743
bathroom vanity mirrors,2743
ikea gaming desk setup,2335
vintage carpet living room,2742
drawing room chandelier,525
white carpet texture,2738
hanging nightstand lights,2734
free standing tv unit,2733
elf on the shelf office ideas,2729
black rug bedroom,2729
tv base unit design,2728
ac unit cover indoor,2727
light grey curtains,2723
mid century tv unit,2721
ikea shelf bed,2719
Travel Wall Art,2717
wall curtains bedroom,2716
y2k red carpet,2715
stand marche de noel,2715
half bath wallpaper accent wall,1992
dessert display stand,2712
plaid area rug,2711
framed textile wall art,2710
3d buddha wall art,2709
black curtains living room,2706
desk shelf organization,2706
earthy wall decor,2706
fall curtains living rooms,2705
glass block lamp,2705
persian rug background,2702
kitchen cabinet curtains,2702
floral curtains bedroom,2699
blue red carpet dress,1388
small pooja unit on wall,2697
elf on the shelf bananas,2697
hanging shelf kitchen,2697
chandelier tattoo chest,2154
polymer clay candle holder,2695
blue curtains bedroom ideas,2694
kitchen shelf organization,2694
coffee mug shelf,2693
bedroom portraits wall art,2692
kitchen island lighting chandelier,2283
contemporary chandelier for living room,2690
rain barrel stand,2689
wallpaper gallery wall,823
pencil pleat curtains,2686
dollar tree cupcake stand,2686
red carpet updo,1239
dark grey curtains living room,2685
angled wall decor sloped ceiling,2684
ikea bookshelf wall,1500
barbie wall art,2681
iphone shelf wallpaper,2680
hand braided rug,1415
black rug living room decor,2677
art stand display,2677
cow hide rug living room modern,2676
boho bookshelf decor,593
wedding chandelier ideas,2674
taylor swift elf on the shelf,2674
snowcone stand ideas,2672
office shelf styling,2671
gas cylinder stand,2669
ikea hemnes nightstand,1681
ladder on wall decor,2666
girls room rug,1649
light grey curtains living room,2664
rug wall art,2664
blown glass chandelier,1318
anime shelf ideas,2663
boho wall art printables free,2661
long tv stand,2661
orange rug living room,2660
hallway carpet ideas,2660
black table lamp,2660
taco tuesday elf on the shelf,2657
boho wallpaper accent wall,2657
carpet on stairs with wood floors,2656
kim kardashian red carpet,2655
vmas red carpet,2653
round carpet texture,2652
nordic pendant light,1787
blake lively red carpet,2650
high ceiling chandelier,2648
graffiti wall art bedroom,2647
outboard motor stand,2647
pink wallpaper wall,975
dirty elf on the shelf ideas,2644
elf on the shelf hershey kisses,2642
cow rug on wall,2641
curtains for big windows living room,2640
irregular mirror bathroom,2068
wall art size guide,2639
corner bed wall decor,2637
taupe curtains living room,2637
metal tv unit,2637
wall art collage ideas,2636
elf on the shelf movie night,2636
tens unit placement,2636
elegant wall art,2635
preschool pets unit,2634
how to make a lamp,2633
pallet shelf ideas,2632
leaf wall decor,2632
central processing unit,1984
room decor pictures wall,2631
hollywood red carpet theme,2631
stand de fotos para fiesta,2631
over the garden wall phone wallpaper,457
paintings for wall decor,2629
this is us wall decor,2628
eclectic shelf decor,2627
carpet placement living room,2627
stand alone tub master bath,2627
top of bookshelf decor,2626
framed canvas wall art,2626
crocary unit design modern,2626
full wall curtains bedroom,2625
gallery rail shelf,2625
wall art canvas,2623
shelf with hanging rod,2623
beaded curtains window,2623
white Night Stand,2623
long shower curtains,2622
resin quran stand,2621
drew starkey red carpet,2620
playroom rug ideas,2619
colorful wall decor,2618
stand publicitario creativo,2618
tv unit with showcase,2617
moth and lamp costume,2617
bow candle holder,2617
christmas lamp post decorations,2616
felt wall art,2614
fantasy wall art,2611
plant stand ideas indoor,2607
mirror pics bathroom,896
diamond mirror wall decor,2604
outdoor tv stand,2604
mid century pendant light,2602
light weight gold pendant set,2601
brown tv stand living room,2601
mirrors on mantle,461
millie bobby brown red carpet,2599
pop design for wall decor,2599
svt vocal unit,2599
lamp posts front yard,2599
création de stand,2597
multi light pendant,2037
pendant lamp bedroom,2596
unusual wall art,2594
fantasy bookshelf decor,2593
black and gold curtains,2593
wardrobe shelf organization,2593
two tone curtains,2593
small posters wall art,2592
milk glass lamp,2591
gold table lamp,2590
hanging plant shelf,2590
bedroom tv unit design modern,2588
large living room wall decor,2588
kitchen table rug ideas,2588
tv stand makeover,2588
clock wall art,2587
easy fun elf on the shelf ideas,2586
candle stick holder,2583
dual screen desk setup,1653
dollar tree mirrors,2580
halloween tv stand decor,2579
closet shelf ideas,2577
stand booth design food,2577
brown desk setup,2577
wall e art,2576
harry potter wall decor,2575
minecraft food stand,2575
square wall art,2572
glass cake stand,2572
tile tv unit,708
curtains to hide washer and dryer,2570
moss wall decor,2570
beaded wall art,2568
stand oil bag outfit,2566
white oak nightstand,2160
nightstand small space,409
wall decor design painting,2564
blue floral curtains,2564
kolam wall decor,2564
car wall decor,2563
wood quilt wall art,2561
menu stand design,2558
floating shelf entryway,2557
small corner bookshelf,2556
glass wall decor,2556
wall corner decor ideas,2554
black and white wall art for bedroom,2554
desk wall unit,1939
cosy desk setup,1854
bookshelf seating chart,2046
entry pendant light,1678
rotating tv unit partition,2549
canvas kitchen wall art,2548
flat weave rug,2546
curtains for white walls,2545
product stand design,2545
ikea wall shelf,2544
carpet bag purse,2544
ancient oil lamp,2544
bedroom wall art painting ideas,2542
gray curtains bedroom ideas,2542
pink wall art bedroom,2541
elf on the shelf ideas last day,2537
chandelier in bathroom,2537
rug dance floor wedding,2536
farm unit preschool,1616
elf on the shelf ideas funny hilarious easy,2535
black tv unit living room,2535
minimal chandelier living rooms,587
lemonade stand photo shoot,2533
hexagon shelf decor,2532
living room designs wall decor,2531
3d wood wall art,2530
aesthetic floor lamp,2529
gracie abrams red carpet,2528
stand up shower remodel,2528
elf on the shelf school ideas,2527
black and gold wall art,2526
curtains over doors ideas,2525
stand up comedy outfit ideas,2525
elf on the shelf hot chocolate,2524
metal tree wall art,2520
bracelet pop up stand,2520
grey walls and carpet,1202
sheer white curtains,2518
no curtains on windows ideas,2518
bag stand display,2518
wall stickers wallpaper,2517
tile shower shelf,2515
mobile tv stand,2514
decorating with mirrors,2513
outdoor pendant light,1906
red carpet suits,908
tv unit with coffee corner,2511
ruffle shower curtains,2510
food stand design street,2510
wooden tv stand designs,2509
large bathroom mirror,2506
terracotta curtains living room,2505
sitting room wall decor ideas,2504
wall ledge decor ideas,2504
tile behind bathroom mirror,1395
cake stand centerpiece,2503
ikea plant stand,2502
kinderflohmarkt stand ideen,2502
tv wall decor with fireplace,2498
concession stand sign,2497
glass door curtains,2496
shelf covering ideas,2495
dark academia wall art,2495
iron plant stand,2493
arch wall decor ideas living rooms,2492
cheap wall decor,2492
emerald green curtains,2491
low pile carpet,2491
lake house wall art,2490
under stair tv unit design,1373
floating shelf bathroom,2488
elf on the shelf mirror ideas,2060
varli painting art on wall,2487
ice cream wall art,2487
grey carpet living room ideas,2486
tv unit box design,2486
leather wall art,2485
doll house bookshelf,2485
stand escolares creativos,2485
stand up paddling,2484
pergola with curtains,2479
lamp shade frame,2478
cheeky elf on the shelf ideas,2477
burgundy curtains living room,2477
elf on the shelf zip-line idea,2476
bathroom wall shelf ideas,2474
wire shelf closet organization,2474
small wall bookshelf ideas,2473
stair landing wall decor,2473
bathroom wall lamp,2472
wall decor shelves,2471
bedroom shelf decor above bed,2471
trouwjurk open rug,2471
first night elf on the shelf ideas kids,2469
ikea stockholm rug,2469
stenciled wall decor,2469
library wall art,2468
styrofoam wall art,2467
medicine cabinets with mirrors,542
rug patterns design,1594
organic modern wall decor,2464
slider door curtains,2463
stand de bonbons,2463
how to style a bookshelf,2461
acrylic stand display,2461
wall art living room prints,2460
under cabinet shelf,2460
cupcake stand ideas,2459
bag shelf display bedroom,2459
organic modern rug,2459
bookshelf quilt pattern free,2459
black nightstand decor,2458
boho blackout curtains,2457
built in bookshelf wall,2456
stand pameran desain,2455
f1 wall art,2454
grey tv stand,2452
sheer curtains living room modern,2451
wall art wallpaper,2451
maroon curtains living room,2451
wash unit design,2451
diploma wall decor,2450
wallpaper one wall,1412
persian rug bedroom aesthetic,1233
wall decor painting canvases,2448
white rug bedroom,2448
closet chandelier walk in,2448
Photography Wall Art,2447
bathroom chandelier lighting,2447
minimalist floor lamp,2447
mirrors edge aesthetic,2446
layered curtains living room,2445
wooden bookshelf aesthetic,2445
emma stone red carpet,2445
above couch wall decor farmhouse,2445
lamp nachtkastje slaapkamer,2445
blue tv unit,2441
coffee bar shelf,2440
long bathroom rug,2440
tall nightstand ideas,2438
lava lamp wallpaper,2435
lamp post decorating ideas,2435
brass wall decor,2434
quilling wall art,2434
cement pendant light,636
cute table lamp,2432
neutral wall decor,2432
stand marché créateur,2432
leopard rug bedroom,907
pedro pascal red carpet,2430
jungkook red carpet,2425
peg rail shelf,2424
unit and measurement physics notes,2423
ikea entertainment unit hack,2423
room decor poster wall art,2422
latest tv unit design modern 2020,2422
bookshelf kids room,2421
crazy elf on the shelf ideas,2421
bathroom sink mirror,1819
curtain rod shelf,2418
lamp post lights,2418
pink rug decals bloxburg,1531
old chandelier ideas repurposed,2417
autumn wall art,2417
inside out 2 poster 2026,2417
rhinestone wall art,2416
murals street art wall,2416
simple chandelier for living room,2415
double height living room tv unit design,2415
industrial floor lamp,2414
elf on the shelf funny ideas,2413
acrylic wall shelf,2413
celebrity hairstyles red carpet,2413
pinterest wall decor,2413
shelf under cabinets in kitchen,2411
pallet plant stand,2410
orange area rug,2407
aesthetic room curtains,2403
Dinosaur Wall Art,2403
tv unit with storage modern wall,2402
dusty pink curtains,2400
pop tv stand design,2400
anime desk setup,2400
living room decor tv wall,2399
dream desk setup,2399
bottle candle holder,1955
garden lamp post,2398
breakfast nook curtains,2397
bookshelf journal page,2395
red carpet photo booth,2392
huge wall decor ideas,2391
white pendant light,2390
stand alone bath tub shower combo,2388
stand de mexico,2386
small kitchen shelf,2384
elf on the shelf skittles,2383
painted tv stand,2382
stand de donas,2380
bedroom art wall,2379
tab top curtains,2378
tablet desk setup,593
industrial tv unit,2377
bookshelf small space,2375
bedroom decor wall art,2374
wooden shelf brackets,2374
long curtains bedroom,2372
living room big wall decor ideas,2372
room darkening curtains,2372
vintage art wall,2370
music poster wall decor room ideas,2369
teal curtains living room ideas,2368
jelly roll rug tutorial,2368
tiger wall art,2367
led lamp design,2367
stand for plants,2366
stand still stay silent,2365
homemade wall decor,2363
bookshelf styling bedroom,2362
stand para exposiciones,2362
jack daniels lamp,2361
kitchen shelf decor display,2360
handmade room decor ideas wall art,2359
crystal chandelier dining room,2359
rug size for sectional couch,2359
tv stand cabinet,2356
wine glass chandelier,401
vinyl record shelf,2353
mcm wall art,2353
rug on stairs,1198
marble tv stand,2352
bedroom poster ideas wall art,2351
my kitchen my rules wall art,2351
office wall decor professional business,2351
ikea eket bookshelf,700
minecraft flower stand,2348
christmas candle holder,2347
street lamp post,2347
eetkamer lamp design,2346
garage shelf ideas,2345
floral wall art canvases,2343
led floor lamp,2343
elf on the shelf gingerbread house,2342
stand de ventas decoracion,2341
glass shelf decor,2338
corner shelf kitchen,2338
black farmhouse chandelier,2337
l shaped bookshelf,2337
aztec wall art,2336
bookshelf in dining room,2334
garden wall decor outdoor,2334
glass globe chandelier,2333
kallax shelf unit,923
garage shelf organization,2332
leopard print carpet,2332
radha krishna wall art,2330
papier mache lamp,2330
sliding tv unit,2329
the stand stephen king,2329
green dress red carpet,1193
ramadan wall decor,2327
floor lamp with shelves,2327
montessori toy shelf,2326
pvc tv unit,2326
eket tv stand,2326
stained glass wall art,2323
adriana lima red carpet,2323
pressed flower wall art,2323
wall hanging bookshelf,2322
zebra print rug,2322
back of bed wall decor,2321
tv unit console design,2321
round shelf decor ideas,2320
taylor red carpet,1378
stained glass pendant light,2319
jute round rug,2319
goat milking stand,2317
entryway runner rug ideas,2316
stage curtains backdrop,2316
toddler wall art,2316
desk as nightstand,1655
valentines wall decor,2313
art deco wall lights,2312
dresser and night stand ideas,2312
dining room shelf,2309
tv media unit,2309
tree of life wall art,2308
gallery wall with shelf,2307
mcm tv stand,2307
flower wall wallpaper,622
full length curtains,2303
alphabet wall decor,2303
rod pocket curtains,2303
dark grey curtains,2302
elf on the shelf arrival ideas funny,2301
walnut tv unit,2299
marble candle holder,2299
coastal tv stand,2298
bookshelf in room,2295
closet door alternative curtains,2295
above window shelf,2295
florence pugh red carpet,2295
grey wall art,2295
honeycomb mirror wall decor,2295
shelf over door,2293
i dont like mirrors album cover,2293
aesthetic shelf ideas,2292
reclaimed wood wall art,2292
boy nursery wall decor,2292
aesthetic bedroom wall decor,2290
tree branch chandelier,2290
bookshelf in closet,1588
under stairs tv unit ideas,2288
lamp ideas for bedroom,2287
wedding merch stand,2286
rug on grey carpet,1316
ceiling bookshelf wrap around,2284
dark wood tv stand,2284
stone wall decor,2283
octopus wall art,2283
kids market stand,2283
large textured wall art,2282
chandelier crystals repurposed,2282
curtains for short windows,2281
double rug living room,2281
roller blinds with sheer curtains,2281
home office curtains,2280
curtains for room,2280
graphic wall art,2280
french style mirrors,692
pool with sun shelf,2274
earthy wall art,2273
red carpet wedding,1478
shelf wall decor,2272
stand collar jackets,2272
elf on the shelf ideas for kids arrival,2271
long pendant light,2271
how to layer curtains,2271
flamingo wall art,2271
floating entertainment unit,2269
wall collage wallpaper,427
wall art room,2268
ikea wall decor,2266
room ideas wall decor,2263
elf on the shelf ideas 2 elves,2263
hanging bookshelf ideas,2263
bold curtains living room,2263
stand here alone band,2263
halloween chandelier decor,1855
spring wall decor,2262
movable tv unit,2262
coat stand ideas,2262
tv unit lighting ideas,2261
printer stand ideas,2261
lotus candle holder,1821
pink shelf decor,2259
system unit computer,2258
wall art sculpture,2257
steel wall art,2257
tv unit bookshelves,650
natural wall art,2256
cabin wall decor,2255
red carpet ideas,2254
off white rug,2253
wall mounted nightstand,2253
luxury bedroom tv unit design,638
long chandelier dining room,2252
retro wall art prints,2251
study wall decor,2251
moody wall decor,2251
printed curtains living room,2251
no room for nightstand,2251
subtle wallpaper accent wall,2250
punch needle rug patterns,2249
milk crate bookshelf,555
two story wall decor ideas,2248
office floor lamp,2247
wabi sabi chandelier,2247
glass tv stand,2247
bathroom wall mirror,2246
neonatal intensive care unit,2246
candle holder aesthetic,2245
art display wall,2245
wooden lamp base,2245
hidden ac unit indoor,822
room shelf ideas bedroom,2242
tv unit design modern for bedroom,2242
picture shelf above bed,2242
sage green bookshelf,2242
mirrors with flowers,485
open bookshelf styling,2237
cottage core rug,2237
acnh carpet designs,2237
stripped wallpaper wall,2237
wall cutout decor,2235
tall tv unit,656
school elf on the shelf ideas,2233
lighted bathroom mirror,2233
gold chandelier dining room,2233
curtains inside window frame,2231
interesting wall decor,2230
hallway frames ideas wall decor,2230
vintage book shelf,2229
red carpet nails,2229
bathtub wall decor,2229
lamp tattoo design,2228
pumpkin candle holder,2228
powder room wallpaper accent wall,2228
indian tv unit,1162
shell candle holder,1295
soap stand bathroom,2225
dining room curtains ideas,2224
carpet stairs to wood transition,2223
stand jualan makanan,2223
wooden guitar stand,2223
shelf next to bed,2222
country wall art,2221
braided rug tutorial,1188
outdoor table lamp,2220
elf on the shelf poop museum,2218
baby shelf decor,2217
wavy curtains hair men,2216
gymnastics wall art,2216
farmhouse floor lamp,2216
small chandelier bedroom,2215
light blue curtains living room,2214
wall niche decor,2212
stand up freezer organization,2212
mid century shelf,2211
carpet runner on stairs with landing,2211
stand de glitter para fiestas,2211
mirror mosaic wall art,2210
ceiling to floor shower curtains,2208
ice cream stick wall decor,2208
river phoenix stand by me,2208
dining room rug size,1180
beige curtains living room ideas,2206
ladder shelf styling,2205
room wall decor ideas bedrooms,2204
cinder block shelf,2204
stand up shower with curtain,2204
long living room wall decor ideas,2203
curtains decoration ideas,2202
shelf in front of window,2201
quilted mug rug patterns free,2201
designer wall art,2200
area rug placement,2199
one night stand quotes,2199
dining room wall decor minimalist,2198
picture ledge shelf,2197
passage wall decor ideas,2196
arch window curtains,2196
entertainment unit styling,2195
honor system farm stand,2195
above fireplace decor wall,2194
two elves on the shelf ideas,2193
lippan art wall hanging,2193
witchy wall decor,2193
kallax shelf ideas,2193
elf on shelf idea,2191
living room wall mirror decor ideas,2191
animal skin rug,2191
sims 4 lamp cc,2191
western shelf decor,2190
bathroom wall mirror ideas,2189
bunk bed shelf ideas,2189
graphic design desk setup,548
framed doilies wall art,2186
drink dispenser stand,2183
bar unit in balcony,2183
lamp stand ideas,2183
carpet wall hanging,2182
room decor wall ideas,2181
kitchen counter shelf,2181
mirrors on side of bed,746
pencil stand craft,2178
stand tipico guatemala,2178
room decor drawings wall art,2177
porsche wall art,2176
stand by me cancion,2176
pink boho rug,2174
stone cladding tv unit design,2174
paper lamp craft,2174
cookie display stand,2173
room desk setup,989
aesthetic wallpaper for wall decor,2172
colorful tv stand,2171
led crystal chandelier,555
bathroom mirror ideas modern,2168
balcony curtains apartment,2168
wood mantel shelf,2168
red carpet interior,2166
candy stand ideas,2166
curtains bedroom small window,2165
no bookshelf book storage,487
clothing unit creative curriculum,2164
bedroom with carpet ideas,2163
wabi sabi pendant light,2163
revolving tv unit,2162
canvas wall art set,2162
space age lamp,2162
bathroom mirror wall,2161
paintings for room decor wall art,2161
dark wall art,2161
dirty elf on the shelf,2160
art wall design,2160
scandinavian wall decor,2160
wall drawing bedroom art ideas,2159
programmer desk setup,2157
hidden tv unit,2157
corner shelving unit,2155
candle holder drawing,2155
stylish tv unit,2154
wall mural wallpaper,2153
elf on the shelf ideas for kids,2152
wall art decor ideas,2150
pendant lamp shade,1610
wall decor design bedroom,2148
ikea table lamp,2148
shelf design ideas,2145
manga bookshelf aesthetic,2145
bourbon shelf ideas,2145
moses basket stand,2145
mcm floor lamp,2145
red carpet glam,2144
bathroom shelf ideas above toilet,2143
minecraft rug designs,2143
stand ideas jojo,2143
kitchen table lamp,2142
towel shelf bathroom,2142
rainbow wall art,2142
carpet decals berry ave,2140
renter friendly wall decor,2140
ladder plant stand,2139
oak tv stand,2139
curved floor lamp,2139
unit studies homeschool,1314
elf on the shelf adult humor,2138
garland on tv stand,2138
solar light chandelier,1594
floor lamp aesthetic,2137
shelf with plants,2137
cube shelf decor bedroom,2137
cute tv stand ideas,2137
chanel poster wall decor,2136
elf on the shelf sprinkles,2135
book tree shelf,2135
small bathroom rug ideas,2134
wall poster decor,2133
orange wall decor,2133
table lamp sets,2133
color block curtains,2132
popcorn stand ideas,2131
microwave unit in kitchen,2130
simple book shelf,2129
dining chandelier ideas,2128
neutral carpet colors,2127
ikea shelf unit,582
blue tv stand,2124
stand de tir,2124
paper flowers wall decor,2120
placemat wall decor,2120
beige wall decor,2119
pink velvet curtains,2116
bathrooms with shower curtains,2116
window shelf decor,2114
curtains for doors with windows,2113
stand de san valentin,2113
bookshelf with drawers,2112
arched bookshelf built ins,2111
round tv unit,1304
hall runner rug,2108
dragon wall art,2108
windows without curtains,2107
corner stand decor,2107
wine glass shelf,2105
trendy wall decor,2105
canvas wall art ideas,2103
y2k wall decor,2102
marble table lamp,2101
zebra blinds with curtains,2100
heartstopper leaves wall decor,2100
curtains for living room windows,2099
mirrors edge catalyst,2098
stand collar kurti,2098
curtains living room modern home decor,2097
living room ceiling lamp,2095
shades and curtains together,2095
flower pot stand outdoor,2095
walnut desk setup,2094
red carpet home decor,2092
kitchen island lamp,2092
living room designs curtains,2090
bullnose carpet stair treads,2090
ikea omar shelf aesthetic,2089
spring shelf decor,2088
round bathroom mirror ideas,2087
office bookshelf styling,2086
faux fur rug,2086
kitchen wall art set,2086
stand de estados unidos,2086
floor standing lamp,2086
book shelf ideas bedroom wall,2084
simple shelf decor,2084
mosquito killer lamp,2084
modern chandelier bedroom,2083
single shelf decor,2083
stand navideño para fotos,2083
shelf decor living room wall shelves,2082
tv wall decor modern,2082
wood mosaic wall art,2082
wall decor kids room,2082
paper flower wall art,2081
framed puzzle decor wall art,2081
curtains for home,2079
dark green rug living room,2078
epoxy wall art,2078
kitchen curtains and valances,2077
green carpet living room ideas,2076
elf on the shelf ideas with 2 elves,2075
naruto poster wall decor,2075
tv stand dimensions,2075
mirrors selfie aesthetic,700
farmhouse wallpaper accent wall,2071
apple desk setup,2071
narrow window curtains,2070
bas relief sculpture wall art,2070
vaulted wall decor ideas,2070
vinyl record stand,2069
panelling with shelf,2069
elf on the shelf late arrival ideas,2068
air dry clay lamp,2068
crosses decor on wall,2067
bad elf on the shelf ideas for kids,2066
imac desk setup aesthetic,2066
modern living room rug,2065
phantom of the opera chandelier,2064
classroom desk setup,1404
tv unit with cupboard,1216
persian rug art,982
wood nativity scene,415
cute room wall decor,2062
art deco floor lamp,2062
cd shelf ideas,2061
turkish carpet living room,2061
pop up food stand ideas,2060
ikea paper lamp,2059
elf on the shelf ideas first day,2058
modern carpet bedroom,2058
curtains with trim,2058
stand alone books,2058
cute elf on the shelf pose ideas,2057
juice stand ideas,2057
mirror shelf decor,2056
round window curtains,2056
grasscloth wallpaper accent wall,1436
brass shelf brackets,2052
Geometric Area Rug,2052
organic modern tv stand,2052
lamp lighting ceremony,2052
girl elf on the shelf,2051
stand for decoration,2051
living room wall decor over couch,2050
arch shelf in wall,2049
mini lamp for kitchen counter,2048
exterior wall decor,2047
bookshelf ideas living room,2047
painting wall decor,2047
main wall decor living room,2045
off white curtains living room,2044
william morris curtains,2044
white and gold nightstand,1586
large glass pendant light,2043
deer antler chandelier,2043
metal candle holder,1541
grey and white curtains,2041
apartment with carpet,1239
modern carpet living room,2039
shelf above bathroom sink,2039
vine wall decor,2039
stand de ropa en feria,2039
modern wall shelf living room,2037
long shelf above couch,2036
how to hang curtains without drilling,2036
bookshelf built in,2035
tension rod plant stand,2035
tv stand refurbished,2034
wall art vintage,2033
kitchen wall decor ideas simple,2032
hydrangea wall art,2031
stand de pasteleria,2031
tree floor lamp,2031
floral rug living room,2030
how to clean mirrors,2030
long bookshelf low bookcase,2030
paper lantern chandelier,2029
brown persian rug,2028
wall decor vintage,2027
top shelf decor,2026
ikea pendant light,2026
bauhaus wall art,2026
cupcake display stand,2025
mandala wall art bedrooms,2024
donut stand display,2024
wooden wall lamp,2024
bookshelf for kids room,2022
how to make a rug,2022
cheap bookshelf makeover,2021
christmas shower curtains,2019
tivi unit design,2017
wall art canvas painting,2016
black wallpaper accent wall,547
wall decor modern,2013
cool prints art wall decor,2013
shabby chic wall decor,2013
resin cake stand,2012
romantic wall art,2010
elf on the shelf egg jokes,2009
dress hanger stand,2009
taylor russell red carpet,2008
cook book stand,2008
poster for wall decor,2007
wall art design creative,2006
table top display stand,2006
hello kitty wall decor,2005
coastal curtains living room,2005
banksy wall art,2005
tv stand fireplace ideas living rooms,2004
rug for room,2003
daycare wall decor,2003
clay pen stand,2003
wallpaper living room accent wall ideas interior design,2001
mosaic lamp patterns,2001
beautiful curtains living room,2000
elf on the shelf spa,2000
parametric wall art,2000
chandelier over island,1033
rectangle mirror wall decor,1999
zach bryan wall art,1999
dark wall decor,1999
best elf on the shelf ideas,1998
elf on the shelf ideas christmas eve,1997
desk setup bedroom,1308
outside chandelier ideas,1994
dorm room posters wall art,1994
red persian rug bedroom,1993
window with curtains drawing,1993
girls bedroom wall decor,1992
print out wall art,1992
ac wall unit cover up,1992
pregnant red carpet,1991
mdf tv unit design,1991
small kitchen wall decor,1990
mountain wall decor,1990
white bookshelf decor,1989
home wall decor living room,1988
rug next to bed,1987
wallpaper backgrounds wall,1986
lava lamp nail art,1986
shelf above fridge,1985
wig shelf ideas,1984
home office bookshelf,1984
kitchen wall lamp,1983
Modern night stand,1983
bar shelf decor,1982
african wall decor,1982
shelf and picture arrangement,1981
red table lamp,1981
table lamp lighting,1978
louis poulsen lamp,1978
curtains for brown couch,1977
fluted glass crockery unit,1977
oil rain lamp,1977
crochet phone stand,1976
pallet farm stand,1976
handmade wall art painting,1975
spanish wall art,1975
entryway chandelier modern,526
mobile stand wooden,1974
cat urine out of carpet,1141
wall e wallpaper iphone,1347
half curtains kitchen,1972
floor lamp with table,1972
books without bookshelf,567
over desk wall decor,1970
silver wall decor,1970
over the garden wall decor,1969
tv unit christmas decor,1969
mirrors in garden,437
henna wall art,1967
kitchen shelving unit,841
floor lamp top view,1966
cheetah wall art,1966
globe floor lamp,1965
the lamp looks weird,1965
bedroom carpet colors,1964
coffee table and tv stand ideas,1964
large wall decor living room ideas,1963
beaded lamp shade,1963
boy room wall decor,1961
lg stand by me,1961
hanging lamp shade,1961
heart wall art,1958
brewing stand minecraft design,1957
arch floor lamp,1957
living area tv unit design,1955
tyla outfits red carpet,1955
shower curtains for small bathrooms,1954
shower curtain wall art,1954
palm tree wall art,1954
stand on business funny,1954
room separator ideas hang curtains,1953
dark academia lamp,1953
disney wall decor,1952
layered curtains bedroom,1950
great room chandelier,1950
mustard curtains living room,1949
wall basket decor farmhouse,1949
the red carpet,869
how to clean area rug at home,1948
beach house curtains,1947
curly curtains men,1947
garland on chandelier,1946
christmas wall decor living room,1946
stand alone fireplace,1946
ceiling curtains bedroom,1945
pendant lamp design,1945
office curtains business,1944
wall art arrangement ideas,1943
the world stand jojo,1942
license plate wall decor,1941
baby name wall decor,1939
buddha murals wall art,1939
bookshelf decor living room,1938
garden chandelier ideas,1937
black white curtains,1936
roller shades with curtains,1935
stairway wall decor,1935
abstract wall decor,1934
memory care unit decor,1933
decor for large wall space,1932
gold velvet curtains,1932
bear skin rug,1931
ocean wall decor,1931
red carpet dresses celebrity,1930
christmas decor ideas for classroom wall,1928
curtains to cover walls,1927
open wall decor living room,1927
led tv stand,1926
old lamp drawing,1924
sitting room curtains ideas,1923
oil lamp centerpiece wedding,1922
red carpet invitations,1143
tv unit between two windows,1920
chandelier design modern,1919
tv stand designs tv walls,1919
lamp core outfit,1919
curtains styles ideas,1918
gallery wall art set,1918
tv stand small living room,1918
how to make backdrop stand,1918
curtains on one side of window,1917
curtains for shower curtain ideas,1914
update bathroom mirror,1449
may i stand unshaken tattoo,1913
baseball concession stand ideas,1913
fluffy carpet bedroom,1032
kitchen table wall decor ideas,1911
round dining room rug,1910
fancy curtains living room,1910
easter wall decor,1910
classic curtains french,1909
bow window curtains,1907
simple wall art painting,1906
sun wall decor,1906
lamp placement living room,1906
pottery cake stand,1905
how to make pen stand,1905
net curtains living room,1904
gypsum tv unit tv walls,1904
portable tv stand,1902
afternoon tea stand,1902
over the bed wall decor for couples,1901
sculpture wall art,1899
crockery unit in kitchen,1289
marble wall decor,1897
large metal wall art,1897
wicker basket wall art,1896
wolf of wall street wallpaper iphone,1895
dark brown nightstand,1171
liquor bottle lamp,1893
classic curtains classy,1890
tattoo wall art,1889
stand alone pantry cabinet,1888
terrace wall decor,1888
album cover wall decor pictures,1887
floating night stand,1887
japandi table lamp,1887
scandinavian floor lamp,1887
2 piece wall art,1886
sculptural wall art,1886
wall art bedroom ideas,1885
pendant light kitchen,1885
coastal bookshelf decor,1885
metal cake stand,1884
metal lamp design,1884
monitor stand ideas,1884
stand de madera para feria,1884
kitchen sink rug,1883
cake stand ideas,1881
large entryway chandelier,1879
nautical wall decor,1879
scandinavian tv stand,1878
apartment wall decor living room,1877
snug as a bug in a rug,1877
carpet to hardwood transition,1877
stand mirror decor,1877
bathroom mirror organization,414
modern gold chandelier,1874
modern rug design,1873
wabi sabi curtains,1872
forest green curtains,1872
tall unit design,1872
hanging basket stand,1871
beige carpet texture seamless,1870
kitchen wall unit design,1870
large wall decor living room floating shelves shelf ideas,1870
yellow curtains living room ideas,1869
teal area rug,1869
wall hung vanity unit,1869
black night stand,1868
natalie portman red carpet,1866
messe stand ideen,1865
girl nursery rug,1864
tv unit tiles design,1864
photo wall art,1863
wallpaper accent wall entryway,1370
dual desk setup,979
shiva wall art,1862
recessed bookshelf in wall,1862
crib wall decor,1862
planter stand indoor,1861
ganesha wall art,1859
rug wedding aisle,1858
stand de vinos,1858
elegant wall decor,1856
kitchen wall shelf decor ideas,1855
hanging candle holder,1855
zoe kravitz red carpet,1851
commercial carpet tiles,1847
italian wall decor,1847
rope pendant light,1846
photo booth stand,1846
stained glass candle holder patterns,1846
rattan chandelier dining room,1845
bankers lamp aesthetic,1844
white sheer curtains living room,1843
lemon wall art,1843
boutique wall decor,1843
host stand design,1843
wall art living room modern,1842
round bathroom mirror lighting,1842
bookshelf design minimalist,1841
bubble light chandelier,1837
christmas stand ideas,1837
fireplace candle holder,1837
lounge curtains ideas,1835
quotes framed decor wall art,1834
faith mirrors edge,1834
navy wallpaper accent wall,1834
kitchen unit design modern,1834
wall art easy,1833
dollar tree mirror ideas wall art,1833
gliter bar stand,1833
solar lamp post,1833
end of hallway wall decor,1832
glass lamp base,1832
dried flower wall decor,1831
washer and dryer stand,1830
wood framed bathroom mirrors,1828
foyer pendant light entryway,1828
black and white checkered rug,1827
grey carpet living room color schemes,1827
bedroom bookshelf ideas aesthetic,1826
francia decoracion stand,1826
curtains for dining room windows,1825
vidga ikea curtains,1825
guitar wall art,1825
full wall mirror bathroom,1824
ticking stripe curtains,1822
framed wall art living room,1821
wall art painting bedroom,1819
navy rug living room,1817
chinese red carpet,1817
welcome wall decor entryway,1817
chandelier pendant lights,1384
orange mushroom lamp,1815
black and gold chandelier,1814
garden flag stand,1814
hall of mirrors versailles,987
paper stand holder,1812
farm stand sign,1812
wall mount tv unit,1810
modern bookshelf styling,1808
lego wall decor,1808
egg selling stand,1808
red curtains png,1807
home office wall decor ideas,1805
wall boxes decor ideas,1805
wall shelf decor ideas,1802
cactus wall art,1801
dining room wall decor ideas simple,1800
room bookshelf aesthetic,1800
how to style curtains,1798
plug in chandelier,1798
hollywood red carpet party,1798
boho table lamp,1797
navy blue wall decor,1797
half bath wall decor,1797
nursery rug placement,1796
chappell roan red carpet,1796
drawing desk setup,1796
restroom wall decor ideas,1795
small bedroom rug,1794
ps5 desk setup,1793
surfboard wall decor,1792
abstract rug living room,1789
over the garden wall aesthetic wallpaper,1789
washing machine unit,1789
to unit design modern,1788
letter wall art,1788
drawing tablet desk setup,1785
tv unit painting ideas,943
metal flower wall decor,1784
barbara palvin red carpet,1783
salt rock lamp,1783
lily collins red carpet,1782
tea cup chandelier,1781
art deco table lamp,1781
alexa demie red carpet,1779
natural wood nightstand,1778
metal wall art decor living room,1778
martini wall art,1778
mushroom wall art,1778
tv unit with crockery unit,1778
rug on carpet bedroom ideas,1777
behind desk wall decor,1777
fun wall decor,1776
girly posters wall art,1776
bookshelf entertainment center,1776
3d moon lamp,1776
green lamp shade,1776
gold candle holder centerpieces,1775
vintage bookshelf styling,1774
patio wall art,1774
antler wall decor,1774
tv stand unit,804
inspirational wall decor,1772
wood chandelier rustic,1772
nightstand ideas aesthetic,1772
brushed nickel chandelier,1772
boho yarn wall art,1772
girls room bookshelf,601
small space bookshelf,1771
wall art designs living room,1770
jute rug dining room,1770
windows with blinds and curtains,1769
off white carpet,1769
home decor mirrors,1767
whimsical wall decor,1767
battery operated chandelier,1766
large wood wall art,1765
shelving unit decor,1765
cottage core bookshelf,1319
bike repair stand,1764
baby blue curtains,1763
crochet carpet pattern free,1763
lamp aesthetic wallpaper,1763
woven lamp shade,1762
gold chandelier earrings,842
colorful area rug,1761
nightstand with charging station,1761
pink lamp shade,1761
vikhammer nightstand hack,1173
cozy bedroom wall decor,1760
vinyl record display wall art,1760
kaws wall art,1760
office wallpaper accent wall,1136
brass chandelier dining room,1759
black wall wallpaper,1147
cardi b red carpet,1756
nightstand decor no lamp,1756
wood wallpaper accent wall,1224
living room wall decor ideas pictures,1753
small living room wall decor,1752
aluminium tv unit,689
wave curtains living room,1751
bathroom wall art painting,1751
small bathroom lighting over mirror,1750
minecraft wall art,1750
bookshelf art drawing,575
small tv unit for bedroom,1747
tv unit with aquarium design,1745
green velvet curtains bedroom,1743
lion wall art,1743
milk glass chandelier,1741
zara home lamp,1741
thrift store lamp makeover,1741
front porch wall decor ideas,1740
pink rug codes for berry ave,1739
handmade wall art crafts,1738
magazine wall art,1738
wall decor ideas bedroom,1735
classic wall decor,1734
tv unit simple design modern,1734
wooden vanity unit,1734
productivity desk setup,1733
classic tv unit design,1732
couples wall art,1731
bedroom decor pictures wall,1730
small nightstand decor,1730
blind curtains bedroom,1730
star wall decor,1730
cozy nightstand aesthetic,614
small space wall decor,1729
bookshelf storage ideas,1728
wall mount bookshelf,1728
living room wall decor ideas with tv,1727
small entryway wall decor,1727
dining room wall decor modern,1726
hunter schafer red carpet,1726
leaves on wall decor,1726
tv unit design living room,1724
lohals rug ikea,1724
room decor wall art,1723
christmas wall art printables,1723
nature wall decor,1723
vintage wall art living room,1722
curtains for drawing room,1722
hand candle holder,462
rug on top of carpet living room,1721
orange carpet texture,1721
modern bedroom wall decor,1719
light filtering curtains,1719
unicorn wall art,1718
artwork for living room wall art,1717
ikea curtains living room,1717
christmas pendant light decor,900
top of bed wall decor,1715
corner tv unit modern,1714
frank ocean rug,1713
fabric strip curtains,1712
puja unit with crockery unit,1711
fairy lights bookshelf,1710
photo tiles wall decor,1710
nude male art gallery wall,1709
galary wall decor hallway,1709
ikea nightstand makeover,1709
tv unit in living room,1708
my melody rug,1708
tv unit with rafters,966
spiderman wall art,1706
chandelier back tattoo,498
decor wall in living room,1704
dining room wall decor ideas elegant,1704
plug in wall lamp,1703
unit decor ideas,898
tv unit acrylic design,700
laundry room chandelier,1701
tv unit next to main door,1701
black crystal chandelier,1700
corner shelf unit,1700
daisy wall art,1700
breakfast nook wall decor,1700
tea candle holder,449
striped stair carpet,1699
high traffic carpet ideas,1699
genie lamp drawing,1699
sisal rug living room,1698
nightstand organization ideas,1698
britney spears red carpet,1697
jute carpet living room,1697
concrete wall decor,1697
seashell wall decor,1696
icecreamsticks crafts wall decor,1695
linen pendant light,1694
french country rug,1694
couple in bathroom mirror,1694
wall paint decor,1692
renter friendly curtains,1692
triptych wall art,1692
dining room curtains modern,1691
swag pendant light,1691
wood lamp shade,1691
rug layout bedroom,1690
ceramic wall lamp,1690
keep off rug,1689
kitchen window ideas curtains,1688
yellow rug living room,1686
nicki minaj red carpet,1686
wall spray painting art,1686
industrial table lamp,1685
one nightstand bedroom layout,1684
modern chandelier dining room luxury,1683
vaulted ceiling living room wall decor,1681
the fundamental unit of life notes,1047
how to store books without bookshelf,1678
kpop idol dress red carpet,1678
oushak rug living room,1677
boho bathroom shower curtains,1676
dressing table unit,626
bookshelf bar ideas,1674
unit circle trigonometry,1673
led table lamp,1673
bookshelf for kids,1672
dark blue curtains bedroom,1670
wooden wall art ideas,1670
cane wall decor,1670
goth desk setup,894
double height curtains,1669
wallpaper in bedroom statement wall,1669
tebal lamp design,1669
gym wall art graffiti,1667
curtains for small windows living room,1666
embroidery ring decor wall art,1665
bathroom mirror background,1664
ivory curtains living room,1663
paper flower lamp,1662
lamp logo design,1660
wall metal art,1659
resin lamp ideas,1659
living room carpet ideas area rugs,1658
curtains room bedroom,1658
light green rug,1658
block out curtains,1657
office desk lamp,1655
80s red carpet,1654
iu red carpet,1653
red carpet hairstyles for long hair,1652
room with curtains,1651
farmhouse nightstand decor,1136
colour paper crafts wall art,1649
big bathroom mirror,1647
colourful rug living room,1646
blue persian rug living room,1646
shabby chic chandelier,1646
wallpaper aesthetic for wall,1645
wall art nature,1645
bedroom ideas grey carpet,1644
greenery chandelier wedding,1643
basin unit design,1643
tv unit wall design living room,1642
full height curtains,1640
rug with sectional couch layout,1639
dresser unit with mirror modern,1639
green wall wallpaper,612
princess wall art,1634
tiffany pendant light,1632
crystal wall art,1631
office area rug,1630
floor carpet living room,1628
matisse wall art,1627
velvet curtains bedroom decorating ideas,1626
animal print carpet,1626
bookshelf miniature scene,1626
smart mirror bathroom,1626
ballerina wall art,1625
barber shop decor ideas wall art,1625
green velvet curtains living rooms,1622
emerald green rug,1622
small kitchen lamp,1621
hailee steinfeld red carpet,1620
family room rug,1619
family room curtains,1619
pink table lamp,1619
street lamp illustration,1618
glass wall art panels,1618
marble top nightstand,1618
light stand lamp,1618
lamp boven salontafel,1618
10x14 area rug living room,1617
living room floor lamp ideas,1616
pendant light dining room,1616
chinoiserie wall art,1616
ruggable rug living room,1612
dove cameron red carpet,1612
florence nightingale lamp,1611
bedroom ideas with carpet,1610
small living room rug,1610
paris wall art,1610
shaggy rug living room,1609
house curtains ideas living room,1608
vintage chandelier lighting,1608
art for living room wall,1607
queen bed rug placement,1607
lamp shade design,1607
blue persian rug wallpaper,1606
gecko wall art,1605
modern wall art prints,1603
curtains for large living room window,1603
swan wall art,1602
asymmetrical mirror bathroom,1602
tall crockery unit,1602
wfh desk setup 2 monitors,1600
steampunk wall art,1599
kids room bookshelf,1598
bedroom decor curtains,1597
framed art wall,1597
halloween candle holder,1596
bathroom vanity mirror size guide,1593
study unit with storage,1593
drum shade chandelier,1592
vilt lamp maken,1591
quilling candle holder,1590
bookshelf decor bedroom,1589
mermaid wall art,1589
area rug for grey couch,1588
house of mirrors haunting adeline,1587
teen wall art,1585
deer wall art,1583
lamp cover band,1582
how to make a rag rug,1581
wine wall art,1580
full length mirrors,1579
vintage bookshelf decor,1577
outdoor chandelier porch,1577
farmhouse bathroom wall decor,1577
korean desk setup,1577
white persian rug,1576
urban outfitters rug,1576
small bedroom bookshelf ideas,1575
tv unit background design,1575
rug placement corner bed,1574
developer desk setup,1572
mirrors in dining room wall,1570
lamp table decor,1570
curtains over radiator,1565
blue lamp shade,1562
wall art placement,1561
rustic living room wall decor ideas,1560
motorcycle wall art,1560
target bookshelf hack,1560
large nightstand ideas master bedrooms,1560
mirror in bathroom ideas,1559
spiritual wall art,1559
leg lamp costume,1559
corner pendant light living room,1558
wall mounted shelving unit,1556
hallway carpet runners,1555
trendy wall art living room,1555
white area rug,1554
aura wall art,1552
hanging mirror bathroom,896
office bookshelf ideas,1549
plaid rug living room,1548
red carpet theme party decoration,1548
scandi wall art,1548
hotel bathroom mirror,647
star wars wall art,1547
crochet lamp cover,1547
nursery blackout curtains,1545
light curtains living room,1544
the shining carpet,1544
wall art metal,1542
floor lamp dining room,1542
small rug living room,1540
nordic knots rug,1540
small bookshelf ideas bedrooms,1539
minimalist nativity scene,1537
linen blackout curtains,1534
stairs pendant light,596
dandelion wall art,1533
clay wall art tutorial,1533
lamp on bookshelf,1533
green glass lamp,1531
seashell candle holder,1531
carpet logo design,1530
elizabeth olsen red carpet,1529
prada wall art,1529
area rug in kitchen,1528
walking pad desk setup,1528
lamp post painting,1527
hotel wall art,1527
movie wall art,1527
wall ac unit,1526
office interior design modern wall art,1525
mirror ideas for bathroom,1524
relief wall art,1523
live edge bookshelf,1523
gypsum tv unit,853
minimalist wall art living room,1522
space wall art,1521
in wall bookshelf,1521
wall decor drawing art ideas,1520
window desk setup,999
art deco nightstand,1515
cool bookshelf ideas,1514
curtains living room colors,1512
mirrors in hallway,776
pink nursery rug,1511
earth tone wall art,1511
moroccan pendant light,1510
trippy wall art,1509
met gala red carpet background,1506
kaia gerber red carpet,1506
grey rug bedroom,1505
red carpet dresses elegant gowns,1505
tarva nightstand hack,1505
bedroom Floor Lamp ideas,1503
stair carpet ideas colour,1503
small nightstand lamps,417
blush pink curtains,1502
wallpaper frames on wall,1502
glass flower lamp,1502
floor desk setup,1502
pegboard desk setup,1004
green checkered rug,1501
bathroom mirror drawing,1501
cate blanchett red carpet,1500
modern dressing unit,1498
arched bookshelf decor,488
crockery cum bar unit,1497
lamp for room,1497
light grey curtains bedroom,1496
cute mirrors for bedroom,1496
photos with mirrors,472
entryway ideas mirrors,1495
3d illusion lamp,1495
white floor lamp,1494
powder room rug,1494
powder room mirrors,1004
led unit design,1492
guest bathroom mirror,1490
full length mirror in bathroom,1488
blue and white lamp,1488
chandelier aesthetic vintage,1487
modern bedroom chandelier,1486
art deco bookshelf,1483
oak vanity unit,1483
3 light pendant,1071
curtains with white walls,1482
tv unit images,1482
guest room nightstand,432
neutral bedroom rug,1481
black bathroom mirror ideas,1481
coastal floor lamp,1481
black persian rug,1480
wall art bedroom paint aesthetic,1479
almirah with tv unit,1478
nursery lamp ideas,1478
red carpet illustration,1477
bowling alley carpet,1477
abstract metal wall art,1476
long curtains short window,1476
large floor lamp,1475
partion wall room dividers with tv unit,1474
bathroom carpet ideas,1473
jelly roll rug free pattern,1473
bookshelf speaker stands,1473
blue carpet bedroom ideas,1472
bedside rug ideas,1471
bed rug placement,1470
chrome floor lamp,1470
luxury living room tv unit,720
jute rug runner,1469
under sink storage unit,1468
lamp wallpaper desktop,1467
wallpaper dining room accent wall,1057
crochet kitchen curtains,1466
modern carpet design,1465
small desk lamp,1463
room divider curtains,1462
8 ball carpet,1462
bathroom mirror cabinet organization,1461
nursery bookshelf decor,1460
persian rug green,1459
windows with curtains,1458
arched bathroom mirror lighting,1457
unique floor lamp,1453
bookshelf closet organization,1453
bathroom sink unit,1453
baby room carpet,1452
living room chandelier high ceiling,1451
hilja curtains ikea,1451
navy area rug,1450
bathroom mirror poses,1450
cozy floor lamp,1450
red carpet hair updo,1447
deck curtains outdoor,1447
mushroom lamp aesthetic,1447
bathroom mirror with light,1446
cottagecore desk setup,1039
window curtains living room ideas,1444
orange carpet living room,1443
reading floor lamp,1443
harry potter lamp,1443
office pendant light,1441
porch pendant light,1441
drum chandelier dining room,1440
gray living room curtains ideas,1439
how to drape curtains,1438
apartment desk setup,1438
nightstand inspo decor,943
candle holder centerpiece,1435
red pendant light,1435
white kitchen curtains,1434
black and white carpet living room,1434
wall of curtains behind bed,1434
blue wallpaper wall,703
mushroom candle holder,1433
grey and white curtains living room,1431
rattan lamp shade,1431
built in nightstand,1429
red lamp shade,1429
rattan pendant light bedroom,464
small bedroom chandelier,1427
3 mirrors on wall ideas living room,1427
black and white area rug,1427
family room chandelier,1427
vintage lamp drawing,1426
wicker lamp shade,1426
square bay window curtains,1425
candle holder tattoo,1423
blue bedroom curtains,1421
bathroom curtains ideas,1420
hall interior design living tv unit,1420
pop design for tv wall unit,1420
blue and gold curtains,1419
concrete tv unit,1419
blue and white curtains living room,1418
boho carpet bohemian rug,1417
crockery and bar unit design,1417
tv unit design modern small tv unit design modern,1416
painted kallax unit,1415
linen lamp shades,1415
dark rug bedroom,1411
shag area rug,1411
l shaped desk gaming setup,1411
veneer tv unit living rooms,1410
kallax shelving unit,1410
bay window curtains kitchen,1410
battery powered lamp,1410
tv unit design modern with cement,1409
small chandelier bathroom,1406
brass lamp makeover,1406
organize books without bookshelf,1404
shabby chic rug,1404
hall carpet ideas,1403
wall tv unit design tv panel bedroom modern,1403
curtains with lights,1403
black and white area rug living room,1399
bathroom vanity mirrors double sink,1399
striped curtains living room,1399
bathroom big mirror,1398
stairs carpet runner,1397
linen wallpaper accent wall,1397
cindy kimberly red carpet,1394
short bedroom curtains,1393
enhypen red carpet,1392
rounded window curtains,1391
candle style chandelier,1391
hanging pendant light,1390
high window curtains,1389
salon mirrors station,1389
small carpet bedroom,1388
feature wall ideas living room wallpaper,1387
curve tv unit design modern,1387
dining room area rug ideas,1386
computer desk setup workspaces,1386
industrial pipe lamp,1385
productive desk setup,1384
round table chandelier,470
mirrors with lights,1383
ikea lamp makeover,1383
dining room mirrors,1382
dried flower chandelier,1382
jessica alba red carpet,1382
bathtub pendant light,416
red carpet jewelry,1381
carpet in bedroom ideas,1378
patterned curtains bedroom,1378
tv unit bedroom small spaces,1378
metal floor lamp,1377
wall panelling with wallpaper,1377
black chandelier entryway,1377
lamp album cover wallpaper,1377
nightstand lighting ideas,1376
carpet for bedrooms ideas,1375
tall window curtains,1374
curtains too long hack,1373
salt lamp bedroom,1373
kids bookshelf organization,1371
floor to ceiling bookshelf,1371
tv unit aesthetic,1369
lamp on wall,1367
bathroom mirror frames,450
white wallpaper wall,438
aesthetic tv unit design modern,1365
oscar 2026 red carpet,1365
mirrors decoration ideas,1364
table lamp bedroom,1362
grass carpet indoor,1362
candle warmer lamp decor kitchen,1361
pink lava lamp,1361
mirror unit designs,1360
area rug ideas,1359
glass bottle lamp,1358
hot pink rug,1357
big desk setup,781
how to get nail polish out of carpet,1355
bedroom rug on carpet,1354
wooden chandelier rustic,1352
led ceiling lamp,1351
geometric rug living room,1350
lamp base makeover,1350
arch lamp living room,1349
watercolor nativity scene,859
decorating a bookshelf,1348
harry potter rug,1348
modern puja unit,729
built in bookshelf decor,1345
ikea malm nightstand hack,1344
book of mirrors,1342
32 inch monitor desk setup,1342
boho chandelier bedroom,1341
home office lamp,1340
additional dwelling unit,1338
lamp room grey farrow and ball,1338
tv unit with speakers,583
tv unit glass design modern,1336
stair rods carpet runner,1333
fillable lamp ideas,1333
bubble pendant light,1329
floor lamp bedroom ideas,1328
black and white rug bedroom,1327
elsa hosk red carpet,1325
tv unit molding design,668
square bathroom mirror,747
vaulted ceiling chandelier,1323
monitor arm desk setup,1322
modern bathroom mirrors,1321
jacob elordi red carpet,1321
lack wall shelf unit ideas,1320
bathroom lamp ceiling,1320
desk setup inspo,1320
green floor lamp,1319
contemporary chandelier high ceiling,1318
wall hanging lamp,1318
carpet colors with gray walls,1318
nina dobrev red carpet,1318
grey nightstand bedroom,1317
empty bookshelf wallpaper iphone,1317
scarlett johansson red carpet,1317
dresser and nightstand set,740
girls room chandelier,739
living room unit,1314
how to get stains out of carpet,1311
two mirrors on wall living rooms,1309
carpet flooring living room,1309
silver floor lamp,1309
big mirror bathroom,1308
laundry room wallpaper accent wall,1307
lamp boven ronde eettafel,1307
neutral carpet living room,1307
outdoor carpet patio,1307
window unit cover ideas inside,1307
unit tv modern,1306
checkered rug nursery,1304
lily james red carpet,1304
carpet cleaning service,1303
light grey carpet living room,1302
dining room carpet ideas,1301
beige carpet living room ideas,1300
ugly carpet solutions rental,1300
corner unit upcycle,1300
spray painted chandelier,1299
miley cyrus red carpet,1299
sadie sink red carpet,1298
room tv unit,1298
fused glass candle holder,1298
bedrooms with carpet,1297
berber rug living room,1296
mason jar lamp,1296
chandelier with shades,1295
blue wallpaper accent wall,1295
ikea kallax unit,588
mirror medicine cabinet bathroom,1294
twice red carpet,1294
ikea stockholm tv unit,1294
addison rae red carpet,1291
architect desk setup,683
chandelier cake stand,1290
nicole kidman red carpet,1290
versace red carpet,1290
stick on wallpaper accent wall,1289
casual red carpet looks,1288
kitchen runner rug white cabinets,1287
rosie huntington whiteley red carpet,1286
living room with floor lamp,1285
nightstand set of 2,1285
corner entertainment unit,1284
colorful desk setup,810
long wall tv unit design,630
christmas story leg lamp,1278
nelson bubble lamp,1277
mid century desk setup,582
cozy living room rug,1276
fish tank lamp,1276
tv unit design modern living,1275
cow print rug living room,1275
homemade carpet shampoo,1275
billy bookshelf hack,1275
neutral nursery rug,1272
built in entertainment unit,1272
portable table lamp,1272
art with mirrors,793
stone pendant light,1270
venice film festival red carpet,1269
record player bookshelf,784
maddie ziegler chandelier,1268
marilyn monroe red carpet,1268
tv and study unit,1266
lava lamp science fair project board,1266
bedroom carpet ideas area rugs,1265
braided jute rug,1265
living room grey carpet,1262
rustic lamp shades,1262
how to make a lamp shade,1262
tv unit with dining table,1261
salt lamp benefits,1259
pink imac desk setup,1258
wallpaper backgrounds for room wall,628
dark red carpet,1257
john wall wallpaper,1257
hanging lamp bedroom,1257
lotus lamp vintage,1256
berry ave rug decal codes,1255
hot air balloon lamp,1255
bookshelf room ideas,1253
mikey madison red carpet,1253
tulip mirror lamp,1253
black and brass chandelier,1252
sophie thatcher red carpet,1251
verner panton lamp,1251
lantern floor lamp,1250
king bed rug,1249
corner bathroom mirror,1248
bookshelf as nightstand,690
round chandelier dining room,1246
emma chamberlain red carpet,1246
chandelier for kitchen,1244
white fluffy carpet,1244
toad singing chandelier,1243
light mirror bathroom,1242
modern kitchen chandelier,1242
narrow bookshelf styling,1241
powder room chandelier,1241
washable runner rug,1240
bookshelf inspo bookcase styling,1240
rug sizes living room,1239
indoor front door rug,1239
bathroom rug sets,1238
black bathroom light fixture over mirror,1237
giant lava lamp,1236
sweet 16 candle holder,1236
light blue nightstand,759
carpet over carpet ideas,1234
brass bathroom mirror,1234
ryujin red carpet,1233
fur rug bedroom,1229
travertine tv unit,1229
double mirror bathroom,1228
lowers tv unit design,1227
korean actress red carpet,1226
chandelier living room high ceiling,1222
black and white outdoor rug,1220
luxury chandelier design,733
golden globes red carpet,1219
chandelier in kitchen,1216
red carpet interview,1216
how to get pee smell out of carpet,1215
camila morrone red carpet,1215
shoes boxes on wall decor,1215
living room designs tv unit,1214
breakfast nook chandelier,1208
carpet cleaner homemade dog urine,1208
bamboo candle holder,1207
tv unit decor ideas indian,1206
bookshelf coffee bar,1205
wall to wall carpet ideas bedrooms,1203
ikea jute rug,1203
one piece rug,1202
hand hooked wool rug,1201
2 mirrors on wall living room,1200
bathroom mirror black,560
vanity mirror bathroom,1192
tate mcrae red carpet,1191
game desk setup,1191
rug in kitchen ideas,1186
layered jute rug,1186
taper candle holder,1185
small bathroom rug,1184
basket pendant light,1183
rectangular chandelier dining rooms,1181
styling a bookshelf,1180
carpet ideas for bedroom,1180
small bedroom rug ideas,1179
bathroom mirror lighting ideas,1177
cube storage unit,1176
seventeen hip hop unit wallpaper,1176
how to decorate bookshelf,1175
wooden crate bookshelf,1173
types of mirrors,1172
mason jar chandelier,1172
grass carpet bedroom,1172
girls bookshelf ideas,1171
loop pile carpet,1171
minimalist bookshelf styling,1170
bookshelf drawing bullet journal,1169
media unit ideas tv walls,1169
tv unit design in bedroom,1168
margaret qualley red carpet,1168
bathroom mirror pics with boyfriend,1168
tv in bookshelf,1167
rug hooking frames,1165
bookshelf bulletin board,1164
minimal tv unit design living rooms,1163
small bathroom chandelier,1163
boho runner rug,1163
boho nightstand decor,1163
hollywood red carpet aesthetic,1161
ceiling medallion chandelier,1159
rug runner stairs,1155
colorful living room rug,1153
chandelier for dining room,1151
bedroom area rug placement,1150
large pendant light,1150
bookshelf in wall,1149
living tv unit design,1147
carpet texture drawing,1145
bedroom with tv unit,1142
cozy bedroom rug,1141
brass chandelier makeover,1141
how to get paint out of carpet,1141
red carpet cake,1141
concealed tv unit,1140
bedroom ideas carpet,1139
aesthetic wallpaper wall,1139
cloud pendant light,1139
bookshelf dining room,1138
animal print rug living room,1138
wall unit ideas,1136
teal rug living room,1131
upstairs carpet ideas,1129
bathroom shelving unit,1126
living room with bookshelf,1125
truth mirrors christian,1125
red persian carpet,1125
tom holland red carpet,1119
small bedroom tv unit design,1117
jute rug kitchen,1117
tv unit design under staircase modern,1116
full body mirrors,1114
chandelier in closet,576
bathroom mirror quotes,429
framed bathroom mirror ideas,1113
corporate desk setup,528
alabaster pendant light,1112
3d wall wallpaper,633
clear glass pendant light,1111
small mirrors on wall,1109
plus size red carpet,1109
area rugs over carpet living room,1103
korean red carpet,1103
large mirror in bathroom,1100
bathroom mirror trim,424
dresser into bookshelf,551
entertainment unit ideas,1098
cute office desk setup,468
bronze pendant light,1090
preschool families unit,1090
ikea candle holder,1086
galicha design carpet,1083
charli xcx red carpet,1083
chrome hearts rug,1081
itzy red carpet,1080
newjeans red carpet,1079
beer bottle chandelier,626
art deco mirrors,601
g unit wallpaper,1076
kitchen storage unit,1075
hallway pendant light,549
rug bedroom ideas,1074
round area rug,1072
irene red carpet,1071
tv unit light,1069
nativity scene characters,1068
hemnes nightstand makeover,1068
hall of mirrors aesthetic,498
tv unit new design,1066
justin bieber red carpet,1066
kill fleas in carpet,1066
mirror lights bathroom,1059
white bathroom mirror,1059
bookshelf in hallway,478
tv unit with shoe rack,1055
living room with tv unit,1054
carpet top view png,1054
floating shelves nightstand,476
rug drawing sketch,1051
murphy bed bookshelf,573
side table with dressing unit,1050
rag rug bracelet,1048
bathroom ideas mirrors,1046
mirror tiles bathroom,1046
light carpet bedroom,1045
cone pendant light,1045
tibetan tiger rug,1043
full wall tv unit,1042
snake candle holder,1041
engineer desk setup,406
mug rug tecido,1040
rug in front of fireplace,1040
tv unit design classic,1039
performance unit svt,1036
dark living room rug,1035
the nativity scene,493
felt ball rug,1034
tv unit accessories,1034
ralph lauren rug,1033
unit and dimensions notes,1031
red carpet fashion gorgeous gowns,1029
rachel zegler red carpet,1026
daisy edgar jones red carpet,1026
paul mescal red carpet,1026
tube pendant light,458
16 mirrors alex g,1024
turkish carpet pattern,1024
led mirrors for bathroom,501
red carpet couple aesthetic,1021
jennifer lopez red carpet,1019
minecraft chandelier design big,1017
brown bookshelf aesthetic,1017
jessica chastain red carpet,1015
modern living room tv unit,1014
front facing bookshelf,1014
artificial grass rug,1013
irina shayk red carpet,1012
wallpaper for mandir wall,1011
tv unit cum pooja unit,1011
mirrors at weddings,537
rug on carpet nursery,1007
style a bookshelf,1004
rug runner kitchen,1002
couple of mirrors manhwa,1002
round bathroom mirrors,458
large foyer chandelier high ceilings,410
tv unit double height wall,1000
art deco tv unit,999
modern bookshelf decor,996
carpet for grey couch,996
bookshelf with storage,995
wabi sabi carpet,995
rug dance floor,995
cabinet mirror bathroom,592
carpet colors with white walls,994
minimal desk setup laptop,992
nativity scene silhouette printable free,990
hanging flower chandelier,546
pantry unit kitchen modern,989
ikea hemnes nightstand hack,988
small desk pc setup,582
wabi sabi bookshelf,987
master bath mirrors,985
chanel red carpet,985
cell the unit of life,985
school bathroom mirror,485
beige persian rug,984
rug on rug layering,981
partition with pooja unit,980
hot bathroom mirror selfie couple,979
corner puja unit design,978
coquette desk setup,977
small pendant light,975
red carpet dresses 2026,975
kristen stewart red carpet,975
notion bookshelf template,973
moody area rug,971
art nouveau chandelier,971
rug for grey floor,970
rug in front of mirror,970
beach house rug,970
black and white bookshelf,970
french chandelier dining room,453
cowhide rug office,969
tv unit without back panel,969
tv unit elevation,968
suspended tv unit,966
wire candle holder,966
round rug dining room,965
tv unit with plants,964
bookshelf wall ideas,963
barbie red carpet,962
ashley tisdale red carpet,962
bookshelf aesthetic living room,961
dior red carpet,961
txt red carpet,960
mirror wall decor bathroom,959
creative bookshelf design,959
carpet photography ideas,959
55 inch tv unit design modern,959
ikea rast nightstand,486
cool mirrors bedroom,460
white red carpet dresses,958
beige rug bedroom,957
carpet background photoshoot,957
dressing unit in bedroom,956
oven unit in kitchen,956
upvc tv unit design,950
rug ideas for bedroom,949
long desk setup,948
abstract rug texture,947
you look good rug,946
bedroom ideas with mirrors,944
desk setup office,943
colorful rug living room,941
chandelier high ceiling,939
plastic canvas candle holder pattern,939
toothbrush rug tutorial,938
quotes about mirrors,938
olive green rug living room,937
cute nightstand decor,936
bookshelf for nursery,935
melanie martinez red carpet,935
ive red carpet,935
high pile rug,934
billy bookshelf styling,931
half circle rug,930
rug on carpet living room ideas,929
tv unit styling living rooms,927
vanessa hudgens red carpet,927
bathroom mirror decorating ideas,926
bookshelf in bathroom,461
red carpet ponytail,925
coffee table rug,924
faze rug wallpaper,924
designer desk setup,924
lounge carpet ideas,922
best carpet cleaner,921
grey desk setup,921
statement pendant light,919
nightstand in front of window,919
air dry candle holder,919
high ceiling chandelier living room,918
how to remove carpet,915
mirrors in bedroom ideas,913
burl wood nightstand,913
nightstand makeover ideas,433
crystal candle holder,912
small space bookshelf ideas,910
nursery rug ideas,910
camila cabello red carpet,910
room decor bookshelf,909
pop tv unit,909
bookshelf with books,908
room with bookshelf,908
red carpet centerpieces,907
sputnik chandelier dining room,906
red carpet zepeto,905
side unit design,905
bedroom carpet placement,904
island tv unit,903
vanity as nightstand,474
luxury bathroom mirror,901
red carpet stairs,901
emmy rossum red carpet,901
living room with grey carpet,900
tile rug inlay,898
t patti tv unit design,898
condo unit floor plan,898
wall mirrors for living room,897
corner storage unit,897
tv unit with fluted panels,897
curved monitor desk setup,897
simple bookshelf decor,896
tv unit side wall design,895
oversized pendant light,895
red carpet birthday,894
low tv unit,894
clay nativity scene,893
kitchen rug ideas layout,891
light up mirror bathroom,890
tv unit floating,888
bookshelf corner ideas,887
bathroom with chandelier,887
circle rug decals bloxburg,887
white desk setup aesthetic,886
simple tv unit for bedroom,885
3 mirrors over bathroom vanity,885
granny square rug,884
white carpet wedding,884
living room round rug,883
flatweave area rug,883
bookshelf coloring page,883
minecraft bookshelf design,882
bookshelf side table,882
bathroom door mirror,466
green rug bedroom aesthetic,880
pottery barn nightstand,880
bookshelf in office,878
vintage nightstand decor,877
christmas tree candle holder,877
bird candle holder,449
wallpaper behind bathroom mirror,430
bookshelf decor aesthetic,876
cow carpet living room,876
pillar candle holder,875
classy tv unit designs,874
dark carpet bedroom ideas,874
small carpet living room,873
wall wallpaper design living rooms,872
wool carpet bedroom,872
austin butler red carpet,872
earth tone rug,871
outdoor rug on grass yards,871
crockery unit color combination,868
blue rug living room ideas,867
framed mirror bathroom,866
persian carpet bedroom,866
chandelier for bathroom,864
community helpers unit,864
low budget tv unit design,863
table lamps for bedroom nightstand ideas,863
mirror affirmations bathroom,862
black nightstand bedroom ideas,861
bookshelf inspiration ideas,860
bookshelf in nursery,860
chandelier dining room modern,859
jimin red carpet,859
hollywood red carpet outfit men,859
bedroom rug layout,858
orange pendant light,858
jute rug living room decor,858
natural carpet cleaner,858
mirrors edge tattoo,857
tv unit minimal design,856
blue persian carpet,856
bookshelf ideas bedroom,855
tv built in wall unit living room,855
pendant light over bed,412
large mirror bathroom,851
minimalist tv unit design living rooms,850
bathroom area rug,849
study unit with wardrobe,848
carpet squares ideas,847
types of carpet,847
office tv unit design,847
mirrors edge wallpaper,846
floor mounted tv unit,846
wooden nightstand aesthetic,844
cute bookshelf decor,843
wall mirror bathroom,843
kids room chandelier,843
how to get blood out of carpet,843
living room wall wallpaper,842
animal crossing carpet design,841
pink pendant light,838
desk gaming setup,837
colter wall wallpaper,836
wall bookshelf ideas living room,834
rugs in bedroom with carpet,834
william morris rug,833
purple carpet bedroom,830
skull candle holder,830
vivienne westwood red carpet,829
basic tv unit design,828
decor between two bathroom mirrors,828
otg unit in kitchen,828
tv unit and dresser,827
louvers tv unit design,827
small tv unit ideas,825
tv unit for small wall,824
tv unit with woofer space,824
designer tv unit,822
nightstand pendant lighting,407
bedroom ideas with grey carpet,821
freestanding vanity unit,821
nightstand and dresser pairing,821
wallpaper living room accent wall ideas,820
onyx tv unit,820
kitchen chandelier ideas,818
round mirrors on wall,818
hotel tv unit design,818
mirrors in kitchen,816
corner bookshelf ideas for small spaces,815
pendant light in bedroom,815
colorful carpet living room,815
shawn mendes red carpet,815
compact tv unit,815
stone carpet floor,814
styling nightstand bedside tables,814
bathroom storage unit,813
geometric carpet design,811
light pink carpet,811
plywood tv unit,811
bathroom vanity and mirror,810
carpet tiles basement,807
tu unit design,806
tv unit round design,805
eva unit 01 berserk,805
nightstand with drawers,804
i need a room full of mirrors kanye,804
simple nightstand decor,803
asthetic mirrors for room,803
green carpet texture seamless,803
earthy desk setup,803
shoe storage unit,801
mirrors in dining room,800
cozy bookshelf aesthetic,798
small wall bookshelf,797
mercury glass pendant light,797
big pendant light,795
pet stains out of carpet,795
bedroom dark carpet,794
persian carpet painting,794
double pendant light,793
halle bailey red carpet,792
bookshelf with seating,791
morden tv unit design modern,790
bookshelf inspiration small room,789
apartment bookshelf ideas,789
couple mirrors pictures,787
decoupage candle holder,787
home tv unit design,785
pooja unit cnc design,785
megan thee stallion red carpet,782
cutlery unit design modern,782
corner bookshelf ideas living room,781
upcycling mirrors frame ideas,779
bookshelf on the wall,778
books on bookshelf,776
restoration hardware chandelier,776
carpet interior design,775
sea glass candle holder,775
birthday candle holder,775
alex desk setup,774
entryway decor mirrors,774
granite tv unit design,773
modern dining chandelier,771
pendant light for bedroom,770
tall pantry unit,770
crystal chandelier aesthetic,769
tv unit with tiles background,769
decorating with mirrors in living room,767
tv unit and study,767
rene caovilla chandelier heels,766
visual comfort chandelier,765
organic mirror bathroom,765
tv on bookshelf,764
retro tv unit,762
antler chandelier dining room,761
shoe unit with seating,761
anime bookshelf aesthetic,760
girls room wallpaper accent wall,760
tv unit without storage,760
ikea square mirrors,759
office with bookshelf wall,759
mcm pendant light,758
full mirror bathroom,757
wall unit designs living rooms,757
medieval candle holder,756
moody desk setup,756
dining room bookshelf,755
folding dining table with crockery unit,750
slim tv unit,750
heart candle holder,749
large wall mirrors,747
law and order: special victims unit,747
mosaic mirrors ideas,746
bible bookshelf printable,746
office bookshelf organization,745
star candle holder,745
bookshelf small room,744
bathroom chandelier ideas,744
how to decorate nightstand,744
old money bookshelf,743
simple machines unit,736
maximalist desk setup,736
pink floyd the wall wallpaper,735
system unit computer drawing,735
seeded glass pendant light,732
bathroom mirror shelves,731
small built in bookshelf,730
unique bookshelf ideas,727
bookshelf decoration ideas,726
bookshelf minecraft ideas,724
dark green nightstand,723
pretty desk setup,723
tech desk setup,723
bathroom accent wall wallpaper master bath,722
farnichar design tv unit,722
air handling unit,722
bathroom mirror frame ideas,721
intensive care unit design,721
temple with crockery unit,721
decorate a bookshelf,720
2 unit apartment building plans,720
art above nightstand,719
calcifer candle holder,719
bookshelf styling office,717
cute bookshelf aesthetic,717
bookshelf toy storage,716
wall trim with wallpaper,716
tv unit small space tv walls,716
makeup desk setup,716
bookshelf for living room,715
breakfast counter with crockery unit,715
bookshelf built in wall,714
vanity mirror with lights bathroom,714
chandelier floor lamp,713
outdoor chandelier ideas,712
things to write on mirrors,712
library unit design,712
cool desk setup,712
mcm wall unit,711
walnut nightstand bedroom,711
black desk setup aesthetic,711
corner bookshelf decor,710
amethyst chandelier minecraft,710
rustic bathroom mirror ideas,709
tv unit with home theater design modern,709
linear dining room chandelier,708
pink bookshelf aesthetic,708
bed with bookshelf headboard,708
modern wall unit,708
wedding mirrors signs,707
golden wallpaper for wall,707
gingerbread nativity scene,707
mirror for bathroom vanity,706
living room tv unit designs luxury,705
modern wall tv unit design,705
bookshelf arrangement ideas,705
antique brass pendant light,704
studio desk setup,704
french tv unit,703
sage green nightstand,703
transitional dining room chandelier,702
bookshelf above desk,702
pottery barn chandelier,702
rattan nightstand bedside tables,702
mirrors for bathroom vanity,701
wicker pendant light kitchen,701
fantasy bookshelf aesthetic,700
beige desk setup,700
bathroom with big mirror,699
entertainment unit decor,699
candle holder set,699
music desk setup,699
tv wall unit bedroom,698
front door chandelier entrance,698
besta tv unit hack,698
light wood bookshelf,697
fan and chandelier in same room,696
vintage chandelier bedroom,694
bedroom wall wallpaper,694
crockery unit with sink,693
build in tv wall unit,692
bathroom mirror height,692
white bookshelf styling,691
bubble chandelier dining room,690
shoe rack unit,690
bookshelf in living room ideas,689
small bedroom bookshelf,689
candle holder christmas,689
geometric pendant light,689
chandelier tattoo design,689
rice paper pendant light,689
tv unit design small space,687
farmhouse chandelier lighting,687
tv unit ideas for bedroom,686
bathroom mirror reference,685
brick wall tv unit design,684
cloakroom vanity unit,684
solid wood bookshelf,683
gazebo chandelier outdoor,682
bookshelf interior design,682
media unit decor,681
big chandelier high ceilings,679
bookshelf with cabinet,679
glass chandelier dining room,678
french provincial nightstand,678
antler candle holder,677
chic desk setup,677
contemporary crockery unit,676
edison bulb chandelier,676
3d tv unit design,676
hanging chandelier over table,675
minimalist bookshelf decor ideas,674
tv unit groove design,673
bookshelf aesthetic decor,672
intensive care unit aesthetic,672
tv unit gypsum design,670
tv unit with seating,670
eva unit 01 wallpaper,670
navy blue nightstand,670
contact paper bookshelf,669
entertainment center wall unit,668
puja unit door designs,668
tall bathroom mirrors,667
living room tv unit designs simple,666
tv unit grey and white,666
clay pendant light,666
bookshelf with mirror,666
double vanity unit,666
bookshelf over doorway,665
wall blush wallpaper,665
octopus candle holder,665
eames storage unit,664
mirrors for living room wall,663
customised wallpaper for wall,663
witchy desk setup,663
public bathroom mirror,662
bathroom mirror design ideas,660
decorative mirrors wall,659
boys room bookshelf,658
tv unit with sliding door,658
tv unit contemporary,658
black framed mirror bathroom,657
tv unit with display,656
rajasthani wallpaper for wall,655
desk setup inspiration,655
tv unit with ac on top,654
clean girl nightstand,653
kitchen with pooja unit,652
entryway bookshelf ideas,650
small wooden bookshelf,648
central processing unit (cpu),648
pine tv unit,648
decorated mirrors frame ideas,646
landscaping around air conditioner unit,646
gamer girl desk setup,646
modern classic chandelier,645
dressing unit design modern luxury,645
study table unit,644
school desk setup,643
brass dome pendant light,642
toilet and basin unit,641
chandelier layers haircut,641
white bed black nightstand,641
office pooja unit,640
kallax unit ideas,640
tv unit design ideas living rooms,639
modern nightstand lamps,639
8 feet tv unit design,639
partial wallpaper wall,638
vintage nativity scene,637
cinder block bookshelf,636
adjustable desk setup,636
short bookshelf styling,635
full length mirror bathroom,635
set of 3 mirrors on wall,635
walmart bookshelf closet,635
software engineer desk setup,635
oak desk setup,635
normal tv unit design,634
bedroom chandelier ideas modern,634
corner pendant light,634
uni desk setup,634
new classic chandelier,633
rattan mirror bathroom,633
unit of inquiry,633
tv unit with sound bar and woofer,633
bookshelf iphone background,632
k 9 unit,632
dark wood tv unit,632
medicine cabinet mirror bathroom,631
bathroom lighting chandelier master bath,630
wardrobe with bookshelf,630
tv unit top view photoshop,630
bookcase wall unit,629
nightstand height to bed guide,629
bathroom large mirror,627
bathroom decor mirrors,627
studio unit design,627
white nightstand bedroom ideas,626
marble pendant light,626
mirrors on ceiling,626
closet turned into bookshelf,626
snowman candle holder,626
simple desk setup small spaces,623
oil rubbed bronze chandelier,622
tv unit design with wallpaper,621
decorate nightstand ideas,621
wood bookshelf makeover,621
small office bookshelf ideas,620
small room bookshelf ideas,620
big wall tv unit design,620
dollar store candle holder,620
bathroom mirror wall ideas,619
laptop desk setup small spaces,619
mirrors niall horan,619
office wall unit,618
seventeen dance unit,617
best tv unit,617
bookshelf decor with books,616
tv unit with wallpaper tv walls,615
black bookshelf aesthetic,614
media unit with fireplace,614
removable wallpaper accent wall,613
tv unit sunmica combination,612
bathroom round mirror ideas,611
pvc marble sheet tv unit,611
tv and study unit bedroom,611
black tv unit decor,611
bedroom without nightstand,611
chandelier lamp shades,610
brick wallpaper accent wall,610
grocery unit in kitchen,610
army unit patches,610
bedroom bookshelf decor,609
cage pendant light,608
pastel desk setup,608
chandelier over bed,607
bloxburg bathroom mirror decals,607
bathroom mirror inspiration,607
entryway chandelier ideas,606
vintage crockery unit,605
dressing table mirrors,604
how to put wallpaper on wall,604
wall titan wallpaper,604
charcoal sheet tv unit,604
copper candle holder,604
white chandelier dining room,603
one piece shower unit,603
lobby tv unit design modern,603
bedside table bookshelf,602
gold bookshelf decor,602
kids bedroom bookshelf ideas,601
beveled mirror bathroom,601
royal tv unit design,599
blacksmith candle holder,599
compact kitchen unit,598
mirror for small bathroom,597
orb pendant light,597
bathroom mirror christmas decor,597
tv unit dimensions in cm,597
ac outdoor unit in balcony,597
solid wood nightstand,596
elegant tv unit designs,595
modern linear chandelier,595
tv unit master bedrooms modern,595
studio unit floor plan,595
warm desk setup,595
black round mirror bathroom,594
aesthetic mirrors for bedroom,592
reception pendant light,592
kallax tv unit hack,592
bed tv unit,592
crockery unit under staircase,592
dressing unit with mirror,592
portable ac unit,591
letrs unit 1 assessment answers,591
mirrors in bathroom ideas,590
beach house chandelier,590
boho bathroom mirror,590
furniture tv unit,590
mirrors justin timberlake spotify,589
corner display unit,589
wallpaper tv unit tv walls,588
chandelier bathroom tub,588
ikea vikhammer nightstand hack,588
pivot mirror bathroom,588
premium tv unit designs,588
hand painted bookshelf,586
ribbed glass pendant light,585
pinecone candle holder,585
corner bookshelf styling,582
gold chandelier bedroom,582
bookshelf design minecraft,581
smoked glass pendant light,581
vintage bathroom mirrors,580
industrial desk setup,580
bathroom mirror border ideas,578
bathroom vanity lighting over oval mirror,578
silver bathroom mirror,577
best desk setup,576
editing desk setup,576
yellow pendant light,575
mini bookshelf craft,575
cottage core chandelier,574
bookshelf with bench,574
top of bookshelf decor ideas,573
ceiling chandelier modern,573
bathroom wall lights above mirror,572
wallpaper for shop wall,572
wallpaper in bathroom statement wall,572
wfh desk setup aesthetic,571
chandelier with flowers,570
house of mirrors aesthetic,569
neutral desk setup,569
cylinder pendant light,568
candle holder makeover,568
alex drawer desk setup,568
shell pendant light,567
stained glass mirrors ideas,567
books are the mirrors of the soul,567
scalloped mirror bathroom,567
wall of mirrors ideas living room,566
paper mache candle holder,566
xbox desk setup,566
hair salon mirrors,565
spicy bathroom mirror pics,565
karlby desk setup,565
wardrobe with mirrors,564
dorm nightstand ideas,564
acrylic candle holder,564
bookshelf for room,563
terracotta pendant light,562
crystal chandelier living room,554
bookshelf living room ideas small spaces,553
vintage bathroom mirror ideas,552
decorative bathroom mirrors,552
sea shell mirrors seashell frame,550
living room decor bookshelf,548
simple bookshelf ideas,548
star pendant light,547
dark academia chandelier,546
floating mirror bathroom,546
lighthouse candle holder,546
chandelier for dining table,545
solar chandelier outdoor,544
horseshoe candle holder,544
big bookshelf aesthetic,543
pendant light bedside,543
old money chandelier,543
funky bathroom mirror,542
books on nightstand,542
mirror ideas bathroom,541
brass and glass pendant light,541
offset sink bathroom vanity mirror,541
stained glass nativity scene,541
small space nightstand ideas,540
leather pendant light,540
pendant light shades,539
modern mirror bathroom,538
bookshelf for office,537
bathroom vanity with mirror,536
craft desk setup,535
tv desk setup,534
photographer desk setup,534
dining chandelier ideas modern,533
double chandelier dining room,532
japandi bookshelf wall,531
iron chandelier rustic,530
round nightstand decor,529
dining room table chandelier,528
square mirrors on wall,526
pulley pendant light,526
square pendant light,525
magnifying mirror in bathroom,525
comfy desk setup,525
ideas for mirrors decorating,524
pendant light bathroom vanity,524
double sided bookshelf,524
pendant light cord,523
crochet nativity scene,523
wooden bookshelf decor,522
scalloped pendant light,522
venetian mirror bathroom,522
chandelier bedroom modern,521
wood crate bookshelf,521
floral wallpaper accent wall,521
chandelier cake design,520
crochet bookshelf decor,519
gothic chandelier tattoo,518
cane pendant light,518
paper mache chandelier,518
fimo candle holder,518
over the tub chandelier,517
wall e wallpaper desktop,516
hobby lobby mirrors,515
unique bathroom mirror,514
ghibli desk setup,514
bookshelf bedroom aesthetic,513
living room wall decor ideas mirrors,513
greenery on chandelier,513
nativity scene coloring pages,513
things to draw on mirrors,511
sitting room chandelier,511
farmhouse nightstand lamps,511
mirror shelf bathroom,510
blank bookshelf template,508
wallpaper wall design interiors,508
wall decor with mirrors living room,507
vintage mirrors wall,507
semi flush chandelier,507
bathroom with mirror wall,506
small dining room chandelier,506
nursery pendant light,506
organic modern bookshelf,506
nativity scene aesthetic,506
mirrors above nightstand bedroom ideas,505
bookshelf seating chart wedding,505
chair as nightstand,505
dresser as nightstand master bedrooms,505
one light fixture over two mirrors,504
hanging chandelier wedding,504
neo classical chandelier,503
low bookshelf styling,502
simple chandelier bedroom,502
natural pendant light,502
wood and metal chandelier,502
mirror wall in bathroom,501
globe chandelier dining room,501
desk setup lighting,501
mirror over nightstand bedroom ideas,500
acnh bookshelf design,500
half wall wallpaper ideas,500
trendy mirrors bedroom,499
funko pop bookshelf,499
navy nightstand bedroom,499
chandelier dining table,498
kitchen table chandelier ideas,498
glass bookshelf decor,498
decor above bathroom mirror,498
modern chandelier dining,497
suspended mirror bathroom,497
jar candle holder,497
malm desk setup,497
living room designs with mirrors,496
multiple mirrors on wall living room,496
wabi sabi nightstand,496
mid century modern bookshelf styling,495
bathroom mirror selfie poses men,495
mini chandelier bedroom,494
book arrangement ideas bookshelf styling,494
vertical mirrors on wall living room,494
tulip candle holder,494
bookshelf in corner,493
bedroom chandelier master low ceiling,492
3 light chandelier,492
chandelier for entryway,491
candle chandelier hanging,491
chandelier living room modern,490
tall bookshelf styling,490
powder bathroom mirror,489
bathroom vanity lights over mirror ideas,488
how to lock your mirrors witchcraft,488
pearl necklace chandelier,488
nathan james bookshelf,488
bookshelf on wall ideas,487
small bathroom mirror and lighting ideas,487
lamp shade chandelier,487
billy bookshelf built in,487
bookshelf decals bloxburg,487
nightstand with storage,486
computer desk setup small space,485
bookshelf shoe storage,485
above bookshelf decor,484
vanity bathroom mirror,484
ikea bookshelf decor,484
arch bookshelf styling,484
mexican candle holder,484
dome pendant light,483
small round mirrors,483
crown candle holder,483
antique bookshelf decor,482
how to draw a bookshelf,481
salon chandelier ideas,481
moon candle holder,480
reading corner with bookshelf,479
panel mirrors on wall,478
flowers on nightstand,478
macbook air desk setup,478
creative bookshelf ideas,477
two mirrors one sink in bathroom,477
art deco bathroom mirror,476
blue nightstand bedroom,476
ikea bookshelf hack billy bookcases,475
animal candle holder,475
ring pendant light,474
coloring desk setup,474
olive green bookshelf,474
candle holder crafts,474
sewing desk setup,474
ikea eket nightstand,473
terracotta candle holder,473
ikea malm desk setup,473
minimalist chandelier dining room,472
green bookshelf aesthetic,472
hotel lobby chandelier,472
wallpaper for kitchen wall,471
small circle mirrors on wall ideas,470
couple of mirrors gl,470
brushed nickel bathroom mirror,470
coastal bathroom mirror,470
salt dough candle holder,470
luxury desk setup,469
mirrors on wall living room,468
toilet pendant light,467
spring bookshelf decor,467
dark wallpaper bedroom accent wall,467
double mirrors living room,466
memorial candle holder,466
pilates studio mirrors,466
one wall wallpaper bathroom,466
bathroom bookshelf decor,465
stainless steel bookshelf,465
small corner bookshelf ideas,464
fairy light chandelier,464
percy jackson bookshelf,464
bathroom with large mirror,463
bathrooms mirrors ideas,463
dining room without chandelier,463
pixel art bookshelf,463
leaf candle holder,463
narrow bookshelf ideas,462
what to put in nightstand drawers,462
art deco chandelier dining room,460
chain pendant light,460
stone wall wallpaper,460
mirror with lights bathroom,459
built in bookshelf styling,458
entry way with mirrors,458
half wall paneling with wallpaper,458
creative desk setup,458
bookshelf design wall small spaces,457
macrame pendant light,457
chandelier room bedrooms,456
dual monitor setup l shaped desk,456
plant desk setup,456
bookshelf above tv,455
moon pendant light,455
lego bookshelf display,455
girls bathroom mirror,455
cottage core nightstand,455
mirror shapes design for bathroom,454
wall mirrors entryway,454
ceiling design with chandelier,454
bookshelf painting canvas,454
handprint nativity scene,454
boho desk setup,454
large round bathroom mirror master bath,453
feminine desk setup,453
plastic bottle chandelier,452
low profile chandelier,452
wallpaper for salon wall art,452
glass desk setup,451
plaster candle holder,450
bathroom mirror with light above,449
mirrors designs ideas,449
green glass chandelier,449
invisible bookshelf wall,449
acubi desk setup,449
3 monitor desk setup home office,448
forex trading desk setup,448
nightstand lamps bedroom modern,447
old mirrors repurposed,447
spooky bookshelf painting,447
kitchen island with bookshelf,447
vanity mirrors ideas,446
cottagecore bookshelf aesthetic,446
bathroom mirror off center sink,446
micke desk setup,446
bathroom lighting mirror,444
vintage wall wallpaper,444
forest desk setup,444
colored nightstand bedroom,443
sculptural pendant light,443
sims 4 cc bathroom mirror,443
bathroom lighted mirror,442
bathroom mirror with shelves,442
bauhaus pendant light,442
vintage nightstand decor ideas,441
indian desk setup,441
yellow desk setup,441
black dome pendant light,440
ikea bathroom mirror,440
green wallpaper accent wall,439
two wall mirrors side by side,439
false ceiling with chandelier,438
mirrors next to tv on wall,437
farmhouse bathroom chandelier,437
nativity scene sets,437
professional desk setup,437
spanish style chandelier,436
christmas nightstand decor,436
rattan nightstand bedroom ideas,436
white desk gaming setup,436
bathroom lights next to mirror,435
small bathroom vanity lights over mirror,435
milk glass pendant light kitchen island,435
wide bathroom mirror,435
pink desk setup aesthetic,435
120cm desk setup,435
black and white chandelier,434
west elm nightstand,434
chandelier ceiling lights,433
chandelier table lamp,433
oval led mirror bathroom,433
crocary unit design modern wooden,433
minimalist nightstand decor,433
desk setup artist,433
mason jar pendant light,429
marble nightstand bedside tables,429
stickers for mirrors,428
chandelier tooth gem,428
refinished nightstand ideas,427
large living room chandelier,426
master bath mirrors double sinks,426
gummy bear chandelier,426
mcm desk setup,426
3d printer desk setup,426
wallpaper on bedroom wall,425
business desk setup,425
mirror design wall bathroom,424
gaming and work desk setup,424
candy cane candle holder,424
modern bathroom vanity mirror,423
bathroom vanity and mirror ideas,423
chandelier modern living room,423
ornaments hanging from chandelier,421
big wall mirrors,420
modern organic nightstand,420
decor with mirrors,419
closet doors with mirrors,419
mirrors on stair landing,419
jesus nativity scene,419
wallpaper for room wall,418
pink crystal chandelier,418
wallpaper for temple wall,417
porcelain candle holder,416
mercury glass chandelier,416
mens nightstand decor,416
double monitor desk setup aesthetic,416
contemporary wall mirrors,415
fall chandelier decorations,415
nightstand book holder,415
dog bed nightstand,414
outdoor desk setup,414
chandelier height above table,413
crochet chandelier free pattern,413
gallery wall with mirrors,411
modern bathroom chandelier,410
bed wall wallpaper,410
bathroom double mirror ideas,409
oversized nightstand bedside tables,409
eclectic desk setup,409
nightstand essentials for women,408
bathroom mirror modern,407
vintage chandelier drawing,407
dog crate nightstand,407
mirror behind nightstand master bedrooms,406
mirrors with storage,406
wallpaper for lobby wall,406
malm nightstand makeover,406
geometric candle holder,406
homeschool desk setup,406
beaded chandelier dining room,405
mirror vanity bathroom,404
bedroom mirrors ideas,404
black linear chandelier,404
vans of the wall wallpaper,404
cozy gaming desk setup,404
fear of mirrors,403
god says i am mirrors,403
portable monitor desk setup,403
reclaimed wood nightstand,402
mirror lamp bathroom,401
industrial chandelier high ceilings,401
oyster shell chandelier,401