keyword	intent	niche	url_count	total_sessions	avg_sessions	total_clicks	avg_ctr	potential	best_url	best_clicks
nipple tattoo ideas	tattoo	Tattoo	1	206	206	4	1.94	7.35	shadowlinetattoos.com/nipple-tattoo-ideas/	4
tattoo cover up ideas wrist	tattoo	Tattoo	1	111	111	0	0	0	shadowlinetattoos.com/tattoo-cover-up-ideas-wrist/	0
cover up tattoo ideas	tattoo	Tattoo	1	99	99	2	2.02	6.61	shadowlinetattoos.com/cover-up-tattoo-ideas/	2
breast tattoo ideas	tattoo	Tattoo	1	89	89	2	2.25	7.19	shadowlinetattoos.com/breast-tattoo-ideas/	2
japanese sleeve tattoo ideas	tattoo	Tattoo	1	62	62	4	6.45	18.99	shadowlinetattoos.com/japanese-sleeve-tattoo-ideas/	4
cover up tattoo ideas for forearm	tattoo	Tattoo	1	51	51	0	0	0	shadowlinetattoos.com/cover-up-tattoo-ideas-for-forearm/	0
tattoo bracelet ideas	tattoo	Tattoo	1	51	51	1	1.96	5.5	shadowlinetattoos.com/tattoo-bracelet-ideas/	1
irish tattoo ideas	tattoo	Tattoo	1	46	46	0	0	0	shadowlinetattoos.com/irish-tattoo-ideas/	0
jewish tattoo ideas	tattoo	Tattoo	1	46	46	2	4.35	11.9	shadowlinetattoos.com/jewish-tattoo-ideas/	2
queen of spades tattoo ideas	tattoo	Tattoo	1	44	44	0	0	0	shadowlinetattoos.com/queen-of-spades-tattoo-ideas/	0
finger tattoo ideas	tattoo	Tattoo	1	42	42	0	0	0	shadowlinetattoos.com/finger-tattoo-ideas/	0
japanese tattoo ideas small	tattoo	Tattoo	1	40	40	0	0	0	shadowlinetattoos.com/japanese-tattoo-ideas-small/	0
native american tattoo ideas	tattoo	Tattoo	1	40	40	1	2.5	6.6	shadowlinetattoos.com/native-american-tattoo-ideas/	1
tattoo compass ideas	tattoo	Tattoo	1	39	39	8	20.51	53.76	shadowlinetattoos.com/tattoo-compass-ideas/	8
small tattoo cover up ideas	tattoo	Tattoo	1	37	37	2	5.41	13.98	shadowlinetattoos.com/small-tattoo-cover-up-ideas/	2
tattoo ideas for childrens names	tattoo	Tattoo	1	36	36	0	0	0	shadowlinetattoos.com/tattoo-ideas-for-childrens-names/	0
tattoo for mom ideas	tattoo	Tattoo	1	31	31	0	0	0	shadowlinetattoos.com/tattoo-for-mom-ideas/	0
knuckle tattoo ideas	tattoo	Tattoo	1	30	30	1	3.33	8.12	shadowlinetattoos.com/knuckle-tattoo-ideas/	1
arm tattoo ideas	tattoo	Tattoo	1	29	29	1	3.45	8.34	shadowlinetattoos.com/arm-tattoo-ideas/	1
moon tattoo ideas	tattoo	Tattoo	1	29	29	1	3.45	8.34	shadowlinetattoos.com/moon-tattoo-ideas/	1
tattoo for wife ideas	tattoo	Tattoo	1	29	29	0	0	0	shadowlinetattoos.com/tattoo-for-wife-ideas/	0
resilience tattoo ideas	tattoo	Tattoo	1	27	27	0	0	0	shadowlinetattoos.com/resilience-tattoo-ideas/	0
tattoo cover up ideas for lower back	tattoo	Tattoo	1	26	26	0	0	0	shadowlinetattoos.com/tattoo-cover-up-ideas-for-lower-back/	0
tattoo handwriting ideas	tattoo	Tattoo	1	26	26	0	0	0	shadowlinetattoos.com/tattoo-handwriting-ideas/	0
forearm tattoo ideas for men	tattoo	Tattoo	1	25	25	1	4	9.26	shadowlinetattoos.com/forearm-tattoo-ideas-for-men/	1
sister tattoo ideas	tattoo	Tattoo	1	25	25	0	0	0	shadowlinetattoos.com/sister-tattoo-ideas/	0
ideas for tattoo words	tattoo	Tattoo	1	24	24	0	0	0	shadowlinetattoos.com/ideas-for-tattoo-words/	0
gay tattoo ideas	tattoo	Tattoo	1	23	23	2	8.7	19.64	shadowlinetattoos.com/gay-tattoo-ideas/	2
mountain tattoo ideas	tattoo	Tattoo	1	23	23	0	0	0	shadowlinetattoos.com/mountain-tattoo-ideas/	0
sleeve tattoo ideas for women	tattoo	Tattoo	1	23	23	0	0	0	shadowlinetattoos.com/sleeve-tattoo-ideas-for-women/	0
las vegas tattoo ideas	tattoo	Tattoo	1	22	22	0	0	0	shadowlinetattoos.com/las-vegas-tattoo-ideas/	0
pain tattoo ideas	tattoo	Tattoo	1	22	22	3	13.64	30.39	shadowlinetattoos.com/pain-tattoo-ideas/	3
disney tattoo ideas	tattoo	Tattoo	1	21	21	0	0	0	shadowlinetattoos.com/disney-tattoo-ideas/	0
eagle tattoo ideas	tattoo	Tattoo	2	46	23	2	4.35	9.82	tattooradar.com/eagle-tattoo-ideas/	2
norse tattoo ideas	tattoo	Tattoo	1	21	21	0	0	0	shadowlinetattoos.com/norse-tattoo-ideas/	0
paw print tattoo ideas	tattoo	Tattoo	1	21	21	0	0	0	shadowlinetattoos.com/paw-print-tattoo-ideas/	0
tattoo foot ideas	tattoo	Tattoo	1	21	21	1	4.76	10.45	shadowlinetattoos.com/tattoo-foot-ideas/	1
fine line tattoo ideas	tattoo	Tattoo	1	20	20	0	0	0	shadowlinetattoos.com/fine-line-tattoo-ideas/	0
ideas for roman numeral tattoo	tattoo	Tattoo	1	20	20	0	0	0	shadowlinetattoos.com/ideas-for-roman-numeral-tattoo/	0
tattoo heart ideas	tattoo	Tattoo	1	20	20	0	0	0	shadowlinetattoos.com/tattoo-heart-ideas/	0
cat tattoo ideas	tattoo	Tattoo	1	19	19	0	0	0	shadowlinetattoos.com/cat-tattoo-ideas/	0
group tattoo ideas	tattoo	Tattoo	1	19	19	1	5.26	11.2	shadowlinetattoos.com/group-tattoo-ideas/	1
simple tattoo ideas	tattoo	Tattoo	1	19	19	0	0	0	shadowlinetattoos.com/simple-tattoo-ideas/	0
cover up tattoo ideas for men	tattoo	Tattoo	1	18	18	0	0	0	shadowlinetattoos.com/cover-up-tattoo-ideas-for-men/	0
elvis tattoo ideas	tattoo	Tattoo	1	18	18	0	0	0	shadowlinetattoos.com/elvis-tattoo-ideas/	0
family tattoo ideas	tattoo	Tattoo	1	18	18	0	0	0	shadowlinetattoos.com/family-tattoo-ideas/	0
raven tattoo ideas	tattoo	Tattoo	1	18	18	1	5.56	11.63	shadowlinetattoos.com/raven-tattoo-ideas/	1
arrow tattoo ideas	tattoo	Tattoo	1	17	17	0	0	0	shadowlinetattoos.com/arrow-tattoo-ideas/	0
bts tattoo ideas	tattoo	Tattoo	1	17	17	0	0	0	shadowlinetattoos.com/bts-tattoo-ideas/	0
strawberry glaze	general	Food/Recipe	1	165	165	0	0	0	bakeady.com/strawberry-glaze/	0
easy pistachio cake	food-baking	Food/Recipe	1	110	110	0	0	0	bakeady.com/easy-pistachio-cake/	0
sponge cake	food-baking	Food/Recipe	1	100	100	1	1	2.07	bakeady.com/sponge-cake/	1
best chocolate frosting	food-baking	Food/Recipe	1	100	100	0	0	0	bakeady.com/the-best-chocolate-frosting/	0
homemade custard	diy-craft	Food/Recipe	1	94	94	1	1.06	2.17	bakeady.com/homemade-custard/	1
banana cupcakes	food-baking	Food/Recipe	1	68	68	0	0	0	bakeady.com/banana-cupcakes/	0
lemon coconut cake	food-baking	Food/Recipe	1	52	52	0	0	0	bakeady.com/lemon-coconut-cake/	0
marble cake	food-baking	Food/Recipe	1	49	49	0	0	0	bakeady.com/marble-cake/	0
apple recipes with puff pastry	food-baking	Food/Recipe	1	46	46	1	2.17	3.75	bakeady.com/apple-recipes-with-puff-pastry/	1
peanut butter cake	food-baking	Food/Recipe	1	46	46	0	0	0	bakeady.com/peanut-butter-cake/	0
vanilla cupcakes	food-baking	Food/Recipe	1	44	44	0	0	0	bakeady.com/vanilla-cupcakes/	0
decorate cupcakes	food-baking	Food/Recipe	1	42	42	0	0	0	bakeady.com/how-to-decorate-cupcakes/	0
blueberry cookies	food-baking	Food/Recipe	1	41	41	0	0	0	bakeady.com/blueberry-cookies/	0
pavlova	general	Food/Recipe	1	41	41	0	0	0	bakeady.com/pavlova/	0
buttercream frosting	food-baking	Food/Recipe	1	39	39	0	0	0	bakeady.com/how-to-make-buttercream-frosting/	0
cake sink	food-baking	Food/Recipe	1	39	39	0	0	0	bakeady.com/why-did-my-cake-sink/	0
easy apple muffins	food-baking	Food/Recipe	1	38	38	0	0	0	bakeady.com/easy-apple-muffins/	0
raspberry muffins	food-baking	Food/Recipe	1	36	36	0	0	0	bakeady.com/raspberry-muffins/	0
easy banana cake	food-baking	Food/Recipe	1	34	34	0	0	0	bakeady.com/easy-banana-cake/	0
small carrot cake	food-baking	Food/Recipe	1	33	33	0	0	0	bakeady.com/small-carrot-cake/	0
tahini cookies	food-baking	Food/Recipe	1	31	31	0	0	0	bakeady.com/tahini-cookies/	0
savory bread pudding	food-baking	Food/Recipe	1	29	29	0	0	0	bakeady.com/savory-bread-pudding/	0
strawberry angel food cake	food-baking	Food/Recipe	1	27	27	0	0	0	bakeady.com/strawberry-angel-food-cake/	0
cake mix cookies	food-baking	Food/Recipe	1	26	26	0	0	0	bakeady.com/cake-mix-cookies/	0
carrot cake cupcakes	food-baking	Food/Recipe	1	26	26	0	0	0	bakeady.com/carrot-cake-cupcakes/	0
bake key lime pie	general	Food/Recipe	1	26	26	0	0	0	bakeady.com/no-bake-key-lime-pie/	0
white chocolate chip cookies	food-baking	Food/Recipe	1	24	24	0	0	0	bakeady.com/white-chocolate-chip-cookies/	0
whipped cream	general	Food/Recipe	1	23	23	0	0	0	bakeady.com/how-to-make-whipped-cream/	0
rice pudding with condensed milk	food-recipe	Food/Recipe	1	23	23	0	0	0	bakeady.com/rice-pudding-with-condensed-milk/	0
san sebastian cheesecake	food-baking	Food/Recipe	1	23	23	0	0	0	bakeady.com/san-sebastian-cheesecake/	0
honey cookies	food-baking	Food/Recipe	1	22	22	0	0	0	bakeady.com/honey-cookies/	0
white chocolate cheesecake	food-baking	Food/Recipe	1	22	22	0	0	0	bakeady.com/white-chocolate-cheesecake/	0
chocolate ganache frosting	food-baking	Food/Recipe	1	21	21	0	0	0	bakeady.com/chocolate-ganache-frosting/	0
coffee cake	food-baking	Food/Recipe	1	21	21	0	0	0	bakeady.com/coffee-cake/	0
mini pavlovas	general	Food/Recipe	1	21	21	0	0	0	bakeady.com/mini-pavlovas/	0
orange pound cake	food-baking	Food/Recipe	1	21	21	0	0	0	bakeady.com/orange-pound-cake/	0
low carb apple recipes	food-baking	Food/Recipe	1	20	20	0	0	0	bakeady.com/low-carb-apple-recipes/	0
apricot balls	general	Food/Recipe	1	19	19	0	0	0	bakeady.com/apricot-balls/	0
orange cookies	food-baking	Food/Recipe	1	19	19	0	0	0	bakeady.com/orange-cookies/	0
pumpkin muffins from cake mix	food-baking	Food/Recipe	1	19	19	0	0	0	bakeady.com/pumpkin-muffins-from-cake-mix/	0
strawberry banana pudding	general	Food/Recipe	1	19	19	0	0	0	bakeady.com/strawberry-banana-pudding/	0
chocolate peanut butter cookies	food-baking	Food/Recipe	1	18	18	0	0	0	bakeady.com/chocolate-peanut-butter-cookies/	0
homemade twix bars	diy-craft	Food/Recipe	1	18	18	0	0	0	bakeady.com/homemade-twix-bars/	0
easy peanut butter balls	general	Food/Recipe	1	17	17	0	0	0	bakeady.com/easy-peanut-butter-balls/	0
fluffy american pancakes	general	Food/Recipe	1	16	16	0	0	0	bakeady.com/fluffy-american-pancakes/	0
gluten free orange cake	food-baking	Food/Recipe	1	16	16	0	0	0	bakeady.com/gluten-free-orange-cake/	0
homemade salted caramel sauce	diy-craft	Food/Recipe	1	16	16	0	0	0	bakeady.com/homemade-salted-caramel-sauce/	0
home gym setup ideas	general	Home Decor	1	70	70	3	4.29	2.27	glowhomey.com/home-gym-setup-ideas/	3
ideas for bathroom walls instead of tiles	room-ideas	Home Decor	1	63	63	5	7.94	4.1	glowhomey.com/ideas-for-bathroom-walls-instead-of-tiles/	5
hidden camera bathroom ideas	room-ideas	Home Decor	1	58	58	7	12.07	6.11	glowhomey.com/hidden-camera-bathroom-ideas/	7
bathroom no window ideas	room-ideas	Home Decor	1	56	56	0	0	0	glowhomey.com/bathroom-no-window-ideas/	0
bathroom ikea ideas	room-ideas	Home Decor	1	48	48	1	2.08	1	glowhomey.com/bathroom-ikea-ideas/	1
ideas for painting bathroom tiles	room-ideas	Home Decor	1	47	47	1	2.13	1.02	glowhomey.com/ideas-for-painting-bathroom-tiles/	1
ideas for hanging towels in bathroom	room-ideas	Home Decor	1	45	45	0	0	0	glowhomey.com/ideas-for-hanging-towels-in-bathroom/	0
bathroom non slip flooring ideas	room-ideas	Home Decor	1	44	44	2	4.55	2.15	glowhomey.com/bathroom-non-slip-flooring-ideas/	2
modern dining room lighting ideas	room-ideas	Home Decor	1	44	44	0	0	0	glowhomey.com/modern-dining-room-lighting-ideas/	0
art for bathroom ideas	room-ideas	Home Decor	1	42	42	2	4.76	2.22	glowhomey.com/art-for-bathroom-ideas/	2
shoe storage ideas for small spaces	general	Home Decor	1	42	42	0	0	0	glowhomey.com/shoe-storage-ideas-for-small-spaces/	0
bathroom vanity color ideas	product-specific	Home Decor	1	40	40	0	0	0	glowhomey.com/bathroom-vanity-color-ideas/	0
small storage ideas	general	Home Decor	1	37	37	1	2.7	1.22	glowhomey.com/small-storage-ideas/	1
bathroom niche ideas	room-ideas	Home Decor	1	33	33	2	6.06	2.65	glowhomey.com/bathroom-niche-ideas/	2
bathroom ceiling lighting ideas	room-ideas	Home Decor	1	32	32	0	0	0	glowhomey.com/bathroom-ceiling-lighting-ideas/	0
gray paint ideas for bathroom	room-ideas	Home Decor	1	32	32	1	3.13	1.36	glowhomey.com/gray-paint-ideas-for-bathroom/	1
bathroom barn door ideas	room-ideas	Home Decor	1	30	30	4	13.33	5.68	glowhomey.com/bathroom-barn-door-ideas/	4
bathroom molding ideas	room-ideas	Home Decor	1	30	30	3	10	4.26	glowhomey.com/bathroom-molding-ideas/	3
bathroom paneling ideas	room-ideas	Home Decor	1	29	29	6	20.69	8.73	glowhomey.com/bathroom-paneling-ideas/	6
office organization ideas	room-ideas	Home Decor	1	29	29	1	3.45	1.46	glowhomey.com/office-organization-ideas/	1
cheap bedroom makeover ideas	room-ideas	Home Decor	1	25	25	0	0	0	glowhomey.com/cheap-bedroom-makeover-ideas/	0
ideas for towel storage in small bathroom	product-specific	Home Decor	1	25	25	1	4	1.62	glowhomey.com/ideas-for-towel-storage-in-small-bathroom/	1
bathroom wainscoting ideas	room-ideas	Home Decor	1	24	24	3	12.5	4.99	glowhomey.com/bathroom-wainscoting-ideas/	3
water bottle storage ideas	general	Home Decor	1	23	23	1	4.35	1.71	glowhomey.com/water-bottle-storage-ideas/	1
bathroom ventilation ideas	room-ideas	Home Decor	2	33	17	1	3.03	1.08	glowhomey.com/bathroom-ventilation-ideas/	1
garage bathroom ideas	room-ideas	Home Decor	1	22	22	0	0	0	glowhomey.com/garage-bathroom-ideas/	0
bathroom door ideas for small spaces	room-ideas	Home Decor	1	18	18	2	11.11	4.06	glowhomey.com/bathroom-door-ideas-for-small-spaces/	2
hgtv bathroom ideas	room-ideas	Home Decor	1	18	18	0	0	0	glowhomey.com/hgtv-bathroom-ideas/	0
bathroom rug ideas	product-specific	Home Decor	2	26	13	2	7.69	2.52	cozybathroomdecor.com/bathroom-rug-ideas/	2
bathroom basket ideas	product-specific	Home Decor	1	16	16	0	0	0	glowhomey.com/bathroom-basket-ideas/	0
bathroom wet room ideas	room-ideas	Home Decor	1	16	16	0	0	0	glowhomey.com/bathroom-wet-room-ideas/	0
ideas for mens bathroom	room-ideas	Home Decor	1	16	16	1	6.25	2.2	glowhomey.com/ideas-for-mens-bathroom/	1
bathroom hook ideas	product-specific	Home Decor	1	15	15	0	0	0	glowhomey.com/bathroom-hook-ideas/	0
bathroom lighting ideas over mirror	product-specific	Home Decor	1	15	15	1	6.67	2.29	glowhomey.com/bathroom-lighting-ideas-over-mirror/	1
l shaped desk ideas	general	Home Decor	1	15	15	0	0	0	glowhomey.com/l-shaped-desk-ideas/	0
laundry room countertop ideas	room-ideas	Home Decor	1	15	15	0	0	0	glowhomey.com/laundry-room-countertop-ideas/	0
bathroom tiles ideas for small bathrooms	room-ideas	Home Decor	1	14	14	0	0	0	glowhomey.com/bathroom-tiles-ideas-for-small-bathrooms/	0
blue bedroom ideas	room-ideas	Home Decor	1	14	14	0	0	0	glowhomey.com/blue-bedroom-ideas/	0
ideas for painting bathroom cabinets	room-ideas	Home Decor	1	14	14	0	0	0	glowhomey.com/ideas-for-painting-bathroom-cabinets/	0
bathroom ideas grey	room-ideas	Home Decor	3	72	24	1	1.39	0.56	floriadecor.com/bathroom-ideas-grey/	1
bathroom spa ideas	room-ideas	Home Decor	1	13	13	0	0	0	glowhomey.com/bathroom-spa-ideas/	0
bathroom subway tile ideas	room-ideas	Home Decor	1	13	13	0	0	0	glowhomey.com/bathroom-subway-tile-ideas/	0
bathroom under stairs ideas	room-ideas	Home Decor	1	13	13	0	0	0	glowhomey.com/bathroom-under-stairs-ideas/	0
bathroom vanity organization ideas	product-specific	Home Decor	1	13	13	0	0	0	glowhomey.com/bathroom-vanity-organization-ideas/	0
ensuite bathroom ideas small	room-ideas	Home Decor	1	13	13	0	0	0	glowhomey.com/ensuite-bathroom-ideas-small/	0
floating shelves bathroom ideas	product-specific	Home Decor	1	13	13	0	0	0	glowhomey.com/floating-shelves-bathroom-ideas/	0
laundry room sink ideas	room-ideas	Home Decor	1	13	13	1	7.69	2.52	glowhomey.com/laundry-room-sink-ideas/	1
kelly s hunt	general	Home Decor	1	12	12	0	0	0	glowhomey.com/author/kelly-s-hunt/	0
bathroom flooring ideas small bathroom	room-ideas	Home Decor	1	12	12	1	8.33	2.65	glowhomey.com/bathroom-flooring-ideas-small-bathroom/	1
herbal tea recipes	food-baking	Food/Recipe	1	199	199	5	2.51	5.97	steepbean.com/herbal-tea-recipes/	5
best teas for a sore throat	general	Food/Recipe	1	187	187	6	3.21	7.55	steepbean.com/best-teas-for-a-sore-throat/	6
tea party food	wedding-event	Food/Recipe	2	220	110	5	2.27	4.8	steepbean.com/tea-party-food/	4
milk tea recipes	food-baking	Food/Recipe	1	147	147	0	0	0	steepbean.com/milk-tea-recipes/	0
tea	general	Food/Recipe	1	136	136	0	0	0	steepbean.com/how-to-make-tea/	0
tea recipes for colds	food-baking	Food/Recipe	1	121	121	0	0	0	steepbean.com/tea-recipes-for-colds/	0
detox water recipes	food-baking	Food/Recipe	1	120	120	2	1.67	3.6	steepbean.com/detox-water-recipes/	2
best tea for diarrhea	general	Food/Recipe	1	107	107	1	0.93	1.96	steepbean.com/best-tea-for-diarrhea/	1
tea party desserts	food-baking	Food/Recipe	1	106	106	3	2.83	5.94	steepbean.com/tea-party-desserts/	3
london fog drink	general	Food/Recipe	1	104	104	0	0	0	steepbean.com/london-fog-drink/	0
tea for nausea	general	Food/Recipe	1	103	103	3	2.91	6.07	steepbean.com/tea-for-nausea/	3
best tea for colds	general	Food/Recipe	1	87	87	3	3.45	6.94	steepbean.com/best-tea-for-colds/	3
best gong cha drinks	general	Food/Recipe	1	86	86	0	0	0	steepbean.com/best-gong-cha-drinks/	0
ideas for tea party decorations	wedding-event	Food/Recipe	1	85	85	4	4.71	9.42	steepbean.com/ideas-for-tea-party-decorations/	4
hibiscus tea recipes	food-baking	Food/Recipe	1	80	80	1	1.25	2.47	steepbean.com/hibiscus-tea-recipes/	1
best boba recipe	food-baking	Food/Recipe	1	74	74	2	2.7	5.24	steepbean.com/best-boba-recipe/	2
best chatime drinks	general	Food/Recipe	1	72	72	0	0	0	steepbean.com/best-chatime-drinks/	0
blueberry smoothie recipe with yogurt	food-baking	Food/Recipe	1	69	69	0	0	0	steepbean.com/blueberry-smoothie-recipe-with-yogurt/	0
best starbucks tea for sore throat	general	Food/Recipe	1	68	68	0	0	0	steepbean.com/best-starbucks-tea-for-sore-throat/	0
best starbucks matcha drinks	general	Food/Recipe	1	67	67	1	1.49	2.82	steepbean.com/best-starbucks-matcha-drinks/	1
best temperature for tea	general	Food/Recipe	1	67	67	0	0	0	steepbean.com/best-temperature-for-tea/	0
gluten free scones	general	Food/Recipe	1	64	64	0	0	0	steepbean.com/gluten-free-scones/	0
cuachalalate tea benefits	general	Food/Recipe	1	62	62	1	1.61	3	steepbean.com/cuachalalate-tea-benefits/	1
peanut butter smoothie recipe	food-baking	Food/Recipe	1	58	58	0	0	0	steepbean.com/peanut-butter-smoothie-recipe/	0
best morning tea	general	Food/Recipe	1	57	57	7	12.28	22.39	steepbean.com/best-morning-tea/	7
native american herbal remedies	general	Food/Recipe	1	56	56	1	1.79	3.25	steepbean.com/native-american-herbal-remedies/	1
teas for libido	general	Food/Recipe	1	48	48	7	14.58	25.48	steepbean.com/teas-for-libido/	7
recipes with sugar cookie mix	food-baking	Food/Recipe	1	46	46	0	0	0	steepbean.com/recipes-with-sugar-cookie-mix/	0
butterfly pea tea taste like	general	Food/Recipe	1	46	46	0	0	0	steepbean.com/what-does-butterfly-pea-tea-taste-like/	0
finger sandwich recipes	food-baking	Food/Recipe	1	44	44	1	2.27	3.88	steepbean.com/finger-sandwich-recipes/	1
best tea for digestion	general	Food/Recipe	1	43	43	1	2.33	3.96	steepbean.com/best-tea-for-digestion/	1
loaded tea recipes	food-baking	Food/Recipe	1	42	42	1	2.38	4.02	steepbean.com/loaded-tea-recipes/	1
moist chocolate cake recipe with coffee	food-baking	Food/Recipe	1	42	42	0	0	0	steepbean.com/moist-chocolate-cake-recipe-with-coffee/	0
bridal shower tea party ideas	wedding-event	Food/Recipe	1	41	41	1	2.44	4.1	steepbean.com/bridal-shower-tea-party-ideas/	1
floral teas	general	Food/Recipe	1	40	40	0	0	0	steepbean.com/floral-teas/	0
savory scones recipe	food-baking	Food/Recipe	1	39	39	0	0	0	steepbean.com/savory-scones-recipe/	0
vanilla iced coffee recipe	food-baking	Food/Recipe	1	39	39	0	0	0	steepbean.com/vanilla-iced-coffee-recipe/	0
cardamom coffee recipe	food-baking	Food/Recipe	1	37	37	0	0	0	steepbean.com/cardamom-coffee-recipe/	0
best places for afternoon tea in london	general	Food/Recipe	1	36	36	0	0	0	steepbean.com/best-places-for-afternoon-tea-in-london/	0
palo azul tea recipe	food-baking	Food/Recipe	1	34	34	0	0	0	steepbean.com/palo-azul-tea-recipe/	0
cardamom tea	general	Food/Recipe	1	32	32	0	0	0	steepbean.com/cardamom-tea/	0
spinach smoothie recipe	food-baking	Food/Recipe	1	31	31	0	0	0	steepbean.com/spinach-smoothie-recipe/	0
best corned beef recipe	food-baking	Food/Recipe	1	247	247	3	1.21	3	grillerhood.com/best-corned-beef-recipe/	3
corn beef brine recipe	food-baking	Food/Recipe	1	144	144	3	2.08	4.65	grillerhood.com/corn-beef-brine-recipe/	3
smoked ham rub recipe	food-baking	Food/Recipe	1	142	142	1	0.7	1.56	grillerhood.com/smoked-ham-rub-recipe/	1
salads for a bbq	general	Food/Recipe	1	129	129	3	2.33	5.09	grillerhood.com/salads-for-a-bbq/	3
backyard bbq setup ideas	room-ideas	Food/Recipe	1	122	122	0	0	0	grillerhood.com/backyard-bbq-setup-ideas/	0
bbq meals ideas dinners	general	Food/Recipe	1	103	103	0	0	0	grillerhood.com/bbq-meals-ideas-dinners/	0
backyard bbq graduation party ideas	room-ideas	Food/Recipe	1	94	94	7	7.45	15.24	grillerhood.com/backyard-bbq-graduation-party-ideas/	7
bbq meals for a crowd	general	Food/Recipe	1	93	93	0	0	0	grillerhood.com/bbq-meals-for-a-crowd/	0
bbq buffet table ideas	general	Food/Recipe	1	86	86	0	0	0	grillerhood.com/bbq-buffet-table-ideas/	0
appetizers for a bbq	general	Food/Recipe	1	81	81	0	0	0	grillerhood.com/appetizers-for-a-bbq/	0
bbq chicken brine recipe	food-baking	Food/Recipe	1	79	79	0	0	0	grillerhood.com/bbq-chicken-brine-recipe/	0
bbq party menu ideas	wedding-event	Food/Recipe	1	75	75	1	1.33	2.59	grillerhood.com/bbq-party-menu-ideas/	1
cookout menu ideas backyard bbq	room-ideas	Food/Recipe	1	74	74	0	0	0	grillerhood.com/cookout-menu-ideas-backyard-bbq/	0
recipes for pork tenderloin	food-baking	Food/Recipe	1	66	66	0	0	0	grillerhood.com/recipes-for-pork-tenderloin/	0
lamp chops recipe grilled	product-specific	Food/Recipe	1	63	63	0	0	0	grillerhood.com/lamp-chops-recipe-grilled/	0
potato recipes for bbq	food-baking	Food/Recipe	1	63	63	0	0	0	grillerhood.com/potato-recipes-for-bbq/	0
smoked chicken marinade recipe	food-baking	Food/Recipe	1	63	63	1	1.59	2.97	grillerhood.com/smoked-chicken-marinade-recipe/	1
backyard bbq menu ideas	room-ideas	Food/Recipe	1	54	54	0	0	0	grillerhood.com/backyard-bbq-menu-ideas/	0
bbq outside ideas backyards	general	Food/Recipe	1	54	54	3	5.56	10.01	grillerhood.com/bbq-outside-ideas-backyards/	3
bbq grazing table ideas	general	Food/Recipe	1	53	53	0	0	0	grillerhood.com/bbq-grazing-table-ideas/	0
50th birthday bbq party ideas for men	wedding-event	Food/Recipe	1	52	52	2	3.85	6.86	grillerhood.com/50th-birthday-bbq-party-ideas-for-men/	2
back yard bbq ideas	general	Food/Recipe	1	52	52	0	0	0	grillerhood.com/back-yard-bbq-ideas/	0
best bbq sauce for ribs	food-recipe	Food/Recipe	1	51	51	7	13.73	24.36	grillerhood.com/best-bbq-sauce-for-ribs/	7
best bbq sauce for pulled pork	food-recipe	Food/Recipe	1	49	49	1	2.04	3.58	grillerhood.com/best-bbq-sauce-for-pulled-pork/	1
ketchup bbq sauce easy	food-recipe	Food/Recipe	1	48	48	0	0	0	grillerhood.com/ketchup-bbq-sauce-easy/	0
smoked salmon rub recipe	food-baking	Food/Recipe	1	47	47	0	0	0	grillerhood.com/smoked-salmon-rub-recipe/	0
bbq sides for a crowd	general	Food/Recipe	1	45	45	0	0	0	grillerhood.com/bbq-sides-for-a-crowd/	0
bbq sauce for pork	food-recipe	Food/Recipe	1	43	43	0	0	0	grillerhood.com/bbq-sauce-for-pork/	0
bbq party	wedding-event	Food/Recipe	1	43	43	0	0	0	grillerhood.com/what-to-take-to-a-bbq-party/	0
bbq sprinkle shower ideas	general	Food/Recipe	1	42	42	6	14.29	24.14	grillerhood.com/bbq-sprinkle-shower-ideas/	6
themed bbq ideas summer parties	wedding-event	Food/Recipe	1	42	42	0	0	0	grillerhood.com/themed-bbq-ideas-summer-parties/	0
backyard bbq party ideas	room-ideas	Food/Recipe	1	41	41	0	0	0	grillerhood.com/backyard-bbq-party-ideas/	0
bbq island ideas diy	diy-craft	Food/Recipe	1	41	41	5	12.2	20.48	grillerhood.com/bbq-island-ideas-diy/	5
easter bbq ideas parties	wedding-event	Food/Recipe	1	40	40	0	0	0	grillerhood.com/easter-bbq-ideas-parties/	0
diy bbq pit ideas	diy-craft	Food/Recipe	1	39	39	0	0	0	grillerhood.com/diy-bbq-pit-ideas/	0
bbq pergola ideas grill area	general	Food/Recipe	1	38	38	3	7.89	12.98	grillerhood.com/bbq-pergola-ideas-grill-area/	3
corn beef and cabbage recipe stove top	outfit-style	Food/Recipe	1	38	38	0	0	0	grillerhood.com/corn-beef-and-cabbage-recipe-stove-top/	0
diy bbq grill ideas	diy-craft	Food/Recipe	1	38	38	2	5.26	8.65	grillerhood.com/diy-bbq-grill-ideas/	2
diy built in bbq ideas outdoor barbeque	diy-craft	Food/Recipe	1	38	38	0	0	0	grillerhood.com/diy-built-in-bbq-ideas-outdoor-barbeque/	0
grilled lamb shank recipe	food-baking	Food/Recipe	1	38	38	0	0	0	grillerhood.com/grilled-lamb-shank-recipe/	0
bbq food truck menu ideas	general	Food/Recipe	1	37	37	1	2.7	4.41	grillerhood.com/bbq-food-truck-menu-ideas/	1
chinese bbq sauce recipe	food-baking	Food/Recipe	1	37	37	0	0	0	grillerhood.com/chinese-bbq-sauce-recipe/	0
bbq chicken stovetop easy	food-recipe	Food/Recipe	1	36	36	0	0	0	grillerhood.com/bbq-chicken-stovetop-easy/	0
bbq pork bowl ideas	product-specific	Food/Recipe	1	35	35	0	0	0	grillerhood.com/bbq-pork-bowl-ideas/	0
outdoor brick bbq ideas	general	Food/Recipe	1	35	35	1	2.86	4.6	grillerhood.com/outdoor-brick-bbq-ideas/	1
pork bbq filipino recipe	food-baking	Food/Recipe	1	35	35	0	0	0	grillerhood.com/pork-bbq-filipino-recipe/	0
vegetarian bbq ideas grill	general	Food/Recipe	1	34	34	0	0	0	grillerhood.com/vegetarian-bbq-ideas-grill/	0
bbq wedding menu ideas	wedding-event	Food/Recipe	1	33	33	0	0	0	grillerhood.com/bbq-wedding-menu-ideas/	0
outdoor bbq storage ideas	general	Food/Recipe	1	33	33	3	9.09	14.4	grillerhood.com/outdoor-bbq-storage-ideas/	3
39 birthday ideas for men	general	Tattoo	1	107	107	8	7.48	24.88	gentedge.com/39-birthday-ideas-for-men/	8
viking sleeve tattoo for men	tattoo	Tattoo	1	82	82	4	4.88	15.32	gentedge.com/viking-sleeve-tattoo-for-men/	4
traditional outfit for men indian	outfit-style	Tattoo	1	65	65	1	1.54	4.58	gentedge.com/traditional-outfit-for-men-indian/	1
blue suits for men wedding	wedding-event	Tattoo	1	56	56	2	3.57	10.26	gentedge.com/blue-suits-for-men-wedding/	2
tattoo cover up ideas for men forearm	tattoo	Tattoo	1	55	55	0	0	0	gentedge.com/tattoo-cover-up-ideas-for-men-forearm/	0
shirt and pants combinations for men	outfit-style	Tattoo	1	50	50	0	0	0	gentedge.com/shirt-and-pants-combinations-for-men/	0
mens country concert outfit summer	outfit-style	Tattoo	1	47	47	1	2.13	5.86	gentedge.com/mens-country-concert-outfit-summer/	1
archangel michael tattoo for men	tattoo	Tattoo	1	44	44	3	6.82	18.45	gentedge.com/archangel-michael-tattoo-for-men/	3
black air force 1 outfit for men	outfit-style	Tattoo	1	43	43	0	0	0	gentedge.com/black-air-force-1-outfit-for-men/	0
cursive tattoo fonts for men	tattoo	Tattoo	1	41	41	5	12.2	32.4	gentedge.com/cursive-tattoo-fonts-for-men/	5
j1 low outfit for men	outfit-style	Tattoo	1	40	40	0	0	0	gentedge.com/j1-low-outfit-for-men/	0
country prom outfits for guys	outfit-style	Tattoo	1	39	39	6	15.38	40.31	gentedge.com/country-prom-outfits-for-guys/	6
white party outfits mens	outfit-style	Tattoo	1	38	38	5	13.16	34.26	gentedge.com/all-white-party-outfits-mens/	5
plus size men outfits summer	outfit-style	Tattoo	1	38	38	0	0	0	gentedge.com/plus-size-men-outfits-summer/	0
disco party outfit ideas men	outfit-style	Tattoo	1	37	37	3	8.11	20.96	gentedge.com/disco-party-outfit-ideas-men/	3
men s haircut for wavy hair	hair-beauty	Tattoo	1	37	37	0	0	0	gentedge.com/men-s-haircut-for-wavy-hair/	0
haircuts for men with big heads	general	Tattoo	1	36	36	0	0	0	gentedge.com/haircuts-for-men-with-big-heads/	0
men s summer wedding guest attire	wedding-event	Tattoo	1	34	34	0	0	0	gentedge.com/men-s-summer-wedding-guest-attire/	0
tattoo ideas for men forearm quotes	tattoo	Tattoo	1	34	34	0	0	0	gentedge.com/tattoo-ideas-for-men-forearm-quotes/	0
tom ford glasses for men	general	Tattoo	1	34	34	4	11.76	29.71	gentedge.com/tom-ford-glasses-for-men/	4
henna tattoo designs for men	tattoo	Tattoo	1	33	33	0	0	0	gentedge.com/henna-tattoo-designs-for-men/	0
police tattoo ideas for men	tattoo	Tattoo	1	33	33	0	0	0	gentedge.com/police-tattoo-ideas-for-men/	0
hairstyles for men without beard	hair-beauty	Tattoo	1	32	32	0	0	0	gentedge.com/hairstyles-for-men-without-beard/	0
running tattoo ideas for men	tattoo	Tattoo	1	29	29	1	3.45	8.34	gentedge.com/running-tattoo-ideas-for-men/	1
birthdate tattoo ideas for men	tattoo	Tattoo	1	28	28	1	3.57	8.54	gentedge.com/birthdate-tattoo-ideas-for-men/	1
coverup tattoo ideas for men arm	tattoo	Tattoo	1	26	26	0	0	0	gentedge.com/coverup-tattoo-ideas-for-men-arm/	0
daughter name tattoo for men	tattoo	Tattoo	1	26	26	0	0	0	gentedge.com/daughter-name-tattoo-for-men/	0
hand tattoo cover up ideas for men	tattoo	Tattoo	1	26	26	0	0	0	gentedge.com/hand-tattoo-cover-up-ideas-for-men/	0
tattoo for son for men	tattoo	Tattoo	1	26	26	0	0	0	gentedge.com/tattoo-for-son-for-men/	0
jamaican tattoo ideas for men	tattoo	Tattoo	1	25	25	0	0	0	gentedge.com/jamaican-tattoo-ideas-for-men/	0
minimalist tattoo for men arm	tattoo	Tattoo	1	25	25	2	8	18.52	gentedge.com/minimalist-tattoo-for-men-arm/	2
tattoo ideas for men bible verse	tattoo	Tattoo	1	25	25	0	0	0	gentedge.com/tattoo-ideas-for-men-bible-verse/	0
cross tattoo for men forearm	tattoo	Tattoo	1	24	24	0	0	0	gentedge.com/cross-tattoo-for-men-forearm/	0
upper arm tattoo men half sleeves ideas	tattoo	Tattoo	1	24	24	0	0	0	gentedge.com/upper-arm-tattoo-men-half-sleeves-ideas/	0
greek tattoo ideas for men	tattoo	Tattoo	1	22	22	1	4.55	10.14	gentedge.com/greek-tattoo-ideas-for-men/	1
wolf forearm tattoo for men	tattoo	Tattoo	1	22	22	2	9.09	20.25	gentedge.com/wolf-forearm-tattoo-for-men/	2
braids for men short hair	hair-beauty	Tattoo	1	21	21	0	0	0	gentedge.com/braids-for-men-short-hair/	0
half chest tattoo men ideas	tattoo	Tattoo	1	21	21	0	0	0	gentedge.com/half-chest-tattoo-men-ideas/	0
t shirt design ideas creative	tattoo	Tattoo	1	21	21	4	19.05	41.84	gentedge.com/t-shirt-design-ideas-creative/	4
tattoo ideas for men thighs	tattoo	Tattoo	1	21	21	0	0	0	gentedge.com/tattoo-ideas-for-men-thighs/	0
blue jeans outfit men summer	outfit-style	Tattoo	1	20	20	0	0	0	gentedge.com/blue-jeans-outfit-men-summer/	0
swallow tattoo design for men	tattoo	Tattoo	1	20	20	0	0	0	gentedge.com/swallow-tattoo-design-for-men/	0
t bag prison break	outfit-style	Tattoo	1	20	20	0	0	0	gentedge.com/t-bag-prison-break/	0
high school prom outfits for guys	outfit-style	Tattoo	1	19	19	0	0	0	gentedge.com/high-school-prom-outfits-for-guys/	0
outfit ideas for men aesthetic	outfit-style	Tattoo	1	19	19	0	0	0	gentedge.com/outfit-ideas-for-men-aesthetic/	0
tattoo ideas for men sleeve angel	tattoo	Tattoo	1	19	19	0	0	0	gentedge.com/tattoo-ideas-for-men-sleeve-angel/	0
aries tattoo for men design	tattoo	Tattoo	1	18	18	0	0	0	gentedge.com/aries-tattoo-for-men-design/	0
best wedding suits for men	wedding-event	Tattoo	1	18	18	0	0	0	gentedge.com/best-wedding-suits-for-men/	0
first tattoo ideas for men forearm	tattoo	Tattoo	1	18	18	1	5.56	11.63	gentedge.com/first-tattoo-ideas-for-men-forearm/	1
best nail color for pale skin	hair-beauty	Styling	1	83	83	2	2.41	1.42	femshades.com/best-nail-color-for-pale-skin/	2
semi formal party outfits for women	outfit-style	Styling	1	71	71	16	22.54	12.82	femshades.com/semi-formal-party-outfits-for-women/	16
small tattoo ideas for women with meaning	tattoo	Styling	1	66	66	0	0	0	femshades.com/small-tattoo-ideas-for-women-with-meaning/	0
korean skincare products for oily skin	hair-beauty	Styling	1	65	65	11	16.92	9.42	femshades.com/korean-skincare-products-for-oily-skin/	11
outfits to wear to a birthday party	outfit-style	Styling	1	65	65	0	0	0	femshades.com/outfits-to-wear-to-a-birthday-party/	0
tattoo cover up ideas for women wrist	tattoo	Styling	1	65	65	0	0	0	femshades.com/tattoo-cover-up-ideas-for-women-wrist/	0
tattoo cover up ideas for women forearm	tattoo	Styling	1	59	59	0	0	0	femshades.com/tattoo-cover-up-ideas-for-women-forearm/	0
tattoo ideas on chest for women	tattoo	Styling	1	58	58	0	0	0	femshades.com/tattoo-ideas-on-chest-for-women/	0
true summer color palette nail polish	hair-beauty	Styling	1	58	58	0	0	0	femshades.com/true-summer-color-palette-nail-polish/	0
nail color for navy blue dress	outfit-style	Styling	1	57	57	1	1.75	0.94	femshades.com/nail-color-for-navy-blue-dress/	1
easy nail designs for beginners simple do it yourself	tattoo	Styling	1	55	55	0	0	0	femshades.com/easy-nail-designs-for-beginners-simple-do-it-yourself/	0
hair for off the shoulder dress	outfit-style	Styling	1	54	54	1	1.85	0.99	femshades.com/hair-for-off-the-shoulder-dress/	1
nail color for beach vacation summer	hair-beauty	Styling	1	54	54	1	1.85	0.99	femshades.com/nail-color-for-beach-vacation-summer/	1
wedding guest dress for women over 60	outfit-style	Styling	1	52	52	8	15.38	8.12	femshades.com/wedding-guest-dress-for-women-over-60/	8
tattoo cover up ideas for women chest	tattoo	Styling	1	43	43	0	0	0	femshades.com/tattoo-cover-up-ideas-for-women-chest/	0
50th birthday party outfit for women	outfit-style	Styling	1	42	42	2	4.76	2.38	femshades.com/50th-birthday-party-outfit-for-women/	2
best skincare products for oily acne prone skin	hair-beauty	Styling	1	40	40	0	0	0	femshades.com/best-skincare-products-for-oily-acne-prone-skin/	0
types of pants for women with names	outfit-style	Styling	1	40	40	9	22.5	11.11	femshades.com/types-of-pants-for-women-with-names/	9
best nail shape for wide nail beds	hair-beauty	Styling	1	32	32	2	6.25	2.91	femshades.com/best-nail-shape-for-wide-nail-beds/	2
lower back tattoo ideas for women	tattoo	Styling	1	31	31	0	0	0	femshades.com/lower-back-tattoo-ideas-for-women/	0
mother of the groom dresses for fall	wedding-event	Styling	1	31	31	5	16.13	7.43	femshades.com/mother-of-the-groom-dresses-for-fall/	5
nail color for warm skin tone	hair-beauty	Styling	1	31	31	0	0	0	femshades.com/nail-color-for-warm-skin-tone/	0
tattoo cover up ideas for women	tattoo	Styling	1	31	31	0	0	0	femshades.com/tattoo-cover-up-ideas-for-women/	0
tattoo ideas on leg for women	tattoo	Styling	1	31	31	1	3.23	1.49	femshades.com/tattoo-ideas-on-leg-for-women/	1
nail colors for olive skin tone	hair-beauty	Styling	1	29	29	0	0	0	femshades.com/nail-colors-for-olive-skin-tone/	0
skincare routine for oily acne skin	hair-beauty	Styling	1	28	28	0	0	0	femshades.com/skincare-routine-for-oily-acne-skin/	0
white and black outfits for women	outfit-style	Styling	1	28	28	2	7.14	3.2	femshades.com/white-and-black-outfits-for-women/	2
best nail color for short nails	hair-beauty	Styling	1	27	27	0	0	0	femshades.com/best-nail-color-for-short-nails/	0
best nail color for tan skin	hair-beauty	Styling	1	27	27	0	0	0	femshades.com/best-nail-color-for-tan-skin/	0
outfit ideas for women office wear	outfit-style	Styling	1	27	27	1	3.7	1.64	femshades.com/work-outfit-ideas-for-women-office-wear/	1
best nail colour for brown skin	hair-beauty	Styling	1	26	26	0	0	0	femshades.com/best-nail-colour-for-brown-skin/	0
business casual outfits for women	outfit-style	Styling	1	26	26	1	3.85	1.69	femshades.com/business-casual-outfits-for-women-work/	1
nail art ideas for short nails	hair-beauty	Hair/Beauty	3	53	18	0	0	0	femshades.com/nail-art-ideas-for-short-nails/	0
ankle tattoo cover up ideas for women	tattoo	Styling	1	25	25	0	0	0	femshades.com/ankle-tattoo-cover-up-ideas-for-women/	0
nail shapes for short nail beds	hair-beauty	Styling	1	25	25	1	4	1.73	femshades.com/nail-shapes-for-short-nail-beds/	1
affordable skincare products for dry skin	hair-beauty	Styling	1	24	24	0	0	0	femshades.com/affordable-skincare-products-for-dry-skin/	0
female sleeve tattoo ideas for women	tattoo	Styling	1	24	24	0	0	0	femshades.com/female-sleeve-tattoo-ideas-for-women/	0
small tattoo ideas for women wrist	tattoo	Styling	1	24	24	1	4.17	1.78	femshades.com/small-tattoo-ideas-for-women-wrist/	1
wear to a tea party	outfit-style	Styling	1	24	24	1	4.17	1.78	femshades.com/what-to-wear-to-a-tea-party/	1
behind the ear tattoo ideas women	tattoo	Styling	1	23	23	1	4.35	1.84	femshades.com/behind-the-ear-tattoo-ideas-women/	1
toe nail colors for dark skin	hair-beauty	Styling	1	23	23	0	0	0	femshades.com/toe-nail-colors-for-dark-skin/	0
nail color for cool skin tone	hair-beauty	Styling	1	22	22	0	0	0	femshades.com/nail-color-for-cool-skin-tone/	0
nail color for light skin tone	hair-beauty	Styling	1	22	22	0	0	0	femshades.com/nail-color-for-light-skin-tone/	0
office dresses for women work attire business professional	room-ideas	Styling	1	22	22	2	9.09	3.79	femshades.com/office-dresses-for-women-work-attire-business-professional/	2
black and white themed party outfits	outfit-style	Styling	1	21	21	2	9.52	3.91	femshades.com/black-and-white-themed-party-outfits/	2
dark tattoo cover up ideas for women	tattoo	Styling	1	21	21	0	0	0	femshades.com/dark-tattoo-cover-up-ideas-for-women/	0
easy gel nail art for beginners	hair-beauty	Styling	1	21	21	0	0	0	femshades.com/easy-gel-nail-art-for-beginners/	0
hand tattoo cover up ideas for women	tattoo	Styling	1	21	21	0	0	0	femshades.com/hand-tattoo-cover-up-ideas-for-women/	0
tattoo ideas female spine for women	tattoo	Styling	1	21	21	3	14.29	5.87	femshades.com/tattoo-ideas-female-spine-for-women/	3
bridal shower gift ideas	wedding-event	Wedding/Craft	3	310	103	6	1.94	1.66	chicceremony.com/bridal-shower-gift-ideas/	3
50th wedding anniversary ideas	wedding-event	Wedding/Craft	2	201	101	7	3.48	2.95	eloralove.com/50th-wedding-anniversary-ideas/	5
birthday gift ideas for mom	general	Wedding/Craft	1	81	81	0	0	0	chicceremony.com/birthday-gift-ideas-for-mom/	0
wedding vow renewal ideas	wedding-event	Wedding/Craft	1	76	76	1	1.32	1.05	chicceremony.com/wedding-vow-renewal-ideas/	1
wedding anniversary party ideas	wedding-event	Wedding/Craft	1	65	65	0	0	0	chicceremony.com/wedding-anniversary-party-ideas/	0
wedding decor ideas on a budget	wedding-event	Wedding/Craft	1	59	59	0	0	0	chicceremony.com/wedding-decor-ideas-on-a-budget/	0
couples wedding shower ideas	wedding-event	Wedding/Craft	1	55	55	1	1.82	1.35	chicceremony.com/couples-wedding-shower-ideas/	1
repurposed wedding dress ideas	outfit-style	Wedding/Craft	1	53	53	0	0	0	chicceremony.com/repurposed-wedding-dress-ideas/	0
dollar tree wedding ideas	wedding-event	Wedding/Craft	1	52	52	0	0	0	chicceremony.com/dollar-tree-wedding-ideas/	0
25th wedding anniversary gift ideas	wedding-event	Wedding/Craft	1	49	49	2	4.08	2.93	chicceremony.com/25th-wedding-anniversary-gift-ideas/	2
gift ideas for wedding	wedding-event	Wedding/Craft	2	122	61	4	3.28	2.49	lovorae.com/gift-ideas-for-wedding/	3
wedding rehearsal dinner ideas	wedding-event	Wedding/Craft	1	48	48	1	2.08	1.49	chicceremony.com/wedding-rehearsal-dinner-ideas/	1
indian wedding gift ideas for couple	wedding-event	Wedding/Craft	1	47	47	2	4.26	3.03	chicceremony.com/indian-wedding-gift-ideas-for-couple/	2
unique wedding ceremony ideas	wedding-event	Wedding/Craft	1	46	46	0	0	0	chicceremony.com/unique-wedding-ceremony-ideas/	0
parent wedding gift ideas	wedding-event	Wedding/Craft	1	45	45	0	0	0	chicceremony.com/parent-wedding-gift-ideas/	0
wedding outfit ideas for women	outfit-style	Wedding/Craft	1	44	44	1	2.27	1.59	chicceremony.com/wedding-outfit-ideas-for-women/	1
backyard wedding food ideas	room-ideas	Wedding/Craft	1	43	43	0	0	0	chicceremony.com/backyard-wedding-food-ideas/	0
coffee themed bridal shower ideas	wedding-event	Wedding/Craft	1	42	42	0	0	0	chicceremony.com/coffee-themed-bridal-shower-ideas/	0
indian wedding guest outfit ideas	outfit-style	Wedding/Craft	1	38	38	7	18.42	12.4	chicceremony.com/indian-wedding-guest-outfit-ideas/	7
small wedding cake ideas	food-baking	Wedding/Craft	1	37	37	0	0	0	chicceremony.com/small-wedding-cake-ideas/	0
unique wedding gift ideas	wedding-event	Wedding/Craft	1	37	37	3	8.11	5.42	chicceremony.com/unique-wedding-gift-ideas/	3
40th wedding anniversary party ideas	wedding-event	Wedding/Craft	1	36	36	0	0	0	chicceremony.com/40th-wedding-anniversary-party-ideas/	0
wedding anniversary gift ideas	wedding-event	Wedding/Craft	1	36	36	3	8.33	5.53	chicceremony.com/wedding-anniversary-gift-ideas/	3
wedding card box ideas	wedding-event	Wedding/Craft	1	35	35	1	2.86	1.88	chicceremony.com/wedding-card-box-ideas/	1
wedding welcome party ideas	wedding-event	Wedding/Craft	1	35	35	0	0	0	chicceremony.com/wedding-welcome-party-ideas/	0
wedding rehearsal dinner ideas outfit	outfit-style	Wedding/Craft	1	34	34	0	0	0	chicceremony.com/wedding-rehearsal-dinner-ideas-outfit/	0
wedding table name ideas	wedding-event	Wedding/Craft	1	34	34	0	0	0	chicceremony.com/wedding-table-name-ideas/	0
50th wedding anniversary gift ideas	wedding-event	Wedding/Craft	1	32	32	1	3.13	2.01	chicceremony.com/50th-wedding-anniversary-gift-ideas/	1
50th wedding anniversary party ideas decorations	wedding-event	Wedding/Craft	1	32	32	3	9.38	6.02	chicceremony.com/50th-wedding-anniversary-party-ideas-decorations/	3
20th wedding anniversary ideas	wedding-event	Wedding/Craft	1	31	31	0	0	0	chicceremony.com/20th-wedding-anniversary-ideas/	0
indian wedding return gifts ideas	wedding-event	Wedding/Craft	1	31	31	1	3.23	2.06	chicceremony.com/indian-wedding-return-gifts-ideas/	1
cupcake display ideas wedding	food-baking	Wedding/Craft	1	30	30	0	0	0	chicceremony.com/cupcake-display-ideas-wedding/	0
outdoor wedding dress ideas	outfit-style	Wedding/Craft	1	30	30	0	0	0	chicceremony.com/outdoor-wedding-dress-ideas/	0
wedding cake table ideas	food-baking	Wedding/Craft	1	28	28	0	0	0	chicceremony.com/wedding-cake-table-ideas/	0
wedding ring ideas unique	wedding-event	Wedding/Craft	1	28	28	1	3.57	2.21	chicceremony.com/wedding-ring-ideas-unique/	1
wedding table setting ideas	wedding-event	Wedding/Craft	1	28	28	0	0	0	chicceremony.com/wedding-table-setting-ideas/	0
small wedding reception ideas	wedding-event	Wedding/Craft	1	27	27	1	3.7	2.26	chicceremony.com/small-wedding-reception-ideas/	1
wedding sheet cake ideas	food-baking	Wedding/Craft	1	27	27	0	0	0	chicceremony.com/wedding-sheet-cake-ideas/	0
wedding gift bag ideas	outfit-style	Wedding/Craft	1	26	26	0	0	0	chicceremony.com/wedding-gift-bag-ideas/	0
wedding guest gift ideas	wedding-event	Wedding/Craft	1	26	26	0	0	0	chicceremony.com/wedding-guest-gift-ideas/	0
wedding shower gift basket ideas	product-specific	Wedding/Craft	2	123	62	1	0.81	0.62	chicceremony.com/wedding-shower-gift-basket-ideas/	1
50 wedding anniversary party ideas	wedding-event	Wedding/Craft	1	23	23	0	0	0	chicceremony.com/50-wedding-anniversary-party-ideas/	0
wedding anniversary cake ideas	food-baking	Wedding/Craft	1	23	23	2	8.7	5.08	chicceremony.com/wedding-anniversary-cake-ideas/	2
wedding head table ideas	wedding-event	Wedding/Craft	1	23	23	0	0	0	chicceremony.com/wedding-head-table-ideas/	0
wedding cocktail hour ideas	wedding-event	Wedding/Craft	1	22	22	0	0	0	chicceremony.com/wedding-cocktail-hour-ideas/	0
wedding photo booth ideas	wedding-event	Wedding/Craft	1	22	22	0	0	0	chicceremony.com/wedding-photo-booth-ideas/	0
alice in wonderland birthday party ideas	wedding-event	Wedding/Craft	1	21	21	0	0	0	chicceremony.com/alice-in-wonderland-birthday-party-ideas/	0
packing ideas for wedding	wedding-event	Wedding/Craft	1	21	21	0	0	0	chicceremony.com/packing-ideas-for-wedding/	0
wedding gift card ideas	wedding-event	Wedding/Craft	1	21	21	0	0	0	chicceremony.com/wedding-gift-card-ideas/	0
covered patio ideas attached to house	room-ideas	Garden/Outdoor	1	110	110	1	0.91	0.46	softlyoutdoor.com/covered-patio-ideas-attached-to-house/	1
deck covers ideas patio shade	room-ideas	Garden/Outdoor	1	106	106	35	33.02	16.71	softlyoutdoor.com/deck-covers-ideas-patio-shade/	35
small inground pool ideas	general	Garden/Outdoor	1	93	93	2	2.15	1.06	softlyoutdoor.com/small-inground-pool-ideas/	2
outdoor patio roof ideas	room-ideas	Garden/Outdoor	1	89	89	12	13.48	6.57	softlyoutdoor.com/outdoor-patio-roof-ideas/	12
ranch style front porch ideas	outfit-style	Garden/Outdoor	1	75	75	0	0	0	softlyoutdoor.com/ranch-style-front-porch-ideas/	0
front porch seating ideas	general	Garden/Outdoor	1	70	70	0	0	0	softlyoutdoor.com/front-porch-seating-ideas/	0
wind block ideas patio	room-ideas	Garden/Outdoor	1	70	70	11	15.71	7.25	softlyoutdoor.com/wind-block-ideas-patio/	11
enclosed porch ideas on a budget	general	Garden/Outdoor	1	62	62	0	0	0	softlyoutdoor.com/enclosed-porch-ideas-on-a-budget/	0
inclosed deck patio ideas	room-ideas	Garden/Outdoor	1	55	55	1	1.82	0.79	softlyoutdoor.com/inclosed-deck-patio-ideas/	1
stamped concrete patio ideas	room-ideas	Garden/Outdoor	3	222	74	4	1.8	0.84	softlyoutdoor.com/stamped-concrete-patio-ideas/	2
backyard patio ideas on a budget	room-ideas	Garden/Outdoor	2	99	50	13	13.13	5.58	lawnoria.com/backyard-patio-ideas-on-a-budget/	13
front porch flooring ideas	general	Garden/Outdoor	1	53	53	9	16.98	7.33	softlyoutdoor.com/front-porch-flooring-ideas/	9
front porch landscaping ideas	general	Garden/Outdoor	1	53	53	4	7.55	3.26	softlyoutdoor.com/front-porch-landscaping-ideas/	4
porch railing ideas diy cheap	diy-craft	Garden/Outdoor	1	53	53	1	1.89	0.82	softlyoutdoor.com/porch-railing-ideas-diy-cheap/	1
patio pergola ideas attached to house	room-ideas	Garden/Outdoor	1	48	48	10	20.83	8.78	softlyoutdoor.com/patio-pergola-ideas-attached-to-house/	10
landscape ideas around pool	general	Garden/Outdoor	1	47	47	2	4.26	1.79	softlyoutdoor.com/landscape-ideas-around-pool/	2
front porch stairs ideas	general	Garden/Outdoor	1	45	45	0	0	0	softlyoutdoor.com/front-porch-stairs-ideas/	0
front porch tile ideas	general	Garden/Outdoor	1	42	42	1	2.38	0.97	softlyoutdoor.com/front-porch-tile-ideas/	1
hot tub ideas backyard patio	room-ideas	Garden/Outdoor	1	42	42	3	7.14	2.91	softlyoutdoor.com/hot-tub-ideas-backyard-patio/	3
porch steps ideas wooden	general	Garden/Outdoor	1	41	41	2	4.88	1.98	softlyoutdoor.com/porch-steps-ideas-wooden/	2
cheap patio floor ideas	room-ideas	Garden/Outdoor	1	39	39	4	10.26	4.1	softlyoutdoor.com/cheap-patio-floor-ideas/	4
ground pool steps ideas	general	Garden/Outdoor	1	37	37	3	8.11	3.19	softlyoutdoor.com/above-ground-pool-steps-ideas/	3
brick patio ideas backyards	room-ideas	Garden/Outdoor	2	47	24	2	4.26	1.48	blossivio.com/brick-patio-ideas-backyards/	2
front porch roof ideas	general	Garden/Outdoor	1	37	37	0	0	0	softlyoutdoor.com/front-porch-roof-ideas/	0
front porch furniture ideas	general	Garden/Outdoor	1	36	36	1	2.78	1.09	softlyoutdoor.com/front-porch-furniture-ideas/	1
patio sail shade ideas	room-ideas	Garden/Outdoor	2	129	65	9	6.98	3.16	yardzeno.com/patio-sail-shade-ideas/	6
concrete pool deck ideas	general	Garden/Outdoor	1	34	34	1	2.94	1.13	softlyoutdoor.com/concrete-pool-deck-ideas/	1
covered patio ideas with fireplace	room-ideas	Garden/Outdoor	1	33	33	0	0	0	softlyoutdoor.com/covered-patio-ideas-with-fireplace/	0
pool waterline tile ideas	general	Garden/Outdoor	1	33	33	4	12.12	4.63	softlyoutdoor.com/pool-waterline-tile-ideas/	4
backyard stone patio ideas	room-ideas	Garden/Outdoor	1	32	32	1	3.13	1.19	softlyoutdoor.com/backyard-stone-patio-ideas/	1
enclosed front porch ideas	general	Garden/Outdoor	1	32	32	3	9.38	3.55	softlyoutdoor.com/enclosed-front-porch-ideas/	3
front door walkway ideas	general	Garden/Outdoor	2	77	39	3	3.9	1.55	grassora.com/front-door-walkway-ideas/	3
patio shade ideas on a budget	room-ideas	Garden/Outdoor	1	32	32	2	6.25	2.37	softlyoutdoor.com/patio-shade-ideas-on-a-budget/	2
enclosed patio ideas sunroom	room-ideas	Garden/Outdoor	1	31	31	0	0	0	softlyoutdoor.com/enclosed-patio-ideas-sunroom/	0
outdoor patio wall ideas	room-ideas	Garden/Outdoor	1	31	31	1	3.23	1.21	softlyoutdoor.com/outdoor-patio-wall-ideas/	1
concrete porch paint ideas	diy-craft	Garden/Outdoor	1	30	30	1	3.33	1.24	softlyoutdoor.com/concrete-porch-paint-ideas/	1
front porch deck ideas	general	Garden/Outdoor	1	30	30	0	0	0	softlyoutdoor.com/front-porch-deck-ideas/	0
patio table decorating ideas	room-ideas	Garden/Outdoor	1	30	30	2	6.67	2.48	softlyoutdoor.com/patio-table-decorating-ideas/	2
apartment patio privacy ideas	room-ideas	Garden/Outdoor	1	29	29	3	10.34	3.81	softlyoutdoor.com/apartment-patio-privacy-ideas/	3
patio furniture layout ideas	room-ideas	Garden/Outdoor	1	29	29	1	3.45	1.27	softlyoutdoor.com/patio-furniture-layout-ideas/	1
plunge pool ideas small spaces	general	Garden/Outdoor	1	29	29	1	3.45	1.27	softlyoutdoor.com/plunge-pool-ideas-small-spaces/	1
small patio privacy ideas	room-ideas	Garden/Outdoor	1	29	29	7	24.14	8.89	softlyoutdoor.com/small-patio-privacy-ideas/	7
front porch privacy ideas	general	Garden/Outdoor	1	28	28	2	7.14	2.6	softlyoutdoor.com/front-porch-privacy-ideas/	2
front porch railing ideas	general	Garden/Outdoor	1	28	28	1	3.57	1.3	softlyoutdoor.com/front-porch-railing-ideas/	1
swimming pool fence ideas	general	Garden/Outdoor	1	28	28	0	0	0	softlyoutdoor.com/swimming-pool-fence-ideas/	0
backyard paver patio ideas	room-ideas	Garden/Outdoor	1	27	27	2	7.41	2.67	softlyoutdoor.com/backyard-paver-patio-ideas/	2
covered front porch ideas	general	Garden/Outdoor	2	36	18	1	2.78	0.89	grassora.com/covered-front-porch-ideas/	1
iron porch railing ideas	product-specific	Garden/Outdoor	1	27	27	0	0	0	softlyoutdoor.com/iron-porch-railing-ideas/	0
outdoor patio tile ideas	room-ideas	Garden/Outdoor	1	27	27	1	3.7	1.34	softlyoutdoor.com/outdoor-patio-tile-ideas/	1
mother of the bride hairstyles	hair-beauty	Hair/Beauty	1	136	136	3	2.21	11.63	hairflowy.com/mother-of-the-bride-hairstyles/	3
best hairstyles for women over 70	hair-beauty	Hair/Beauty	1	122	122	2	1.64	8.44	hairflowy.com/best-hairstyles-for-women-over-70/	2
salt and pepper hair color ideas	hair-beauty	Hair/Beauty	1	111	111	0	0	0	hairflowy.com/salt-and-pepper-hair-color-ideas/	0
white hair color ideas	hair-beauty	Hair/Beauty	1	79	79	4	5.06	23.72	hairflowy.com/white-hair-color-ideas/	4
wavy hair with curtain bangs	product-specific	Hair/Beauty	1	66	66	0	0	0	hairflowy.com/wavy-hair-with-curtain-bangs/	0
natural wavy haircuts	general	Hair/Beauty	1	50	50	0	0	0	hairflowy.com/natural-wavy-haircuts/	0
hairstyles for frizzy hair	hair-beauty	Hair/Beauty	1	48	48	2	4.17	17.36	hairflowy.com/hairstyles-for-frizzy-hair/	2
asian hair color ideas	hair-beauty	Hair/Beauty	1	39	39	1	2.56	10.1	hairflowy.com/asian-hair-color-ideas/	1
hair color streaks ideas	hair-beauty	Hair/Beauty	1	39	39	3	7.69	30.34	hairflowy.com/hair-color-streaks-ideas/	3
caramel hair color ideas	hair-beauty	Hair/Beauty	1	38	38	0	0	0	hairflowy.com/caramel-hair-color-ideas/	0
short haircuts for women over 50	general	Hair/Beauty	1	38	38	0	0	0	hairflowy.com/short-haircuts-for-women-over-50/	0
dance hairstyle ideas	hair-beauty	Hair/Beauty	1	36	36	0	0	0	hairflowy.com/dance-hairstyle-ideas/	0
hair color dye ideas	hair-beauty	Hair/Beauty	1	36	36	0	0	0	hairflowy.com/hair-color-dye-ideas/	0
easy ponytail hairstyles	hair-beauty	Hair/Beauty	1	34	34	0	0	0	hairflowy.com/easy-ponytail-hairstyles/	0
hair color foils ideas	hair-beauty	Hair/Beauty	1	32	32	0	0	0	hairflowy.com/hair-color-foils-ideas/	0
long hairstyle updo ideas	hair-beauty	Hair/Beauty	1	31	31	1	3.23	11.97	hairflowy.com/long-hairstyle-updo-ideas/	1
haircuts for round faces	general	Hair/Beauty	1	30	30	0	0	0	hairflowy.com/haircuts-for-round-faces/	0
hairstyle ideas for shoulder length hair	hair-beauty	Hair/Beauty	1	30	30	2	6.67	24.5	hairflowy.com/hairstyle-ideas-for-shoulder-length-hair/	2
indian hair color ideas	hair-beauty	Hair/Beauty	1	29	29	0	0	0	hairflowy.com/indian-hair-color-ideas/	0
front hairstyle ideas	hair-beauty	Hair/Beauty	1	27	27	0	0	0	hairflowy.com/front-hairstyle-ideas/	0
mixed hair color ideas	hair-beauty	Hair/Beauty	1	27	27	0	0	0	hairflowy.com/mixed-hair-color-ideas/	0
peekaboo hair color ideas	hair-beauty	Hair/Beauty	1	27	27	0	0	0	hairflowy.com/peekaboo-hair-color-ideas/	0
crazy hairstyle ideas	hair-beauty	Hair/Beauty	1	26	26	0	0	0	hairflowy.com/crazy-hairstyle-ideas/	0
hairstyles for high neck dresses	hair-beauty	Hair/Beauty	1	26	26	0	0	0	hairflowy.com/hairstyles-for-high-neck-dresses/	0
soft summer hair color ideas	hair-beauty	Hair/Beauty	1	26	26	1	3.85	13.57	hairflowy.com/soft-summer-hair-color-ideas/	1
hair color ideas from blonde to brown	hair-beauty	Hair/Beauty	1	25	25	0	0	0	hairflowy.com/hair-color-ideas-from-blonde-to-brown/	0
look younger color ideas hair color for over 60	outfit-style	Hair/Beauty	1	25	25	0	0	0	hairflowy.com/look-younger-color-ideas-hair-color-for-over-60/	0
natural hair color ideas	hair-beauty	Hair/Beauty	1	25	25	1	4	13.94	hairflowy.com/natural-hair-color-ideas/	1
blue hair color ideas	hair-beauty	Hair/Beauty	1	24	24	0	0	0	hairflowy.com/blue-hair-color-ideas/	0
hair color ideas for women over 50	hair-beauty	Hair/Beauty	1	23	23	0	0	0	hairflowy.com/hair-color-ideas-for-women-over-50/	0
hairstyles for big foreheads	hair-beauty	Hair/Beauty	1	23	23	0	0	0	hairflowy.com/hairstyles-for-big-foreheads/	0
orange hair color ideas	hair-beauty	Hair/Beauty	1	23	23	0	0	0	hairflowy.com/orange-hair-color-ideas/	0
quick hairstyle ideas	hair-beauty	Hair/Beauty	1	23	23	0	0	0	hairflowy.com/quick-hairstyle-ideas/	0
short hair color ideas	hair-beauty	Hair/Beauty	1	22	22	0	0	0	hairflowy.com/short-hair-color-ideas/	0
hairstyle ideas for long thin hair	hair-beauty	Hair/Beauty	1	21	21	0	0	0	hairflowy.com/hairstyle-ideas-for-long-thin-hair/	0
hairstyles for damaged hair	hair-beauty	Hair/Beauty	1	21	21	0	0	0	hairflowy.com/hairstyles-for-damaged-hair/	0
one shoulder dress hairstyles	outfit-style	Hair/Beauty	1	21	21	0	0	0	hairflowy.com/one-shoulder-dress-hairstyles/	0
hairstyle ideas for natural curly hair	hair-beauty	Hair/Beauty	1	20	20	0	0	0	hairflowy.com/hairstyle-ideas-for-natural-curly-hair/	0
hairstyle put up ideas	hair-beauty	Hair/Beauty	1	20	20	0	0	0	hairflowy.com/hairstyle-put-up-ideas/	0
hairstyles for extensions	hair-beauty	Hair/Beauty	1	20	20	0	0	0	hairflowy.com/hairstyles-for-extensions/	0
easy hairstyles for medium length hair	hair-beauty	Hair/Beauty	1	19	19	0	0	0	hairflowy.com/easy-hairstyles-for-medium-length-hair/	0
hairstyle ideas for the races	hair-beauty	Hair/Beauty	1	19	19	0	0	0	hairflowy.com/hairstyle-ideas-for-the-races/	0
blunt shoulder length haircuts	general	Hair/Beauty	1	18	18	0	0	0	hairflowy.com/blunt-shoulder-length-haircuts/	0
fair skin hair color ideas	hair-beauty	Hair/Beauty	1	18	18	0	0	0	hairflowy.com/fair-skin-hair-color-ideas/	0
haircuts for pear shaped faces	general	Hair/Beauty	1	18	18	0	0	0	hairflowy.com/haircuts-for-pear-shaped-faces/	0
hairstyle ideas for thick hair	hair-beauty	Hair/Beauty	1	18	18	0	0	0	hairflowy.com/hairstyle-ideas-for-thick-hair/	0
hairstyles for growing out bangs	hair-beauty	Hair/Beauty	1	18	18	0	0	0	hairflowy.com/hairstyles-for-growing-out-bangs/	0
mother of groom hairstyles	hair-beauty	Hair/Beauty	1	18	18	0	0	0	hairflowy.com/mother-of-groom-hairstyles/	0
new hairstyle ideas	hair-beauty	Hair/Beauty	1	18	18	0	0	0	hairflowy.com/new-hairstyle-ideas/	0
nail art design ideas	tattoo	Hair/Beauty	1	108	108	0	0	0	nailiri.com/nail-art-design-ideas/	0
nail gel ideas	hair-beauty	Hair/Beauty	1	52	52	0	0	0	nailiri.com/nail-gel-ideas/	0
nail ideas for easter	hair-beauty	Hair/Beauty	1	47	47	0	0	0	nailiri.com/nail-ideas-for-easter/	0
easy nail ideas	hair-beauty	Hair/Beauty	1	42	42	0	0	0	nailiri.com/easy-nail-ideas/	0
popular nail ideas	hair-beauty	Hair/Beauty	1	28	28	0	0	0	nailiri.com/popular-nail-ideas/	0
biab nail ideas	hair-beauty	Hair/Beauty	1	24	24	0	0	0	nailiri.com/biab-nail-ideas/	0
dip nail ideas	hair-beauty	Hair/Beauty	1	23	23	0	0	0	nailiri.com/dip-nail-ideas/	0
nail and screw storage ideas	hair-beauty	Hair/Beauty	1	23	23	0	0	0	nailiri.com/nail-and-screw-storage-ideas/	0
nail color combination ideas	hair-beauty	Hair/Beauty	1	23	23	0	0	0	nailiri.com/nail-color-combination-ideas/	0
flower nail ideas	hair-beauty	Hair/Beauty	1	22	22	0	0	0	nailiri.com/flower-nail-ideas/	0
gel x nail ideas	hair-beauty	Hair/Beauty	1	20	20	0	0	0	nailiri.com/gel-x-nail-ideas/	0
men s nail ideas	hair-beauty	Hair/Beauty	1	20	20	0	0	0	nailiri.com/men-s-nail-ideas/	0
pastel nail ideas	hair-beauty	Hair/Beauty	1	20	20	0	0	0	nailiri.com/pastel-nail-ideas/	0
birthday nail ideas	hair-beauty	Hair/Beauty	1	18	18	0	0	0	nailiri.com/birthday-nail-ideas/	0
bright nail ideas	hair-beauty	Hair/Beauty	1	18	18	0	0	0	nailiri.com/bright-nail-ideas/	0
gold nail ideas	hair-beauty	Hair/Beauty	1	16	16	0	0	0	nailiri.com/gold-nail-ideas/	0
nail ideas for 10 year olds	hair-beauty	Hair/Beauty	1	16	16	0	0	0	nailiri.com/nail-ideas-for-10-year-olds/	0
paper nail ideas	hair-beauty	Hair/Beauty	1	16	16	0	0	0	nailiri.com/paper-nail-ideas/	0
pink wedding nails	hair-beauty	Hair/Beauty	1	16	16	0	0	0	nailiri.com/pink-wedding-nails/	0
acrylic nail ideas	hair-beauty	Hair/Beauty	1	15	15	0	0	0	nailiri.com/acrylic-nail-ideas/	0
black and white nail ideas	hair-beauty	Hair/Beauty	1	15	15	0	0	0	nailiri.com/black-and-white-nail-ideas/	0
dark nail ideas	hair-beauty	Hair/Beauty	1	15	15	0	0	0	nailiri.com/dark-nail-ideas/	0
nail shape ideas	hair-beauty	Hair/Beauty	1	15	15	0	0	0	nailiri.com/nail-shape-ideas/	0
natural gel nail ideas	hair-beauty	Hair/Beauty	1	15	15	0	0	0	nailiri.com/natural-gel-nail-ideas/	0
initial nail ideas	hair-beauty	Hair/Beauty	1	13	13	0	0	0	nailiri.com/initial-nail-ideas/	0
mint green nail ideas	hair-beauty	Hair/Beauty	1	13	13	0	0	0	nailiri.com/mint-green-nail-ideas/	0
nail ideas for dark skin	hair-beauty	Hair/Beauty	1	13	13	0	0	0	nailiri.com/nail-ideas-for-dark-skin/	0
acrylic nail ideas for spring	hair-beauty	Hair/Beauty	1	12	12	0	0	0	nailiri.com/acrylic-nail-ideas-for-spring/	0
ideas for toe nail art	hair-beauty	Hair/Beauty	1	12	12	0	0	0	nailiri.com/ideas-for-toe-nail-art/	0
lilac nail ideas	hair-beauty	Hair/Beauty	1	12	12	0	0	0	nailiri.com/lilac-nail-ideas/	0
long nail ideas	hair-beauty	Hair/Beauty	1	12	12	0	0	0	nailiri.com/long-nail-ideas/	0
nail gem ideas	hair-beauty	Hair/Beauty	1	12	12	0	0	0	nailiri.com/nail-gem-ideas/	0
nail rhinestones ideas	hair-beauty	Hair/Beauty	1	12	12	0	0	0	nailiri.com/nail-rhinestones-ideas/	0
pink nail ideas	hair-beauty	Hair/Beauty	1	12	12	0	0	0	nailiri.com/pink-nail-ideas/	0
burgundy nail ideas	hair-beauty	Hair/Beauty	1	11	11	0	0	0	nailiri.com/burgundy-nail-ideas/	0
classy nail ideas	hair-beauty	Hair/Beauty	1	11	11	0	0	0	nailiri.com/classy-nail-ideas/	0
leopard print nail ideas	hair-beauty	Hair/Beauty	1	11	11	0	0	0	nailiri.com/leopard-print-nail-ideas/	0
nail ideas for 9 year olds	hair-beauty	Hair/Beauty	1	11	11	0	0	0	nailiri.com/nail-ideas-for-9-year-olds/	0
nail logo ideas	hair-beauty	Hair/Beauty	1	11	11	0	0	0	nailiri.com/nail-logo-ideas/	0
oval nail ideas	hair-beauty	Hair/Beauty	1	11	11	0	0	0	nailiri.com/oval-nail-ideas/	0
purple nail ideas	hair-beauty	Hair/Beauty	1	11	11	0	0	0	nailiri.com/purple-nail-ideas/	0
low light outdoor plants	general	Garden/Outdoor	1	291	291	10	3.44	2.11	moonlightyard.com/low-light-outdoor-plants/	10
butterfly garden ideas	room-ideas	Garden/Outdoor	1	247	247	3	1.21	0.72	moonlightyard.com/butterfly-garden-ideas/	3
garden ideas for north facing garden	room-ideas	Garden/Outdoor	1	218	218	10	4.59	2.68	moonlightyard.com/garden-ideas-for-north-facing-garden/	10
fairy garden ideas	room-ideas	Garden/Outdoor	1	196	196	17	8.67	4.96	moonlightyard.com/fairy-garden-ideas/	17
cinder block garden ideas	room-ideas	Garden/Outdoor	1	140	140	2	1.43	0.77	moonlightyard.com/cinder-block-garden-ideas/	2
garden waterfall ideas	room-ideas	Garden/Outdoor	1	115	115	28	24.35	12.53	moonlightyard.com/garden-waterfall-ideas/	28
food ideas for garden party	room-ideas	Garden/Outdoor	2	217	109	3	1.38	0.7	slowgardenlife.com/food-ideas-for-garden-party/	3
garden steps ideas	room-ideas	Garden/Outdoor	1	108	108	0	0	0	moonlightyard.com/garden-steps-ideas/	0
dog friendly garden ideas	room-ideas	Garden/Outdoor	2	167	84	1	0.6	0.29	moonlightyard.com/dog-friendly-garden-ideas/	1
garden water feature ideas	room-ideas	Garden/Outdoor	1	97	97	5	5.15	2.56	moonlightyard.com/garden-water-feature-ideas/	5
drainage ideas for garden	room-ideas	Garden/Outdoor	1	93	93	1	1.08	0.53	moonlightyard.com/drainage-ideas-for-garden/	1
garden under tree ideas	room-ideas	Garden/Outdoor	2	145	73	1	0.69	0.32	slowgardenlife.com/garden-under-tree-ideas/	1
garden in small space ideas	room-ideas	Garden/Outdoor	2	153	77	4	2.61	1.23	slowgardenlife.com/garden-in-small-space-ideas/	3
front yard landscaping ideas with rocks	general	Garden/Outdoor	1	72	72	3	4.17	1.94	moonlightyard.com/front-yard-landscaping-ideas-with-rocks/	3
hydroponic tomatoes	general	Garden/Outdoor	1	68	68	2	2.94	1.35	moonlightyard.com/hydroponic-tomatoes/	2
artificial garden ideas	room-ideas	Garden/Outdoor	1	67	67	3	4.48	2.05	moonlightyard.com/artificial-garden-ideas/	3
garden memorial ideas	room-ideas	Garden/Outdoor	1	67	67	9	13.43	6.14	moonlightyard.com/garden-memorial-ideas/	9
money tree watering	general	Garden/Outdoor	1	66	66	0	0	0	moonlightyard.com/money-tree-watering/	0
flowers that look like daisies	outfit-style	Garden/Outdoor	1	64	64	0	0	0	moonlightyard.com/flowers-that-look-like-daisies/	0
garden fence ideas diy	room-ideas	Garden/Outdoor	1	60	60	7	11.67	5.19	moonlightyard.com/garden-fence-ideas-diy/	7
brick edging ideas for garden	room-ideas	Garden/Outdoor	1	59	59	4	6.78	3.01	moonlightyard.com/brick-edging-ideas-for-garden/	4
ideas for pet memorial garden	room-ideas	Garden/Outdoor	1	58	58	5	8.62	3.81	moonlightyard.com/ideas-for-pet-memorial-garden/	5
garden mural ideas	room-ideas	Garden/Outdoor	1	57	57	1	1.75	0.77	moonlightyard.com/garden-mural-ideas/	1
hosta garden ideas	room-ideas	Garden/Outdoor	1	57	57	2	3.51	1.54	moonlightyard.com/hosta-garden-ideas/	2
garden bed design ideas	product-specific	Garden/Outdoor	1	56	56	3	5.36	2.35	moonlightyard.com/garden-bed-design-ideas/	3
garden arch ideas	room-ideas	Garden/Outdoor	1	52	52	1	1.92	0.83	moonlightyard.com/garden-arch-ideas/	1
garden art ideas	room-ideas	Garden/Outdoor	1	52	52	0	0	0	moonlightyard.com/garden-art-ideas/	0
grow bag garden ideas	outfit-style	Garden/Outdoor	1	52	52	1	1.92	0.83	moonlightyard.com/grow-bag-garden-ideas/	1
front garden ideas australia	room-ideas	Garden/Outdoor	1	51	51	0	0	0	moonlightyard.com/front-garden-ideas-australia/	0
garden fence colour ideas	room-ideas	Garden/Outdoor	1	51	51	0	0	0	moonlightyard.com/garden-fence-colour-ideas/	0
diy rock garden ideas	room-ideas	Garden/Outdoor	1	48	48	0	0	0	moonlightyard.com/diy-rock-garden-ideas/	0
ideas for garden fences	room-ideas	Garden/Outdoor	1	48	48	9	18.75	7.9	moonlightyard.com/ideas-for-garden-fences/	9
types of wildflowers	general	Garden/Outdoor	1	48	48	1	2.08	0.88	moonlightyard.com/types-of-wildflowers/	1
garden windbreak ideas	room-ideas	Garden/Outdoor	2	114	57	5	4.39	1.93	moonlightyard.com/garden-windbreak-ideas/	3
fern garden ideas	room-ideas	Garden/Outdoor	1	46	46	1	2.17	0.9	moonlightyard.com/fern-garden-ideas/	1
garden terrace ideas	room-ideas	Garden/Outdoor	1	46	46	1	2.17	0.9	moonlightyard.com/garden-terrace-ideas/	1
ideas for small rock garden	room-ideas	Garden/Outdoor	2	91	46	2	2.2	0.91	slowgardenlife.com/ideas-for-small-rock-garden/	2
white flowering perennials	general	Garden/Outdoor	1	46	46	4	8.7	3.63	moonlightyard.com/white-flowering-perennials/	4
garden brick wall ideas	room-ideas	Garden/Outdoor	1	45	45	1	2.22	0.92	moonlightyard.com/garden-brick-wall-ideas/	1
garden on a slope ideas	room-ideas	Garden/Outdoor	1	44	44	1	2.27	0.94	moonlightyard.com/garden-on-a-slope-ideas/	1
garden arbor ideas	room-ideas	Garden/Outdoor	1	41	41	2	4.88	1.98	moonlightyard.com/garden-arbor-ideas/	2
garden ground cover ideas	room-ideas	Garden/Outdoor	1	41	41	1	2.44	0.99	moonlightyard.com/garden-ground-cover-ideas/	1
garden gate ideas	room-ideas	Garden/Outdoor	1	40	40	1	2.5	1.01	moonlightyard.com/garden-gate-ideas/	1
ideas for logs in garden	room-ideas	Garden/Outdoor	2	71	36	2	2.82	1.1	moonlightyard.com/ideas-for-logs-in-garden/	2
weeds with yellow flowers	general	Garden/Outdoor	1	40	40	1	2.5	1.01	moonlightyard.com/weeds-with-yellow-flowers/	1
garden wall ideas	room-ideas	Garden/Outdoor	2	107	54	9	8.41	3.64	yardzeno.com/garden-wall-ideas/	9
weeds with purple flowers	general	Garden/Outdoor	1	39	39	0	0	0	moonlightyard.com/weeds-with-purple-flowers/	0
australian native garden ideas	room-ideas	Garden/Outdoor	1	38	38	0	0	0	moonlightyard.com/australian-native-garden-ideas/	0
flowers that look like hydrangeas	outfit-style	Garden/Outdoor	1	38	38	1	2.63	1.04	moonlightyard.com/flowers-that-look-like-hydrangeas/	1
glass dome christmas decor ideas	wedding-event	Home Decor	1	231	231	4	1.73	1.17	glassoraa.com/glass-dome-christmas-decor-ideas/	4
long glass vase decor ideas	product-specific	Home Decor	1	168	168	7	4.17	2.65	glassoraa.com/long-glass-vase-decor-ideas/	7
large glass bowl decor ideas	product-specific	Home Decor	1	156	156	3	1.92	1.2	glassoraa.com/large-glass-bowl-decor-ideas/	3
glass coffee table decor ideas	wedding-event	Home Decor	1	113	113	3	2.65	1.56	glassoraa.com/glass-coffee-table-decor-ideas/	3
dining room decor glass table	room-ideas	Home Decor	1	88	88	0	0	0	glassoraa.com/dining-room-decor-glass-table/	0
glass bottle table decor wedding ideas	wedding-event	Home Decor	1	88	88	2	2.27	1.26	glassoraa.com/glass-bottle-table-decor-wedding-ideas/	2
big glass jug decor ideas	wedding-event	Home Decor	1	80	80	3	3.75	2.04	glassoraa.com/big-glass-jug-decor-ideas/	3
glass bowl decor ideas diy crafts	product-specific	Home Decor	1	77	77	2	2.6	1.41	glassoraa.com/glass-bowl-decor-ideas-diy-crafts/	2
large glass jugs decor ideas	wedding-event	Home Decor	1	73	73	2	2.74	1.46	glassoraa.com/large-glass-jugs-decor-ideas/	2
glass cabinet decor ideas	product-specific	Home Decor	1	69	69	2	2.9	1.53	glassoraa.com/glass-cabinet-decor-ideas/	2
kitchen glass cabinet decor ideas	product-specific	Home Decor	1	54	54	0	0	0	glassoraa.com/kitchen-glass-cabinet-decor-ideas/	0
round glass dining table decor ideas	room-ideas	Home Decor	1	51	51	6	11.76	5.76	glassoraa.com/round-glass-dining-table-decor-ideas/	6
shallow glass bowl decor ideas	product-specific	Home Decor	1	56	56	2	3.57	1.79	glassoraa.com/shallow-glass-bowl-decor-ideas/	2
diy glass bottle crafts ideas home decor	diy-craft	Home Decor	1	50	50	2	4	1.95	glassoraa.com/diy-glass-bottle-crafts-ideas-home-decor/	2
sea glass wedding table decor	wedding-event	Home Decor	1	48	48	5	10.42	5.03	glassoraa.com/sea-glass-wedding-table-decor/	5
giant wine glass decor ideas	wedding-event	Home Decor	1	47	47	1	2.13	1.02	glassoraa.com/giant-wine-glass-decor-ideas/	1
diy glass bottle wedding decor	diy-craft	Home Decor	1	45	45	3	6.67	3.17	glassoraa.com/diy-glass-bottle-wedding-decor/	3
crafts with glass jars home decor	diy-craft	Home Decor	1	44	44	1	2.27	1.07	glassoraa.com/crafts-with-glass-jars-home-decor/	1
sliding glass door decor	wedding-event	Home Decor	1	37	37	2	5.41	2.44	glassoraa.com/above-sliding-glass-door-decor/	2
glass bottle decor ideas	wedding-event	Home Decor	1	33	33	1	3.03	1.33	glassoraa.com/glass-bottle-decor-ideas/	1
glass vases decor ideas diy projects	diy-craft	Home Decor	1	30	30	0	0	0	glassoraa.com/glass-vases-decor-ideas-diy-projects/	0
put in glass jars decor display	wedding-event	Home Decor	1	30	30	1	3.33	1.42	glassoraa.com/what-to-put-in-glass-jars-decor-display/	1
glass bowl decor ideas centerpieces	product-specific	Home Decor	1	26	26	1	3.85	1.57	glassoraa.com/glass-bowl-decor-ideas-centerpieces/	1
vintage glass bottle decor ideas	wedding-event	Home Decor	1	23	23	0	0	0	glassoraa.com/vintage-glass-bottle-decor-ideas/	0
recycled glass vases decor ideas	wedding-event	Home Decor	1	18	18	1	5.56	2.03	glassoraa.com/recycled-glass-vases-decor-ideas/	1
blue glass bottle decor ideas	wedding-event	Home Decor	1	17	17	0	0	0	glassoraa.com/blue-glass-bottle-decor-ideas/	0
green glass bottle decor ideas	wedding-event	Home Decor	1	17	17	1	5.88	2.11	glassoraa.com/green-glass-bottle-decor-ideas/	1
green glass vases decor ideas	wedding-event	Home Decor	1	15	15	3	20	6.88	glassoraa.com/green-glass-vases-decor-ideas/	3
large glass bottles decor ideas	wedding-event	Home Decor	1	15	15	0	0	0	glassoraa.com/large-glass-bottles-decor-ideas/	0
stained glass wedding table decor	wedding-event	Home Decor	1	15	15	1	6.67	2.29	glassoraa.com/stained-glass-wedding-table-decor/	1
glass vases decor ideas centerpieces	wedding-event	Home Decor	1	13	13	4	30.77	10.07	glassoraa.com/glass-vases-decor-ideas-centerpieces/	4
colored glass vases decor ideas	wedding-event	Home Decor	1	12	12	1	8.33	2.65	glassoraa.com/colored-glass-vases-decor-ideas/	1
glass bottle decor ideas living rooms	wedding-event	Home Decor	1	9	9	1	11.11	3.17	glassoraa.com/glass-bottle-decor-ideas-living-rooms/	1
glass water jug decor ideas	wedding-event	Home Decor	1	7	7	1	14.29	3.69	glassoraa.com/glass-water-jug-decor-ideas/	1
tv cabinet design for living room	product-specific	Home Decor	1	262	262	28	10.69	7.39	homezae.com/tv-cabinet-design-for-living-room/	28
modern tiles for living room floor	room-ideas	Home Decor	1	186	186	5	2.69	1.75	homezae.com/modern-tiles-for-living-room-floor/	5
ikea living room ideas	room-ideas	Home Decor	2	212	106	4	1.89	1.1	homezae.com/ikea-living-room-ideas/	3
tv stands ideas for living room	room-ideas	Home Decor	1	139	139	7	5.04	3.09	homezae.com/tv-stands-ideas-for-living-room/	7
blue and green living room	room-ideas	Home Decor	1	88	88	7	7.95	4.43	homezae.com/blue-and-green-living-room/	7
living room wall painting ideas	room-ideas	Home Decor	1	53	53	0	0	0	homezae.com/living-room-wall-painting-ideas/	0
curved sofa living room	product-specific	Home Decor	1	49	49	3	6.12	2.97	homezae.com/curved-sofa-living-room/	3
dining room fireplace ideas	room-ideas	Home Decor	1	45	45	1	2.22	1.05	homezae.com/dining-room-fireplace-ideas/	1
fireplace mantle color ideas	hair-beauty	Home Decor	1	40	40	0	0	0	homezae.com/fireplace-mantle-color-ideas/	0
split level basement ideas	room-ideas	Home Decor	1	39	39	0	0	0	homezae.com/split-level-basement-ideas/	0
recliners in living room	room-ideas	Home Decor	1	37	37	4	10.81	4.88	homezae.com/recliners-in-living-room/	4
black wall living room	room-ideas	Home Decor	1	36	36	2	5.56	2.49	homezae.com/black-wall-living-room/	2
brown living room	room-ideas	Home Decor	1	35	35	0	0	0	homezae.com/brown-living-room/	0
living room storage	room-ideas	Home Decor	1	33	33	0	0	0	homezae.com/living-room-storage/	0
sofa for small living room	product-specific	Home Decor	1	32	32	1	3.13	1.36	homezae.com/sofa-for-small-living-room/	1
black and grey living room	room-ideas	Home Decor	1	31	31	0	0	0	homezae.com/black-and-grey-living-room/	0
cross wall decor ideas	wedding-event	Home Decor	1	31	31	1	3.23	1.39	homezae.com/cross-wall-decor-ideas/	1
living room wallpaper ideas	room-ideas	Home Decor	1	31	31	1	3.23	1.39	homezae.com/living-room-wallpaper-ideas/	1
ceiling design living room	room-ideas	Home Decor	1	30	30	1	3.33	1.42	homezae.com/ceiling-design-living-room/	1
side curtain rods ideas	product-specific	Home Decor	1	30	30	1	3.33	1.42	homezae.com/side-curtain-rods-ideas/	1
bedroom door curtain ideas	product-specific	Home Decor	1	28	28	5	17.86	7.46	homezae.com/bedroom-door-curtain-ideas/	5
old window wall decor ideas	wedding-event	Home Decor	1	28	28	3	10.71	4.47	homezae.com/old-window-wall-decor-ideas/	3
curved wall decor ideas	wedding-event	Home Decor	1	27	27	1	3.7	1.53	homezae.com/curved-wall-decor-ideas/	1
freestanding fireplace ideas	general	Home Decor	1	25	25	0	0	0	homezae.com/freestanding-fireplace-ideas/	0
large living room wall decor ideas	room-ideas	Home Decor	2	61	31	1	1.64	0.7	homezae.com/large-living-room-wall-decor-ideas/	1
cheap curtain ideas	product-specific	Home Decor	1	22	22	1	4.55	1.77	homezae.com/cheap-curtain-ideas/	1
black living room ideas	room-ideas	Home Decor	1	21	21	0	0	0	homezae.com/black-living-room-ideas/	0
basement vinyl flooring ideas	room-ideas	Home Decor	1	20	20	1	5	1.89	homezae.com/basement-vinyl-flooring-ideas/	1
unique curtain hanging ideas	product-specific	Home Decor	1	20	20	0	0	0	homezae.com/unique-curtain-hanging-ideas/	0
vintage fireplace ideas	general	Home Decor	1	20	20	1	5	1.89	homezae.com/vintage-fireplace-ideas/	1
wall molding living room	room-ideas	Home Decor	1	20	20	3	15	5.67	homezae.com/wall-molding-living-room/	3
farmhouse shower curtain ideas	product-specific	Home Decor	1	19	19	4	21.05	7.82	homezae.com/farmhouse-shower-curtain-ideas/	4
80s living room	room-ideas	Home Decor	1	14	14	2	14.29	4.8	homezae.com/80s-living-room/	2
sims 4 basement ideas	room-ideas	Home Decor	1	14	14	0	0	0	homezae.com/sims-4-basement-ideas/	0
basement living room ideas	room-ideas	Home Decor	1	13	13	0	0	0	homezae.com/basement-living-room-ideas/	0
basement projector ideas	room-ideas	Home Decor	1	13	13	3	23.08	7.56	homezae.com/basement-projector-ideas/	3
modern farmhouse living room	room-ideas	Home Decor	1	13	13	0	0	0	homezae.com/modern-farmhouse-living-room/	0
pool table basement ideas	room-ideas	Home Decor	1	13	13	2	15.38	5.03	homezae.com/pool-table-basement-ideas/	2
fall ceiling designs for living room	room-ideas	Home Decor	1	12	12	2	16.67	5.3	homezae.com/fall-ceiling-designs-for-living-room/	2
grey living room ideas	room-ideas	Home Decor	2	46	23	0	0	0	homezae.com/grey-living-room-ideas/	0
living room plants decor	room-ideas	Home Decor	1	11	11	0	0	0	homezae.com/living-room-plants-decor/	0
small fireplace ideas	general	Home Decor	1	11	11	1	9.09	2.8	homezae.com/small-fireplace-ideas/	1
stair window curtain ideas	product-specific	Home Decor	1	11	11	1	9.09	2.8	homezae.com/stair-window-curtain-ideas/	1
living room table decor	room-ideas	Home Decor	1	10	10	1	10	2.97	homezae.com/living-room-table-decor/	1
screened in porch curtain ideas	product-specific	Home Decor	1	10	10	1	10	2.97	homezae.com/screened-in-porch-curtain-ideas/	1
dark floor living room ideas	room-ideas	Home Decor	1	159	159	3	1.89	1.19	hyggenza.com/dark-floor-living-room-ideas/	3
scandinavian flooring ideas	general	Home Decor	1	148	148	0	0	0	hyggenza.com/scandinavian-flooring-ideas/	0
scandinavian cottage	general	Home Decor	1	116	116	2	1.72	1.02	hyggenza.com/scandinavian-cottage/	2
modern scandinavian house plans	general	Home Decor	1	110	110	0	0	0	hyggenza.com/modern-scandinavian-house-plans/	0
sauna bathroom ideas	room-ideas	Home Decor	1	108	108	1	0.93	0.54	hyggenza.com/sauna-bathroom-ideas/	1
scandinavian tv wall	general	Home Decor	1	108	108	3	2.78	1.62	hyggenza.com/scandinavian-tv-wall/	3
side backyard ideas	room-ideas	Home Decor	1	103	103	4	3.88	2.24	hyggenza.com/side-backyard-ideas/	4
scandinavian apartment	general	Home Decor	1	78	78	3	3.85	2.09	hyggenza.com/scandinavian-apartment/	3
black floor kitchen ideas	room-ideas	Home Decor	1	77	77	0	0	0	hyggenza.com/black-floor-kitchen-ideas/	0
bedroom blinds ideas	room-ideas	Home Decor	1	71	71	12	16.9	8.97	hyggenza.com/bedroom-blinds-ideas/	12
scandinavian garage	room-ideas	Home Decor	1	71	71	0	0	0	hyggenza.com/scandinavian-garage/	0
scandinavian wardrobe	general	Home Decor	1	63	63	6	9.52	4.91	hyggenza.com/scandinavian-wardrobe/	6
bedroom molding ideas	room-ideas	Home Decor	1	59	59	1	1.69	0.86	hyggenza.com/bedroom-molding-ideas/	1
attic living room ideas	room-ideas	Home Decor	1	52	52	0	0	0	hyggenza.com/attic-living-room-ideas/	0
scandinavian patio ideas	room-ideas	Home Decor	1	50	50	0	0	0	hyggenza.com/scandinavian-patio-ideas/	0
scandinavian library design	tattoo	Home Decor	1	44	44	1	2.27	1.07	hyggenza.com/scandinavian-library-design/	1
scandinavian dining room ideas	room-ideas	Home Decor	1	43	43	2	4.65	2.18	hyggenza.com/scandinavian-dining-room-ideas/	2
scandinavian studio apartment	general	Home Decor	1	38	38	1	2.63	1.2	hyggenza.com/scandinavian-studio-apartment/	1
scandinavian bedroom lighting	room-ideas	Home Decor	1	36	36	1	2.78	1.25	hyggenza.com/scandinavian-bedroom-lighting/	1
grey scandinavian living room	room-ideas	Home Decor	1	34	34	0	0	0	hyggenza.com/grey-scandinavian-living-room/	0
small scandinavian kitchen	room-ideas	Home Decor	1	34	34	1	2.94	1.3	hyggenza.com/small-scandinavian-kitchen/	1
kitchen sink decor ideas	room-ideas	Home Decor	1	32	32	1	3.13	1.36	hyggenza.com/kitchen-sink-decor-ideas/	1
scandinavian blue living room	room-ideas	Home Decor	1	32	32	0	0	0	hyggenza.com/scandinavian-blue-living-room/	0
jungle bathroom ideas	room-ideas	Home Decor	1	31	31	1	3.23	1.39	hyggenza.com/jungle-bathroom-ideas/	1
scandinavian balcony	room-ideas	Home Decor	1	31	31	1	3.23	1.39	hyggenza.com/scandinavian-balcony/	1
scandinavian exterior	general	Home Decor	1	31	31	0	0	0	hyggenza.com/scandinavian-exterior/	0
scandinavian kitchen lights	room-ideas	Home Decor	1	29	29	3	10.34	4.36	hyggenza.com/scandinavian-kitchen-lights/	3
lake house bedroom ideas	room-ideas	Home Decor	1	28	28	6	21.43	8.95	hyggenza.com/lake-house-bedroom-ideas/	6
rustic kitchen island ideas	room-ideas	Home Decor	1	27	27	2	7.41	3.06	hyggenza.com/rustic-kitchen-island-ideas/	2
scandinavian hallway	room-ideas	Home Decor	1	26	26	1	3.85	1.57	hyggenza.com/scandinavian-hallway/	1
scandinavian boho kitchen	room-ideas	Home Decor	1	25	25	0	0	0	hyggenza.com/scandinavian-boho-kitchen/	0
window seat ideas living room	room-ideas	Home Decor	1	25	25	2	8	3.23	hyggenza.com/window-seat-ideas-living-room/	2
dark scandinavian bathroom	room-ideas	Home Decor	1	23	23	0	0	0	hyggenza.com/dark-scandinavian-bathroom/	0
kitchen wall storage ideas	room-ideas	Home Decor	1	23	23	3	13.04	5.14	hyggenza.com/kitchen-wall-storage-ideas/	3
scandinavian entryway	room-ideas	Home Decor	1	23	23	1	4.35	1.71	hyggenza.com/scandinavian-entryway/	1
airbnb bedroom ideas	room-ideas	Home Decor	1	21	21	0	0	0	hyggenza.com/airbnb-bedroom-ideas/	0
cozy scandinavian kitchen	room-ideas	Home Decor	1	21	21	1	4.76	1.83	hyggenza.com/cozy-scandinavian-kitchen/	1
kitchen island scandinavian	room-ideas	Home Decor	1	21	21	0	0	0	hyggenza.com/kitchen-island-scandinavian/	0
scandinavian basement	room-ideas	Home Decor	1	21	21	0	0	0	hyggenza.com/scandinavian-basement/	0
joanna gaines bathroom ideas	room-ideas	Home Decor	2	41	21	3	7.32	2.79	lyladecor.com/joanna-gaines-bathroom-ideas/	3
scandinavian childrens room	general	Home Decor	1	18	18	0	0	0	hyggenza.com/scandinavian-childrens-room/	0
witchy kitchen ideas	room-ideas	Home Decor	1	17	17	1	5.88	2.11	hyggenza.com/witchy-kitchen-ideas/	1
scandinavian laundry room	room-ideas	Home Decor	1	16	16	0	0	0	hyggenza.com/scandinavian-laundry-room/	0
scandinavian powder room	general	Home Decor	1	16	16	0	0	0	hyggenza.com/scandinavian-powder-room/	0
scandinavian terrace	general	Home Decor	1	16	16	0	0	0	hyggenza.com/scandinavian-terrace/	0
rustic scandinavian bedroom	room-ideas	Home Decor	1	15	15	0	0	0	hyggenza.com/rustic-scandinavian-bedroom/	0
white leather sofa living room ideas	product-specific	Home Decor	1	15	15	0	0	0	hyggenza.com/white-leather-sofa-living-room-ideas/	0
monster truck bedroom ideas	room-ideas	Home Decor	3	105	35	8	7.62	3.39	lyladecor.com/monster-truck-bedroom-ideas/	5
small bedroom scandinavian style	outfit-style	Home Decor	1	14	14	0	0	0	hyggenza.com/small-bedroom-scandinavian-style/	0
first birthday gift ideas	general	Wedding/Craft	1	174	174	10	5.75	5.46	lovorae.com/first-birthday-gift-ideas/	10
gift card presentation ideas	general	Wedding/Craft	1	79	79	9	11.39	9.17	lovorae.com/gift-card-presentation-ideas/	9
gift card book ideas	general	Wedding/Craft	1	67	67	11	16.42	12.73	lovorae.com/gift-card-book-ideas/	11
gift card gift ideas	general	Wedding/Craft	1	70	70	2	2.86	2.24	lovorae.com/gift-card-gift-ideas/	2
gift card holder diy	product-specific	Wedding/Craft	1	70	70	1	1.43	1.12	lovorae.com/gift-card-holder-diy/	1
gift ideas for best friend wedding	wedding-event	Wedding/Craft	1	63	63	2	3.17	2.42	lovorae.com/gift-ideas-for-best-friend-wedding/	2
first anniversary gift for husband	wedding-event	Wedding/Craft	1	51	51	4	7.84	5.69	lovorae.com/first-anniversary-gift-for-husband/	4
anniversary gift for parents	wedding-event	Wedding/Craft	1	48	48	3	6.25	4.47	lovorae.com/anniversary-gift-for-parents/	3
1 year anniversary gift ideas for boyfriend	wedding-event	Wedding/Craft	1	47	47	3	6.38	4.54	lovorae.com/1-year-anniversary-gift-ideas-for-boyfriend/	3
birthday party gift bag ideas	outfit-style	Wedding/Craft	1	43	43	1	2.33	1.62	lovorae.com/birthday-party-gift-bag-ideas/	1
diy gift ideas for girlfriend	diy-craft	Wedding/Craft	1	43	43	1	2.33	1.62	lovorae.com/diy-gift-ideas-for-girlfriend/	1
diy gift basket ideas	product-specific	Wedding/Craft	1	41	41	1	2.44	1.68	lovorae.com/diy-gift-basket-ideas/	1
20th birthday gift ideas	general	Wedding/Craft	1	35	35	1	2.86	1.88	lovorae.com/20th-birthday-gift-ideas/	1
creative ways to gift money	general	Wedding/Craft	1	33	33	1	3.03	1.96	lovorae.com/creative-ways-to-gift-money/	1
christmas gift tag ideas	general	Wedding/Craft	1	24	24	2	8.33	4.93	lovorae.com/christmas-gift-tag-ideas/	2
diy gift ideas for friends	diy-craft	Wedding/Craft	1	23	23	0	0	0	lovorae.com/diy-gift-ideas-for-friends/	0
baby shower crate gift basket	product-specific	Wedding/Craft	1	22	22	1	4.55	2.62	lovorae.com/baby-shower-crate-gift-basket/	1
diy gift for mom	diy-craft	Wedding/Craft	1	22	22	1	4.55	2.62	lovorae.com/diy-gift-for-mom/	1
wedding gift ideas for bride	wedding-event	Wedding/Craft	1	22	22	0	0	0	lovorae.com/wedding-gift-ideas-for-bride/	0
wine gift box ideas	general	Wedding/Craft	1	22	22	3	13.64	7.86	lovorae.com/wine-gift-box-ideas/	3
sweet 16 birthday gift ideas	general	Wedding/Craft	1	20	20	0	0	0	lovorae.com/sweet-16-birthday-gift-ideas/	0
diy baby shower gift basket	product-specific	Wedding/Craft	1	16	16	0	0	0	lovorae.com/diy-baby-shower-gift-basket/	0
cup gift ideas filled	general	Wedding/Craft	1	15	15	1	6.67	3.4	lovorae.com/cup-gift-ideas-filled/	1
5 year anniversary gift ideas for him	wedding-event	Wedding/Craft	1	14	14	1	7.14	3.55	lovorae.com/5-year-anniversary-gift-ideas-for-him/	1
gift ideas for husband birthday	general	Wedding/Craft	1	14	14	0	0	0	lovorae.com/gift-ideas-for-husband-birthday/	0
gift ideas for christmas	general	Wedding/Craft	1	13	13	0	0	0	lovorae.com/gift-ideas-for-christmas/	0
diy gift box ideas	diy-craft	Wedding/Craft	1	12	12	0	0	0	lovorae.com/diy-gift-box-ideas/	0
gift for friends birthday	general	Wedding/Craft	1	11	11	0	0	0	lovorae.com/gift-for-friends-birthday/	0
boys birthday gift ideas	general	Wedding/Craft	1	8	8	4	50	20.18	lovorae.com/boys-birthday-gift-ideas/	4
spider plant decor ideas	wedding-event	Garden/Outdoor	1	31	31	0	0	0	verdinae.com/spider-plant-decor-ideas/	0
branch fence ideas	general	Garden/Outdoor	1	27	27	0	0	0	verdinae.com/branch-fence-ideas/	0
country garden fence ideas	room-ideas	Garden/Outdoor	1	21	21	1	4.76	1.59	verdinae.com/country-garden-fence-ideas/	1
backyard ideas no pool	room-ideas	Garden/Outdoor	1	17	17	0	0	0	verdinae.com/backyard-ideas-no-pool/	0
pothos plant decor ideas	wedding-event	Garden/Outdoor	1	17	17	0	0	0	verdinae.com/pothos-plant-decor-ideas/	0
bay window plant ideas	general	Garden/Outdoor	1	15	15	0	0	0	verdinae.com/bay-window-plant-ideas/	0
1 acre backyard ideas	room-ideas	Garden/Outdoor	1	15	15	1	6.67	2	verdinae.com/1-acre-backyard-ideas/	1
farm fence ideas country life	general	Garden/Outdoor	1	12	12	1	8.33	2.31	verdinae.com/farm-fence-ideas-country-life/	1
plant corner ideas	general	Garden/Outdoor	1	12	12	0	0	0	verdinae.com/plant-corner-ideas/	0
backyard ideas with gravel	room-ideas	Garden/Outdoor	1	11	11	0	0	0	verdinae.com/backyard-ideas-with-gravel/	0
concrete backyard ideas	room-ideas	Garden/Outdoor	1	10	10	1	10	2.6	verdinae.com/concrete-backyard-ideas/	1
indoor plant wall ideas	general	Garden/Outdoor	1	6	6	4	66.67	14.05	verdinae.com/indoor-plant-wall-ideas/	4
outdoor plant stand ideas	product-specific	Garden/Outdoor	1	2	2	1	50	5.95	verdinae.com/outdoor-plant-stand-ideas/	1
rustic trellis ideas	general	Garden/Outdoor	1	2	2	1	50	5.95	verdinae.com/rustic-trellis-ideas/	1
indian living room decor	room-ideas	Home Decor	1	199	199	10	5.03	3.31	homenory.com/indian-living-room-decor/	10
living room tv wall ideas	room-ideas	Home Decor	1	191	191	9	4.71	3.07	homenory.com/living-room-tv-wall-ideas/	9
paint colors for bedroom	room-ideas	Home Decor	1	176	176	1	0.57	0.37	homenory.com/paint-colors-for-bedroom/	1
living room with tv	room-ideas	Home Decor	1	119	119	6	5.04	2.99	homenory.com/living-room-with-tv/	6
shelves in living room	product-specific	Home Decor	1	98	98	16	16.33	9.31	homenory.com/shelves-in-living-room/	16
small bathroom with tub	room-ideas	Home Decor	1	77	77	5	6.49	3.51	homenory.com/small-bathroom-with-tub/	5
basement layout ideas	room-ideas	Home Decor	1	58	58	1	1.72	0.87	homenory.com/basement-layout-ideas/	1
living room designs with fireplace	room-ideas	Home Decor	1	52	52	0	0	0	homenory.com/living-room-designs-with-fireplace/	0
game room basement ideas	room-ideas	Home Decor	1	50	50	3	6	2.93	homenory.com/game-room-basement-ideas/	3
living room corner ideas	room-ideas	Home Decor	1	50	50	0	0	0	homenory.com/living-room-corner-ideas/	0
kitchen office ideas	room-ideas	Home Decor	1	49	49	0	0	0	homenory.com/kitchen-office-ideas/	0
office and craft room ideas	room-ideas	Home Decor	1	49	49	4	8.16	3.96	homenory.com/office-and-craft-room-ideas/	4
paint colors for living room	room-ideas	Home Decor	1	46	46	1	2.17	1.04	homenory.com/paint-colors-for-living-room/	1
modern minimalist living room	room-ideas	Home Decor	1	44	44	1	2.27	1.07	homenory.com/modern-minimalist-living-room/	1
teen girl bedroom ideas	room-ideas	Home Decor	1	42	42	0	0	0	homenory.com/teen-girl-bedroom-ideas/	0
office lighting ideas	room-ideas	Home Decor	1	35	35	2	5.71	2.54	homenory.com/office-lighting-ideas/	2
navy blue living room	room-ideas	Home Decor	1	34	34	1	2.94	1.3	homenory.com/navy-blue-living-room/	1
basement wall ideas	room-ideas	Home Decor	1	32	32	4	12.5	5.42	homenory.com/basement-wall-ideas/	4
accent walls in living room	room-ideas	Home Decor	1	31	31	3	9.68	4.16	homenory.com/accent-walls-in-living-room/	3
enclosed porch curtain ideas	product-specific	Home Decor	1	30	30	7	23.33	9.94	homenory.com/enclosed-porch-curtain-ideas/	7
basement drop ceiling ideas	room-ideas	Home Decor	1	29	29	0	0	0	homenory.com/basement-drop-ceiling-ideas/	0
grey and beige living room	room-ideas	Home Decor	1	29	29	0	0	0	homenory.com/grey-and-beige-living-room/	0
western living room decor	room-ideas	Home Decor	1	29	29	0	0	0	homenory.com/western-living-room-decor/	0
colorful office ideas	room-ideas	Home Decor	1	28	28	0	0	0	homenory.com/colorful-office-ideas/	0
fireplace and tv ideas	general	Home Decor	1	27	27	1	3.7	1.53	homenory.com/fireplace-and-tv-ideas/	1
modern traditional living room	room-ideas	Home Decor	1	27	27	0	0	0	homenory.com/modern-traditional-living-room/	0
plants in living room	room-ideas	Home Decor	1	25	25	1	4	1.62	homenory.com/plants-in-living-room/	1
gray living room ideas	room-ideas	Home Decor	2	42	21	5	11.9	4.56	cosaroom.com/gray-living-room-ideas/	5
3 sided fireplace ideas	general	Home Decor	1	23	23	0	0	0	homenory.com/3-sided-fireplace-ideas/	0
posters on wall bedroom	room-ideas	Home Decor	1	22	22	0	0	0	homenory.com/posters-on-wall-bedroom/	0
boy and girl shared bedroom	room-ideas	Home Decor	1	21	21	3	14.29	5.48	homenory.com/boy-and-girl-shared-bedroom/	3
circle wall shelf decor ideas	product-specific	Home Decor	1	19	19	1	5.26	1.95	homenory.com/circle-wall-shelf-decor-ideas/	1
2 story fireplace ideas	general	Home Decor	1	18	18	1	5.56	2.03	homenory.com/2-story-fireplace-ideas/	1
beige and black living room	room-ideas	Home Decor	1	18	18	0	0	0	homenory.com/beige-and-black-living-room/	0
living room designs small spaces	room-ideas	Home Decor	1	17	17	1	5.88	2.11	homenory.com/living-room-designs-small-spaces/	1
basement ledge wall ideas	room-ideas	Home Decor	1	16	16	0	0	0	homenory.com/basement-ledge-wall-ideas/	0
fall ceiling designs for bedroom	room-ideas	Home Decor	1	14	14	0	0	0	homenory.com/fall-ceiling-designs-for-bedroom/	0
garage office ideas	room-ideas	Home Decor	1	14	14	0	0	0	homenory.com/garage-office-ideas/	0
bedroom ideas small spaces	room-ideas	Home Decor	2	31	16	4	12.9	4.49	homenory.com/bedroom-ideas-small-spaces/	3
black and white living room	room-ideas	Home Decor	1	13	13	0	0	0	homenory.com/black-and-white-living-room/	0
green walls living room	room-ideas	Home Decor	1	13	13	0	0	0	homenory.com/green-walls-living-room/	0
office bookcase ideas	room-ideas	Home Decor	1	13	13	3	23.08	7.56	homenory.com/office-bookcase-ideas/	3
white curtain ideas	product-specific	Home Decor	1	13	13	1	7.69	2.52	homenory.com/white-curtain-ideas/	1
living room curtains ideas	product-specific	Home Decor	1	12	12	0	0	0	homenory.com/living-room-curtains-ideas/	0
diy fireplace ideas	diy-craft	Home Decor	1	11	11	0	0	0	homenory.com/diy-fireplace-ideas/	0
outdoor patio ideas with fireplace	room-ideas	Home Decor	1	11	11	1	9.09	2.8	homenory.com/outdoor-patio-ideas-with-fireplace/	1
aesthetic living room ideas	room-ideas	Home Decor	1	10	10	2	20	5.95	homenory.com/aesthetic-living-room-ideas/	2
apartment curtain ideas	product-specific	Home Decor	1	10	10	1	10	2.97	homenory.com/apartment-curtain-ideas/	1
french door curtain ideas	product-specific	Home Decor	1	148	148	16	10.81	6.71	cozyofficedecor.com/french-door-curtain-ideas/	16
office paint colors	room-ideas	Home Decor	1	102	102	0	0	0	cozyofficedecor.com/office-paint-colors/	0
closet office	room-ideas	Home Decor	1	87	87	0	0	0	cozyofficedecor.com/closet-office/	0
cabin front porch ideas	general	Home Decor	1	77	77	4	5.19	2.8	cozyofficedecor.com/cabin-front-porch-ideas/	4
home office ideas for men	room-ideas	Home Decor	1	76	76	2	2.63	1.42	cozyofficedecor.com/home-office-ideas-for-men/	2
pantry curtain ideas	product-specific	Home Decor	1	75	75	3	4	2.15	cozyofficedecor.com/pantry-curtain-ideas/	3
curtain ideas diy	product-specific	Home Decor	1	71	71	4	5.63	2.99	cozyofficedecor.com/curtain-ideas-diy/	4
two desk home office	room-ideas	Home Decor	1	70	70	3	4.29	2.27	cozyofficedecor.com/two-desk-home-office/	3
office playroom combo	room-ideas	Home Decor	1	58	58	1	1.72	0.87	cozyofficedecor.com/office-playroom-combo/	1
office with daybed	room-ideas	Home Decor	1	51	51	0	0	0	cozyofficedecor.com/office-with-daybed/	0
vintage office decor	room-ideas	Home Decor	2	113	57	15	13.27	6.67	retrofyra.com/vintage-office-decor/	11
basement window treatments ideas	room-ideas	Home Decor	1	37	37	2	5.41	2.44	cozyofficedecor.com/basement-window-treatments-ideas/	2
outdoor curtain ideas	product-specific	Home Decor	1	30	30	6	20	8.52	cozyofficedecor.com/outdoor-curtain-ideas/	6
home office desk ideas	room-ideas	Home Decor	1	28	28	1	3.57	1.49	cozyofficedecor.com/home-office-desk-ideas/	1
concrete basement wall ideas	room-ideas	Home Decor	1	27	27	1	3.7	1.53	cozyofficedecor.com/concrete-basement-wall-ideas/	1
small bedroom curtain ideas	product-specific	Home Decor	1	27	27	0	0	0	cozyofficedecor.com/small-bedroom-curtain-ideas/	0
accent wall office	room-ideas	Home Decor	1	26	26	1	3.85	1.57	cozyofficedecor.com/accent-wall-office/	1
porch wall decor ideas	wedding-event	Home Decor	1	26	26	1	3.85	1.57	cozyofficedecor.com/porch-wall-decor-ideas/	1
office with sofa bed	product-specific	Home Decor	1	24	24	0	0	0	cozyofficedecor.com/office-with-sofa-bed/	0
boho office	room-ideas	Home Decor	1	21	21	6	28.57	10.95	cozyofficedecor.com/boho-office/	6
basement stair railing ideas	room-ideas	Home Decor	1	20	20	0	0	0	cozyofficedecor.com/basement-stair-railing-ideas/	0
fireplace shelving ideas	general	Home Decor	2	42	21	1	2.38	0.91	cozyofficedecor.com/fireplace-shelving-ideas/	1
front porch walkway ideas	general	Home Decor	1	20	20	0	0	0	cozyofficedecor.com/front-porch-walkway-ideas/	0
rustic basement ideas	room-ideas	Home Decor	1	19	19	0	0	0	cozyofficedecor.com/rustic-basement-ideas/	0
home office lighting	room-ideas	Home Decor	2	60	30	10	16.67	7.1	lampenza.com/home-office-lighting/	7
man cave office ideas	room-ideas	Home Decor	1	18	18	2	11.11	4.06	cozyofficedecor.com/man-cave-office-ideas/	2
modern basement ideas	room-ideas	Home Decor	1	18	18	0	0	0	cozyofficedecor.com/modern-basement-ideas/	0
office wall decor	room-ideas	Home Decor	1	17	17	0	0	0	cozyofficedecor.com/office-wall-decor/	0
screened in front porch ideas	general	Home Decor	1	17	17	0	0	0	cozyofficedecor.com/screened-in-front-porch-ideas/	0
sage green office	room-ideas	Home Decor	1	15	15	0	0	0	cozyofficedecor.com/sage-green-office/	0
black fireplace ideas	general	Home Decor	1	14	14	0	0	0	cozyofficedecor.com/black-fireplace-ideas/	0
curtain rod decor ideas	product-specific	Home Decor	1	14	14	1	7.14	2.4	cozyofficedecor.com/curtain-rod-decor-ideas/	1
home office library	room-ideas	Home Decor	1	14	14	1	7.14	2.4	cozyofficedecor.com/home-office-library/	1
office shelving ideas	room-ideas	Home Decor	1	13	13	0	0	0	cozyofficedecor.com/office-shelving-ideas/	0
basement studio ideas	room-ideas	Home Decor	1	11	11	0	0	0	cozyofficedecor.com/basement-studio-ideas/	0
garage office	room-ideas	Home Decor	1	11	11	0	0	0	cozyofficedecor.com/garage-office/	0
office desk decor ideas	room-ideas	Home Decor	1	10	10	1	10	2.97	cozyofficedecor.com/office-desk-decor-ideas/	1
sheer curtain ideas	product-specific	Home Decor	1	9	9	1	11.11	3.17	cozyofficedecor.com/sheer-curtain-ideas/	1
office with plants	room-ideas	Home Decor	1	8	8	2	25	6.81	cozyofficedecor.com/office-with-plants/	2
cheap wedding ideas	wedding-event	Wedding/Craft	1	720	720	63	8.75	10.58	marryza.com/cheap-wedding-ideas/	63
engagement party ideas decorations	wedding-event	Wedding/Craft	2	310	155	29	9.35	8.67	marryza.com/engagement-party-ideas-decorations/	27
wedding guest book	wedding-event	Wedding/Craft	1	231	231	26	11.26	11.27	marryza.com/wedding-guest-book/	26
wedding guest outfit indian	outfit-style	Wedding/Craft	1	216	216	36	16.67	16.47	marryza.com/wedding-guest-outfit-indian/	36
wedding table centerpieces	wedding-event	Wedding/Craft	1	180	180	9	5	4.77	marryza.com/wedding-table-centerpieces/	9
bridal shower ideas games	wedding-event	Wedding/Craft	2	325	163	19	5.85	5.48	marryza.com/bridal-shower-ideas-games/	13
wedding decor ideas	wedding-event	Wedding/Craft	2	257	129	19	7.39	6.6	marryza.com/wedding-decor-ideas/	19
wedding reception ideas	wedding-event	Wedding/Craft	1	123	123	8	6.5	5.76	marryza.com/wedding-reception-ideas/	8
mother of the bride gift ideas	wedding-event	Wedding/Craft	1	110	110	1	0.91	0.79	marryza.com/mother-of-the-bride-gift-ideas/	1
frozen cake ideas	food-baking	Wedding/Craft	1	107	107	3	2.8	2.41	marryza.com/frozen-cake-ideas/	3
pre wedding poses	wedding-event	Wedding/Craft	1	95	95	1	1.05	0.88	marryza.com/pre-wedding-poses/	1
wedding shower hostess gift ideas	wedding-event	Wedding/Craft	2	120	60	8	6.67	5.04	marryza.com/wedding-shower-hostess-gift-ideas/	8
western bridal shower ideas	wedding-event	Wedding/Craft	1	90	90	10	11.11	9.21	marryza.com/western-bridal-shower-ideas/	10
simple wedding decorations	wedding-event	Wedding/Craft	1	88	88	1	1.14	0.94	marryza.com/simple-wedding-decorations/	1
wedding stage decorations	wedding-event	Wedding/Craft	1	86	86	5	5.81	4.77	marryza.com/wedding-stage-decorations/	5
women birthday cake ideas	food-baking	Wedding/Craft	2	99	50	0	0	0	marryza.com/women-birthday-cake-ideas/	0
50th anniversary cake ideas	food-baking	Wedding/Craft	2	110	55	1	0.91	0.67	marrivon.com/50th-anniversary-cake-ideas/	1
sister wedding gift ideas	wedding-event	Wedding/Craft	2	88	44	6	6.82	4.77	marryza.com/sister-wedding-gift-ideas/	5
wedding cake table	food-baking	Wedding/Craft	2	179	90	8	4.47	3.7	eraflavor.com/wedding-cake-table/	5
bridal shower food ideas	wedding-event	Wedding/Craft	2	107	54	4	3.74	2.75	marryza.com/bridal-shower-food-ideas/	4
minimalist wedding cake	food-baking	Wedding/Craft	1	61	61	0	0	0	marryza.com/minimalist-wedding-cake/	0
groom cake ideas	food-baking	Wedding/Craft	3	150	50	2	1.33	0.96	lunapastry.com/groom-cake-ideas/	2
low bun wedding hair	hair-beauty	Wedding/Craft	1	55	55	0	0	0	marryza.com/low-bun-wedding-hair/	0
birthday cake ideas	food-baking	Wedding/Craft	1	48	48	1	2.08	1.49	marryza.com/birthday-cake-ideas/	1
wedding ponytail hairstyles	hair-beauty	Wedding/Craft	1	48	48	0	0	0	marryza.com/wedding-ponytail-hairstyles/	0
wedding picture poses	wedding-event	Wedding/Craft	1	47	47	0	0	0	marryza.com/wedding-picture-poses/	0
wedding arch ideas	wedding-event	Wedding/Craft	1	41	41	8	19.51	13.39	marryza.com/wedding-arch-ideas/	8
harry potter cake ideas	food-baking	Wedding/Craft	1	40	40	4	10	6.82	marryza.com/harry-potter-cake-ideas/	4
wedding reception backdrop	wedding-event	Wedding/Craft	1	39	39	3	7.69	5.21	marryza.com/wedding-reception-backdrop/	3
low key bachelorette party ideas	wedding-event	Wedding/Craft	2	91	46	0	0	0	marryza.com/low-key-bachelorette-party-ideas/	0
unicorn cake ideas	food-baking	Wedding/Craft	1	35	35	1	2.86	1.88	marryza.com/unicorn-cake-ideas/	1
bachelor party ideas	wedding-event	Wedding/Craft	2	58	29	1	1.72	1.07	marrivon.com/bachelor-party-ideas/	1
hair for wedding	hair-beauty	Wedding/Craft	1	34	34	0	0	0	marryza.com/hair-for-wedding/	0
romantic wedding dress	outfit-style	Wedding/Craft	1	31	31	1	3.23	2.06	marryza.com/romantic-wedding-dress/	1
modern wedding cake	food-baking	Wedding/Craft	1	29	29	0	0	0	marryza.com/modern-wedding-cake/	0
outdoor wedding ideas	wedding-event	Wedding/Craft	1	29	29	0	0	0	marryza.com/outdoor-wedding-ideas/	0
pre wedding photoshoot outdoor	wedding-event	Wedding/Craft	1	29	29	0	0	0	marryza.com/pre-wedding-photoshoot-outdoor/	0
latest mehndi designs wedding	tattoo	Wedding/Craft	1	28	28	0	0	0	marryza.com/latest-mehndi-designs-wedding/	0
brunch bridal shower ideas	wedding-event	Wedding/Craft	1	27	27	2	7.41	4.54	marryza.com/brunch-bridal-shower-ideas/	2
50th anniversary party ideas	wedding-event	Wedding/Craft	1	24	24	0	0	0	marryza.com/50th-anniversary-party-ideas/	0
bridal shower theme ideas	wedding-event	Wedding/Craft	1	22	22	0	0	0	marryza.com/bridal-shower-theme-ideas/	0
half up half down wedding hair	hair-beauty	Wedding/Craft	1	22	22	0	0	0	marryza.com/half-up-half-down-wedding-hair/	0
simple bridal shower ideas	wedding-event	Wedding/Craft	2	46	23	0	0	0	marryza.com/simple-bridal-shower-ideas/	0
wedding cars decoration ideas	wedding-event	Wedding/Craft	2	50	25	1	2	1.2	marryza.com/wedding-cars-decoration-ideas/	1
bun hairstyles for wedding	hair-beauty	Wedding/Craft	1	20	20	0	0	0	marryza.com/bun-hairstyles-for-wedding/	0
sweet 16 cake ideas	food-baking	Wedding/Craft	2	36	18	1	2.78	1.5	marryza.com/sweet-16-cake-ideas/	1
seemantham decoration ideas	wedding-event	Wedding/Craft	3	66	22	1	1.52	0.88	marrivon.com/seemantham-decoration-ideas/	1
updo hairstyles for wedding	hair-beauty	Wedding/Craft	1	19	19	0	0	0	marryza.com/updo-hairstyles-for-wedding/	0
led strip lighting ideas	general	Home Decor	1	92	92	7	7.61	4.28	lampenza.com/led-strip-lighting-ideas/	7
small office ideas home	room-ideas	Home Decor	1	79	79	3	3.8	2.07	lampenza.com/small-office-ideas-home/	3
outdoor lighting ideas	general	Home Decor	2	144	72	13	9.03	4.81	lampenza.com/outdoor-lighting-ideas/	7
bookshelf lighting	general	Home Decor	1	73	73	8	10.96	5.85	lampenza.com/bookshelf-lighting/	8
kitchen sink lighting	room-ideas	Home Decor	1	73	73	7	9.59	5.12	lampenza.com/kitchen-sink-lighting/	7
front yard lighting ideas	general	Home Decor	1	71	71	12	16.9	8.97	lampenza.com/front-yard-lighting-ideas/	12
apartment lighting	general	Home Decor	1	63	63	3	4.76	2.46	lampenza.com/apartment-lighting/	3
bathroom lighting ideas ceiling	room-ideas	Home Decor	1	44	44	5	11.36	5.36	lampenza.com/bathroom-lighting-ideas-ceiling/	5
bar lighting ideas	general	Home Decor	1	42	42	8	19.05	8.89	lampenza.com/bar-lighting-ideas/	8
gym basement ideas	room-ideas	Home Decor	1	36	36	0	0	0	lampenza.com/gym-basement-ideas/	0
steps lighting	general	Home Decor	1	36	36	13	36.11	16.17	lampenza.com/steps-lighting/	13
corner lighting	general	Home Decor	1	35	35	8	22.86	10.16	lampenza.com/corner-lighting/	8
curtain room divider ideas	product-specific	Home Decor	1	35	35	6	17.14	7.62	lampenza.com/curtain-room-divider-ideas/	6
unique lighting ideas	general	Home Decor	1	35	35	1	2.86	1.27	lampenza.com/unique-lighting-ideas/	1
bedroom led lighting ideas	room-ideas	Home Decor	1	31	31	2	6.45	2.77	lampenza.com/bedroom-led-lighting-ideas/	2
cozy lighting	general	Home Decor	1	31	31	7	22.58	9.71	lampenza.com/cozy-lighting/	7
under bed lighting	product-specific	Home Decor	1	31	31	1	3.23	1.39	lampenza.com/under-bed-lighting/	1
desk lighting ideas	general	Home Decor	1	29	29	2	6.9	2.91	lampenza.com/desk-lighting-ideas/	2
shelf lighting	product-specific	Home Decor	1	29	29	1	3.45	1.46	lampenza.com/shelf-lighting/	1
hallway lighting ideas	room-ideas	Home Decor	1	28	28	2	7.14	2.98	lampenza.com/hallway-lighting-ideas/	2
kitchen bar lighting	room-ideas	Home Decor	1	28	28	0	0	0	lampenza.com/kitchen-bar-lighting/	0
2 story foyer lighting	general	Home Decor	1	27	27	3	11.11	4.59	lampenza.com/2-story-foyer-lighting/	3
basement bar ideas	room-ideas	Home Decor	1	25	25	1	4	1.62	lampenza.com/basement-bar-ideas/	1
basement lighting	room-ideas	Home Decor	1	25	25	0	0	0	lampenza.com/basement-lighting/	0
living room lighting design	room-ideas	Home Decor	1	25	25	0	0	0	lampenza.com/living-room-lighting-design/	0
basement colors ideas	room-ideas	Home Decor	1	24	24	0	0	0	lampenza.com/basement-colors-ideas/	0
outdoor solar lighting ideas	general	Home Decor	1	24	24	1	4.17	1.67	lampenza.com/outdoor-solar-lighting-ideas/	1
small basement ideas	room-ideas	Home Decor	1	24	24	0	0	0	lampenza.com/very-small-basement-ideas/	0
basement kitchenette ideas	room-ideas	Home Decor	1	23	23	1	4.35	1.71	lampenza.com/basement-kitchenette-ideas/	1
deck lighting ideas	general	Home Decor	1	23	23	1	4.35	1.71	lampenza.com/deck-lighting-ideas/	1
empty fireplace ideas	general	Home Decor	1	23	23	1	4.35	1.71	lampenza.com/empty-fireplace-ideas/	1
living room lighting ideas	room-ideas	Home Decor	1	23	23	2	8.7	3.43	lampenza.com/living-room-lighting-ideas/	2
flush mount lighting	general	Home Decor	1	21	21	0	0	0	lampenza.com/flush-mount-lighting/	0
room lighting ideas	general	Home Decor	1	21	21	3	14.29	5.48	lampenza.com/room-lighting-ideas/	3
closet lighting ideas	room-ideas	Home Decor	1	20	20	5	25	9.44	lampenza.com/closet-lighting-ideas/	5
kitchen lighting ideas	room-ideas	Home Decor	1	20	20	2	10	3.78	lampenza.com/kitchen-lighting-ideas/	2
kitchen island lighting ideas	room-ideas	Home Decor	1	19	19	0	0	0	lampenza.com/kitchen-island-lighting-ideas/	0
outdoor wall decor ideas	wedding-event	Home Decor	1	19	19	0	0	0	lampenza.com/outdoor-wall-decor-ideas/	0
walkway lighting ideas	general	Home Decor	1	19	19	3	15.79	5.87	lampenza.com/walkway-lighting-ideas/	3
garage lighting ideas	room-ideas	Home Decor	1	18	18	0	0	0	lampenza.com/garage-lighting-ideas/	0
dining lighting ideas	room-ideas	Home Decor	1	16	16	0	0	0	lampenza.com/dining-lighting-ideas/	0
staircase lighting	general	Home Decor	1	15	15	0	0	0	lampenza.com/staircase-lighting/	0
balcony lighting ideas	room-ideas	Home Decor	2	36	18	2	5.56	2.03	lampenza.com/balcony-lighting-ideas/	1
bathroom lighting ideas	room-ideas	Home Decor	1	14	14	0	0	0	lampenza.com/bathroom-lighting-ideas/	0
patio lighting ideas	room-ideas	Home Decor	1	14	14	0	0	0	lampenza.com/patio-lighting-ideas/	0
rgb lighting ideas	general	Home Decor	1	13	13	2	15.38	5.03	lampenza.com/rgb-lighting-ideas/	2
cozy lighting bedroom	room-ideas	Home Decor	1	12	12	0	0	0	lampenza.com/cozy-lighting-bedroom/	0
pergola lighting	general	Home Decor	1	12	12	0	0	0	lampenza.com/pergola-lighting/	0
kitchen island outlet ideas	room-ideas	Kitchen	1	154	154	23	14.94	27.78	bohozora.com/kitchen-island-outlet-ideas/	23
bohemian massage room ideas	general	Kitchen	1	107	107	7	6.54	11.29	bohozora.com/bohemian-massage-room-ideas/	7
tray ceiling ideas bedroom	room-ideas	Kitchen	2	219	110	5	2.28	3.96	bohozora.com/tray-ceiling-ideas-bedroom/	4
bohemian daybed	general	Kitchen	1	64	64	0	0	0	bohozora.com/bohemian-daybed/	0
onyx bathroom ideas	room-ideas	Kitchen	1	62	62	0	0	0	bohozora.com/onyx-bathroom-ideas/	0
kitchen back door ideas	room-ideas	Kitchen	1	50	50	0	0	0	bohozora.com/kitchen-back-door-ideas/	0
colonial living room ideas	room-ideas	Kitchen	1	49	49	1	2.04	2.94	bohozora.com/colonial-living-room-ideas/	1
low ceiling living room ideas	room-ideas	Kitchen	1	47	47	0	0	0	bohozora.com/low-ceiling-living-room-ideas/	0
grey floor bathroom ideas	room-ideas	Kitchen	1	35	35	1	2.86	3.78	bohozora.com/grey-floor-bathroom-ideas/	1
bohemian home office	room-ideas	Kitchen	1	34	34	0	0	0	bohozora.com/bohemian-home-office/	0
bohemian entryway ideas	room-ideas	Kitchen	1	32	32	0	0	0	bohozora.com/bohemian-entryway-ideas/	0
farmhouse kitchen sink ideas	room-ideas	Kitchen	1	31	31	6	19.35	24.73	bohozora.com/farmhouse-kitchen-sink-ideas/	6
bohemian porch	general	Kitchen	1	28	28	0	0	0	bohozora.com/bohemian-porch/	0
industrial bohemian decor	wedding-event	Kitchen	1	28	28	2	7.14	8.87	bohozora.com/industrial-bohemian-decor/	2
outdoor kitchen backsplash ideas	room-ideas	Kitchen	1	22	22	2	9.09	10.51	bohozora.com/outdoor-kitchen-backsplash-ideas/	2
colonial kitchen ideas	room-ideas	Kitchen	1	21	21	1	4.76	5.43	bohozora.com/colonial-kitchen-ideas/	1
mauve bedroom ideas	room-ideas	Kitchen	1	21	21	0	0	0	bohozora.com/mauve-bedroom-ideas/	0
western bohemian decor	wedding-event	Kitchen	1	20	20	0	0	0	bohozora.com/western-bohemian-decor/	0
witchy interior design bohemian	tattoo	Kitchen	1	19	19	0	0	0	bohozora.com/witchy-interior-design-bohemian/	0
mobile home bathroom ideas	room-ideas	Kitchen	1	16	16	3	18.75	19.59	bohozora.com/mobile-home-bathroom-ideas/	3
bedroom ideas with wardrobe	room-ideas	Kitchen	1	15	15	0	0	0	bohozora.com/bedroom-ideas-with-wardrobe/	0
bohemian entryway	room-ideas	Kitchen	1	15	15	0	0	0	bohozora.com/bohemian-entryway/	0
florida living room ideas	room-ideas	Kitchen	1	15	15	0	0	0	bohozora.com/florida-living-room-ideas/	0
bathroom bench ideas	room-ideas	Kitchen	2	91	46	16	17.58	24.89	ivyrosedecor.com/bathroom-bench-ideas/	14
brown and white bedroom ideas	room-ideas	Kitchen	1	14	14	0	0	0	bohozora.com/brown-and-white-bedroom-ideas/	0
spa bedroom ideas	room-ideas	Kitchen	1	14	14	4	28.57	28.53	bohozora.com/spa-bedroom-ideas/	4
orange bathroom ideas	room-ideas	Kitchen	1	12	12	0	0	0	bohozora.com/orange-bathroom-ideas/	0
bohemian patio ideas	room-ideas	Kitchen	1	11	11	1	9.09	8.33	bohozora.com/bohemian-patio-ideas/	1
pink sofa living room ideas bohemian	product-specific	Kitchen	1	11	11	0	0	0	bohozora.com/pink-sofa-living-room-ideas-bohemian/	0
backyard pool privacy ideas	room-ideas	Kitchen	1	9	9	2	22.22	18.87	bohozora.com/backyard-pool-privacy-ideas/	2
bohemian kitchen backsplash ideas	room-ideas	Kitchen	1	8	8	3	37.5	30.38	bohozora.com/bohemian-kitchen-backsplash-ideas/	3
purple bohemian bedroom	room-ideas	Kitchen	1	8	8	2	25	20.26	bohozora.com/purple-bohemian-bedroom/	2
kitchen hutch ideas	room-ideas	Kitchen	1	6	6	1	16.67	11.96	bohozora.com/kitchen-hutch-ideas/	1
cake decorating ideas	food-baking	Food/Recipe	1	254	254	4	1.57	3.91	doughora.com/cake-decorating-ideas/	4
funny cake designs	food-baking	Food/Recipe	1	188	188	8	4.26	10.03	doughora.com/funny-cake-designs/	8
chocolate cake decoration	food-baking	Food/Recipe	1	88	88	1	1.14	2.3	doughora.com/chocolate-cake-decoration/	1
bake desserts	food-baking	Food/Recipe	1	75	75	1	1.33	2.59	doughora.com/no-bake-desserts/	1
stitch birthday cake	food-baking	Food/Recipe	1	73	73	12	16.44	31.78	doughora.com/stitch-birthday-cake/	12
disney princess cake	food-baking	Food/Recipe	1	69	69	3	4.35	8.3	doughora.com/disney-princess-cake/	3
star wars cake	food-baking	Food/Recipe	2	88	44	1	1.14	1.95	doughora.com/star-wars-cake/	1
birthday cake for men	food-baking	Food/Recipe	2	251	126	8	3.19	6.93	cozyslice.com/birthday-cake-for-men/	7
bake snacks	general	Food/Recipe	1	48	48	0	0	0	doughora.com/no-bake-snacks/	0
low glycemic dessert recipes	food-baking	Food/Recipe	1	47	47	4	8.51	14.79	doughora.com/low-glycemic-dessert-recipes/	4
first birthday cake	food-baking	Food/Recipe	1	43	43	2	4.65	7.9	doughora.com/first-birthday-cake/	2
barbie birthday cake	food-baking	Food/Recipe	2	137	69	8	5.84	11.12	lunapastry.com/barbie-birthday-cake/	7
bluey cake ideas	food-baking	Food/Recipe	1	35	35	1	2.86	4.6	doughora.com/bluey-cake-ideas/	1
easy bake sale ideas	general	Food/Recipe	1	31	31	1	3.23	5.03	doughora.com/easy-bake-sale-ideas/	1
2 layer cake recipes	food-baking	Food/Recipe	1	28	28	0	0	0	doughora.com/2-layer-cake-recipes/	0
50th birthday cake	food-baking	Food/Recipe	1	27	27	1	3.7	5.54	doughora.com/50th-birthday-cake/	1
protein cookie recipes	food-baking	Food/Recipe	1	27	27	0	0	0	doughora.com/protein-cookie-recipes/	0
cake loaves recipes	food-baking	Food/Recipe	1	26	26	0	0	0	doughora.com/cake-loaves-recipes/	0
slovakian baking recipes	food-baking	Food/Recipe	1	22	22	0	0	0	doughora.com/slovakian-baking-recipes/	0
whole wheat dessert recipes	food-baking	Food/Recipe	1	21	21	0	0	0	doughora.com/whole-wheat-dessert-recipes/	0
birthday cake for women	food-baking	Food/Recipe	1	19	19	0	0	0	doughora.com/birthday-cake-for-women/	0
20 birthday cake	food-baking	Food/Recipe	1	16	16	0	0	0	doughora.com/20-birthday-cake/	0
hello kitty cake	food-baking	Food/Recipe	2	28	14	0	0	0	doughora.com/hello-kitty-cake/	0
pink birthday cake	food-baking	Food/Recipe	1	15	15	0	0	0	doughora.com/pink-birthday-cake/	0
butterfly birthday cake	food-baking	Food/Recipe	1	14	14	2	14.29	17.38	doughora.com/butterfly-birthday-cake/	2
birthday cake for mom	food-baking	Food/Recipe	1	13	13	0	0	0	doughora.com/birthday-cake-for-mom/	0
spring birthday cake	food-baking	Food/Recipe	1	13	13	0	0	0	doughora.com/spring-birthday-cake/	0
engagement party cake	food-baking	Food/Recipe	1	12	12	1	8.33	9.6	doughora.com/engagement-party-cake/	1
scottish baking recipes	food-baking	Food/Recipe	1	11	11	0	0	0	doughora.com/scottish-baking-recipes/	0
two layer cake recipes	food-baking	Food/Recipe	1	11	11	0	0	0	doughora.com/two-layer-cake-recipes/	0
beige tile bathroom ideas	room-ideas	Home Decor	1	96	96	3	3.13	1.78	glamorora.com/beige-tile-bathroom-ideas/	3
wardrobe design modern	tattoo	Home Decor	1	70	70	3	4.29	2.27	glamorora.com/wardrobe-design-modern/	3
window grill design modern	tattoo	Home Decor	1	60	60	0	0	0	glamorora.com/window-grill-design-modern/	0
gate design modern	tattoo	Home Decor	1	49	49	2	4.08	1.98	glamorora.com/gate-design-modern/	2
crown molding ideas living room	room-ideas	Home Decor	1	47	47	2	4.26	2.05	glamorora.com/crown-molding-ideas-living-room/	2
main door design entrance modern	tattoo	Home Decor	1	47	47	0	0	0	glamorora.com/main-door-design-entrance-modern/	0
end of kitchen cabinet ideas	product-specific	Home Decor	1	43	43	4	9.3	4.37	glamorora.com/end-of-kitchen-cabinet-ideas/	4
beige bathroom tile ideas	room-ideas	Home Decor	2	238	119	4	1.68	1	glamorora.com/beige-bathroom-tile-ideas/	2
backyard fence gate ideas	room-ideas	Home Decor	1	28	28	0	0	0	glamorora.com/backyard-fence-gate-ideas/	0
pool and outdoor kitchen ideas	room-ideas	Home Decor	1	28	28	0	0	0	glamorora.com/pool-and-outdoor-kitchen-ideas/	0
kitchen sink ideas	room-ideas	Home Decor	2	36	18	4	11.11	4.06	glamorora.com/above-kitchen-sink-ideas/	2
black and purple bedroom ideas	room-ideas	Home Decor	1	26	26	1	3.85	1.57	glamorora.com/black-and-purple-bedroom-ideas/	1
modern fireplace	general	Home Decor	2	161	81	2	1.24	0.68	glamorora.com/modern-fireplace/	1
bedroom wainscoting ideas	room-ideas	Home Decor	1	25	25	1	4	1.62	glamorora.com/bedroom-wainscoting-ideas/	1
modern iron gate designs	product-specific	Home Decor	1	24	24	0	0	0	glamorora.com/modern-iron-gate-designs/	0
burnt orange bedroom ideas	room-ideas	Home Decor	2	33	17	2	6.06	2.15	glamorora.com/burnt-orange-bedroom-ideas/	1
joanna gaines kitchen ideas	room-ideas	Home Decor	1	22	22	3	13.64	5.31	glamorora.com/joanna-gaines-kitchen-ideas/	3
bedroom wall shelf ideas	product-specific	Home Decor	1	21	21	0	0	0	glamorora.com/bedroom-wall-shelf-ideas/	0
modern shower	general	Home Decor	1	21	21	0	0	0	glamorora.com/modern-shower/	0
beige and white bedroom ideas	room-ideas	Home Decor	1	20	20	0	0	0	glamorora.com/beige-and-white-bedroom-ideas/	0
backyard lap pool ideas	room-ideas	Home Decor	1	17	17	1	5.88	2.11	glamorora.com/backyard-lap-pool-ideas/	1
cabin bedroom ideas	room-ideas	Home Decor	1	16	16	2	12.5	4.39	glamorora.com/cabin-bedroom-ideas/	2
red couch living room ideas	product-specific	Home Decor	1	16	16	0	0	0	glamorora.com/red-couch-living-room-ideas/	0
modern driveway ideas	general	Home Decor	1	15	15	0	0	0	glamorora.com/modern-driveway-ideas/	0
small kitchen flooring ideas	room-ideas	Home Decor	1	15	15	0	0	0	glamorora.com/small-kitchen-flooring-ideas/	0
corner bathroom vanity ideas	product-specific	Home Decor	1	14	14	1	7.14	2.4	glamorora.com/corner-bathroom-vanity-ideas/	1
crockery units modern	general	Home Decor	1	14	14	0	0	0	glamorora.com/crockery-units-modern/	0
modern tv unit designs	tattoo	Home Decor	1	14	14	0	0	0	glamorora.com/modern-tv-unit-designs/	0
western bathroom ideas	room-ideas	Home Decor	1	14	14	0	0	0	glamorora.com/western-bathroom-ideas/	0
split level living room ideas	room-ideas	Home Decor	1	12	12	1	8.33	2.65	glamorora.com/split-level-living-room-ideas/	1
backyard parking ideas	room-ideas	Home Decor	1	11	11	2	18.18	5.6	glamorora.com/backyard-parking-ideas/	2
modern home bar	general	Home Decor	1	11	11	0	0	0	glamorora.com/modern-home-bar/	0
victorian bathroom ideas	room-ideas	Home Decor	1	10	10	1	10	2.97	glamorora.com/victorian-bathroom-ideas/	1
living room ideas modern	room-ideas	Home Decor	1	6	6	1	16.67	4.02	glamorora.com/living-room-ideas-modern/	1
luxury bedroom	room-ideas	Home Decor	1	6	6	1	16.67	4.02	glamorora.com/luxury-bedroom/	1
rustic garden fence ideas	room-ideas	Garden/Outdoor	1	978	978	30	3.07	2.29	blosmia.com/rustic-garden-fence-ideas/	30
farmers market flower display	general	Garden/Outdoor	1	345	345	45	13.04	8.26	blosmia.com/farmers-market-flower-display/	45
flower workshop ideas	general	Garden/Outdoor	1	290	290	14	4.83	2.97	blosmia.com/flower-workshop-ideas/	14
pumpkin trellis ideas	general	Garden/Outdoor	1	262	262	18	6.87	4.15	blosmia.com/pumpkin-trellis-ideas/	18
raspberry fence ideas	general	Garden/Outdoor	1	251	251	18	7.17	4.29	blosmia.com/raspberry-fence-ideas/	18
flower color combinations	hair-beauty	Garden/Outdoor	1	203	203	0	0	0	blosmia.com/flower-color-combinations/	0
flower wall ideas	general	Garden/Outdoor	1	203	203	3	1.48	0.85	blosmia.com/flower-wall-ideas/	3
2 acre backyard ideas	room-ideas	Garden/Outdoor	1	184	184	2	1.09	0.62	blosmia.com/2-acre-backyard-ideas/	2
front porch flower pots	general	Garden/Outdoor	1	171	171	7	4.09	2.28	blosmia.com/front-porch-flower-pots/	7
flower wall ideas 2	general	Garden/Outdoor	1	168	168	7	4.17	2.32	blosmia.com/flower-wall-ideas-2/	7
coleus planter ideas	product-specific	Garden/Outdoor	1	167	167	9	5.39	2.99	blosmia.com/coleus-planter-ideas/	9
flower cart ideas	general	Garden/Outdoor	1	146	146	9	6.16	3.33	blosmia.com/flower-cart-ideas/	9
flower pot arrangements outdoor	product-specific	Garden/Outdoor	1	129	129	6	4.65	2.45	blosmia.com/flower-pot-arrangements-outdoor/	6
big flower pot ideas	product-specific	Garden/Outdoor	1	119	119	11	9.24	4.79	blosmia.com/big-flower-pot-ideas/	11
cottage garden fence ideas	room-ideas	Garden/Outdoor	1	114	114	2	1.75	0.9	blosmia.com/cottage-garden-fence-ideas/	2
cantaloupe trellis ideas	general	Garden/Outdoor	1	99	99	8	8.08	4.03	blosmia.com/cantaloupe-trellis-ideas/	8
flower border garden	room-ideas	Garden/Outdoor	1	86	86	1	1.16	0.56	blosmia.com/flower-border-garden/	1
pond backyard ideas	room-ideas	Garden/Outdoor	1	75	75	6	8	3.75	blosmia.com/pond-backyard-ideas/	6
raised bed trellis ideas	product-specific	Garden/Outdoor	1	75	75	3	4	1.88	blosmia.com/raised-bed-trellis-ideas/	3
rose trellis ideas	general	Garden/Outdoor	1	72	72	11	15.28	7.1	blosmia.com/rose-trellis-ideas/	11
flower bed ideas in front of house	product-specific	Garden/Outdoor	1	70	70	2	2.86	1.32	blosmia.com/flower-bed-ideas-in-front-of-house/	2
american trad flower	general	Garden/Outdoor	1	54	54	0	0	0	blosmia.com/american-trad-flower/	0
cute garden fence ideas	room-ideas	Garden/Outdoor	1	53	53	1	1.89	0.82	blosmia.com/cute-garden-fence-ideas/	1
petunias flower bed front yards	product-specific	Garden/Outdoor	1	51	51	0	0	0	blosmia.com/petunias-flower-bed-front-yards/	0
brick planter ideas	product-specific	Garden/Outdoor	1	49	49	1	2.04	0.86	blosmia.com/brick-planter-ideas/	1
narrow flower bed ideas	product-specific	Garden/Outdoor	1	49	49	0	0	0	blosmia.com/narrow-flower-bed-ideas/	0
railing flower boxes	general	Garden/Outdoor	1	46	46	6	13.04	5.44	blosmia.com/railing-flower-boxes/	6
rural fence ideas	general	Garden/Outdoor	1	44	44	4	9.09	3.75	blosmia.com/rural-fence-ideas/	4
bougainvillea trellis ideas	general	Garden/Outdoor	1	34	34	1	2.94	1.13	blosmia.com/bougainvillea-trellis-ideas/	1
gravel flower bed ideas	product-specific	Garden/Outdoor	1	34	34	3	8.82	3.4	blosmia.com/gravel-flower-bed-ideas/	3
arizona patio ideas	room-ideas	Garden/Outdoor	1	32	32	0	0	0	blosmia.com/arizona-patio-ideas/	0
garden flower bed ideas	product-specific	Garden/Outdoor	1	31	31	0	0	0	blosmia.com/garden-flower-bed-ideas/	0
flower bouquet ideas floral arrangements	general	Garden/Outdoor	1	30	30	4	13.33	4.96	blosmia.com/flower-bouquet-ideas-floral-arrangements/	4
clay flower pots ideas	general	Garden/Outdoor	1	29	29	0	0	0	blosmia.com/clay-flower-pots-ideas/	0
arched trellis ideas	general	Garden/Outdoor	1	27	27	5	18.52	6.68	blosmia.com/arched-trellis-ideas/	5
october birth flower tattoo marigold	tattoo	Garden/Outdoor	1	27	27	0	0	0	blosmia.com/october-birth-flower-tattoo-marigold/	0
cheap flower bed edging ideas	product-specific	Garden/Outdoor	1	26	26	0	0	0	blosmia.com/cheap-flower-bed-edging-ideas/	0
diy flower bed border ideas	product-specific	Garden/Outdoor	1	26	26	1	3.85	1.37	blosmia.com/diy-flower-bed-border-ideas/	1
mixed flower pots	general	Garden/Outdoor	1	25	25	0	0	0	blosmia.com/mixed-flower-pots/	0
artificial turf backyard ideas	room-ideas	Garden/Outdoor	1	24	24	0	0	0	blosmia.com/artificial-turf-backyard-ideas/	0
flower bed ideas with rocks	product-specific	Garden/Outdoor	1	24	24	0	0	0	blosmia.com/flower-bed-ideas-with-rocks/	0
flower box arrangements	general	Garden/Outdoor	1	24	24	0	0	0	blosmia.com/flower-box-arrangements/	0
outdoor garden fence ideas	room-ideas	Garden/Outdoor	1	24	24	0	0	0	blosmia.com/outdoor-garden-fence-ideas/	0
sandstone patio ideas	room-ideas	Garden/Outdoor	1	23	23	0	0	0	blosmia.com/sandstone-patio-ideas/	0
flower drying ideas	general	Garden/Outdoor	1	22	22	0	0	0	blosmia.com/flower-drying-ideas/	0
birdbath planter ideas	product-specific	Garden/Outdoor	1	21	21	0	0	0	blosmia.com/birdbath-planter-ideas/	0
outdoor hanging planter ideas	product-specific	Garden/Outdoor	1	19	19	0	0	0	blosmia.com/outdoor-hanging-planter-ideas/	0
handmade laundry basket decor	product-specific	Home Decor	1	512	512	21	4.1	3.17	artelierahome.com/handmade-laundry-basket-decor/	21
handmade crochet house decor	diy-craft	Home Decor	1	333	333	7	2.1	1.51	artelierahome.com/handmade-crochet-house-decor/	7
handmade black crochet decor	diy-craft	Home Decor	1	331	331	5	1.51	1.09	artelierahome.com/handmade-black-crochet-decor/	5
handmade chicken decor ideas	diy-craft	Home Decor	1	340	340	38	11.18	8.09	artelierahome.com/handmade-chicken-decor-ideas/	38
handmade market stall decor	diy-craft	Home Decor	1	330	330	33	10	7.2	artelierahome.com/handmade-market-stall-decor/	33
handmade pirate decor ideas	diy-craft	Home Decor	1	196	196	26	13.27	8.7	artelierahome.com/handmade-pirate-decor-ideas/	26
handmade home decor ideas creative	diy-craft	Home Decor	1	165	165	5	3.03	1.92	artelierahome.com/handmade-home-decor-ideas-creative/	5
handmade vintage suitcase decor	diy-craft	Home Decor	1	150	150	4	2.67	1.66	artelierahome.com/handmade-vintage-suitcase-decor/	4
handmade wine cork decor	diy-craft	Home Decor	1	143	143	3	2.1	1.29	artelierahome.com/handmade-wine-cork-decor/	3
home decor handmade ideas	diy-craft	Home Decor	1	134	134	1	0.75	0.46	artelierahome.com/home-decor-handmade-ideas/	1
artisan coffee shop decor	wedding-event	Home Decor	1	128	128	4	3.13	1.89	artelierahome.com/artisan-coffee-shop-decor/	4
handmade spice rack decor	product-specific	Home Decor	1	120	120	12	10	5.95	artelierahome.com/handmade-spice-rack-decor/	12
handmade teapot decor ideas	diy-craft	Home Decor	1	109	109	0	0	0	artelierahome.com/handmade-teapot-decor-ideas/	0
handmade butterfly wall decor ideas	diy-craft	Home Decor	1	98	98	1	1.02	0.58	artelierahome.com/handmade-butterfly-wall-decor-ideas/	1
handmade room decor ideas	diy-craft	Home Decor	1	93	93	5	5.38	3.03	artelierahome.com/handmade-room-decor-ideas/	5
handmade bird decor ideas	diy-craft	Home Decor	1	91	91	1	1.1	0.62	artelierahome.com/handmade-bird-decor-ideas/	1
easy handmade room decor ideas	diy-craft	Home Decor	1	75	75	3	4	2.15	artelierahome.com/easy-handmade-room-decor-ideas/	3
handmade wall decor	diy-craft	Home Decor	1	72	72	4	5.56	2.96	artelierahome.com/how-to-make-handmade-wall-decor/	4
room decor handmade wall art	diy-craft	Home Decor	1	71	71	8	11.27	5.98	artelierahome.com/room-decor-handmade-wall-art/	8
bottle painting ideas acrylics handmade home decor	diy-craft	Home Decor	1	64	64	12	18.75	9.71	artelierahome.com/bottle-painting-ideas-acrylics-handmade-home-decor/	12
handmade owl decor ideas	diy-craft	Home Decor	1	58	58	4	6.9	3.49	artelierahome.com/handmade-owl-decor-ideas/	4
handmade coconut shell decor	diy-craft	Home Decor	1	50	50	4	8	3.9	artelierahome.com/handmade-coconut-shell-decor/	4
handmade easter basket decor	product-specific	Home Decor	1	47	47	0	0	0	artelierahome.com/handmade-easter-basket-decor/	0
handmade cactus decor ideas	diy-craft	Home Decor	1	44	44	4	9.09	4.29	artelierahome.com/handmade-cactus-decor-ideas/	4
handmade floral decor project	diy-craft	Home Decor	1	42	42	0	0	0	artelierahome.com/handmade-floral-decor-project/	0
handmade burlap bag decor	outfit-style	Home Decor	1	32	32	1	3.13	1.36	artelierahome.com/handmade-burlap-bag-decor/	1
handmade kitchen decor ideas	room-ideas	Home Decor	1	31	31	1	3.23	1.39	artelierahome.com/handmade-kitchen-decor-ideas/	1
handmade butterfly fabric decor	diy-craft	Home Decor	1	30	30	3	10	4.26	artelierahome.com/handmade-butterfly-fabric-decor/	3
handmade cookie jar decor	food-baking	Home Decor	1	30	30	2	6.67	2.84	artelierahome.com/handmade-cookie-jar-decor/	2
handmade copper wire decor	diy-craft	Home Decor	1	27	27	3	11.11	4.59	artelierahome.com/handmade-copper-wire-decor/	3
room handmade decor craft ideas	diy-craft	Home Decor	1	21	21	0	0	0	artelierahome.com/room-handmade-decor-craft-ideas/	0
handmade glass decor ideas	diy-craft	Home Decor	1	18	18	1	5.56	2.03	artelierahome.com/handmade-glass-decor-ideas/	1
home decor with handmade instruments	diy-craft	Home Decor	1	18	18	1	5.56	2.03	artelierahome.com/home-decor-with-handmade-instruments/	1
handmade rope basket decor	product-specific	Home Decor	1	16	16	0	0	0	artelierahome.com/handmade-rope-basket-decor/	0
handmade water bottle decor	diy-craft	Home Decor	1	15	15	0	0	0	artelierahome.com/handmade-water-bottle-decor/	0
handmade cotton kitchen decor	room-ideas	Home Decor	1	13	13	0	0	0	artelierahome.com/handmade-cotton-kitchen-decor/	0
handmade holiday spoons decor	diy-craft	Home Decor	1	12	12	0	0	0	artelierahome.com/handmade-holiday-spoons-decor/	0
handmade heart wreath decor	diy-craft	Home Decor	1	10	10	2	20	5.95	artelierahome.com/handmade-heart-wreath-decor/	2
handmade floral decor ideas	diy-craft	Home Decor	1	7	7	1	14.29	3.69	artelierahome.com/handmade-floral-decor-ideas/	1
cognac leather couch living room decor	product-specific	Home Decor	1	161	161	7	4.35	2.75	betonry.com/cognac-leather-couch-living-room-decor/	7
industrial hair salon decor	hair-beauty	Home Decor	1	153	153	14	9.15	5.72	betonry.com/industrial-hair-salon-decor/	14
burgundy leather couch living room decor	product-specific	Home Decor	1	120	120	2	1.67	0.99	betonry.com/burgundy-leather-couch-living-room-decor/	2
dark brown leather couches living room decor	room-ideas	Home Decor	1	106	106	10	9.43	5.47	betonry.com/dark-brown-leather-couches-living-room-decor/	10
home decor ideas living room dream houses stone fireplaces	room-ideas	Home Decor	1	85	85	1	1.18	0.65	betonry.com/home-decor-ideas-living-room-dream-houses-stone-fireplaces/	1
lucky bamboo plants decor ideas	wedding-event	Home Decor	1	85	85	6	7.06	3.9	betonry.com/lucky-bamboo-plants-decor-ideas/	6
industrial apartment decor small spaces	wedding-event	Home Decor	1	83	83	4	4.82	2.65	betonry.com/industrial-apartment-decor-small-spaces/	4
home decor ideas living room leather couch	product-specific	Home Decor	1	81	81	2	2.47	1.35	betonry.com/home-decor-ideas-living-room-leather-couch/	2
dining room decor marble table	room-ideas	Home Decor	1	80	80	2	2.5	1.36	betonry.com/dining-room-decor-marble-table/	2
diy bamboo wall decor	diy-craft	Home Decor	1	72	72	2	2.78	1.48	betonry.com/diy-bamboo-wall-decor/	2
brown leather recliner living room decor ideas	room-ideas	Home Decor	1	70	70	0	0	0	betonry.com/brown-leather-recliner-living-room-decor-ideas/	0
marble table decor ideas	wedding-event	Home Decor	1	49	49	0	0	0	betonry.com/marble-table-decor-ideas/	0
concrete wall decor ideas	wedding-event	Home Decor	1	45	45	2	4.44	2.11	betonry.com/concrete-wall-decor-ideas/	2
marble dining table decor ideas	room-ideas	Home Decor	1	40	40	0	0	0	betonry.com/marble-dining-table-decor-ideas/	0
black leather sofa decor ideas	product-specific	Home Decor	1	39	39	2	5.13	2.35	betonry.com/black-leather-sofa-decor-ideas/	2
stone wall decor ideas	wedding-event	Home Decor	1	39	39	2	5.13	2.35	betonry.com/stone-wall-decor-ideas/	2
leather recliner sofa living room decor	product-specific	Home Decor	1	34	34	2	5.88	2.59	betonry.com/leather-recliner-sofa-living-room-decor/	2
black marble floor decor	wedding-event	Home Decor	1	29	29	0	0	0	betonry.com/black-marble-floor-decor/	0
modern industrial wedding decor ceremony backdrop	wedding-event	Home Decor	1	29	29	5	17.24	7.27	betonry.com/modern-industrial-wedding-decor-ceremony-backdrop/	5
bamboo wall decor ideas	wedding-event	Home Decor	1	26	26	2	7.69	3.14	betonry.com/bamboo-wall-decor-ideas/	2
brick wedding venue decor industrial chic	wedding-event	Home Decor	1	26	26	3	11.54	4.72	betonry.com/brick-wedding-venue-decor-industrial-chic/	3
stone crafts ideas home decor diy	diy-craft	Home Decor	1	26	26	0	0	0	betonry.com/stone-crafts-ideas-home-decor-diy/	0
bathroom decor with marble counter	room-ideas	Home Decor	1	23	23	0	0	0	betonry.com/bathroom-decor-with-marble-counter/	0
art for industrial decor	wedding-event	Home Decor	1	20	20	0	0	0	betonry.com/art-for-industrial-decor/	0
decor with brown leather couch	product-specific	Home Decor	1	20	20	1	5	1.89	betonry.com/decor-with-brown-leather-couch/	1
pottery barn master bedrooms decor	wedding-event	Home Decor	1	20	20	0	0	0	betonry.com/pottery-barn-master-bedrooms-decor/	0
white leather sofa decor	product-specific	Home Decor	1	19	19	0	0	0	betonry.com/white-leather-sofa-decor/	0
industrial chic wedding decor	wedding-event	Home Decor	1	16	16	1	6.25	2.2	betonry.com/industrial-chic-wedding-decor/	1
bamboo plant indoor decor ideas	wedding-event	Home Decor	1	15	15	0	0	0	betonry.com/bamboo-plant-indoor-decor-ideas/	0
black leather couch office decor	product-specific	Home Decor	1	15	15	2	13.33	4.58	betonry.com/black-leather-couch-office-decor/	2
industrial shelf decor living room	product-specific	Home Decor	1	14	14	1	7.14	2.4	betonry.com/industrial-shelf-decor-living-room/	1
vintage bamboo tray decor ideas	wedding-event	Home Decor	1	13	13	0	0	0	betonry.com/vintage-bamboo-tray-decor-ideas/	0
bamboo flooring living room decor	room-ideas	Home Decor	1	12	12	0	0	0	betonry.com/bamboo-flooring-living-room-decor/	0
bamboo plant decor ideas	wedding-event	Home Decor	1	11	11	0	0	0	betonry.com/bamboo-plant-decor-ideas/	0
chestnut leather couch living room decor	product-specific	Home Decor	1	11	11	0	0	0	betonry.com/chestnut-leather-couch-living-room-decor/	0
marble wall decor living room	room-ideas	Home Decor	1	11	11	0	0	0	betonry.com/marble-wall-decor-living-room/	0
modern industrial decor living room	room-ideas	Home Decor	1	10	10	1	10	2.97	betonry.com/modern-industrial-decor-living-room/	1
bed in front of window	product-specific	Garden/Outdoor	2	541	271	9	1.66	1.01	grassora.com/bed-in-front-of-window/	6
part shade planter ideas	product-specific	Garden/Outdoor	2	213	107	4	1.88	0.95	grassora.com/part-shade-planter-ideas/	4
raspberry trellis ideas	general	Garden/Outdoor	2	474	237	39	8.23	4.88	blossivio.com/raspberry-trellis-ideas/	23
stock tank pool ideas	general	Garden/Outdoor	1	127	127	3	2.36	1.24	grassora.com/stock-tank-pool-ideas/	3
rectangle planter ideas	product-specific	Garden/Outdoor	2	109	55	4	3.67	1.6	grassora.com/rectangle-planter-ideas/	2
front porch bench ideas	general	Garden/Outdoor	1	81	81	6	7.41	3.54	grassora.com/front-porch-bench-ideas/	6
tv in front of window	general	Garden/Outdoor	2	301	151	3	1	0.54	curtainza.com/tv-in-front-of-window/	3
phoenix backyard ideas	room-ideas	Garden/Outdoor	1	55	55	1	1.82	0.79	grassora.com/phoenix-backyard-ideas/	1
diy garden trellis ideas	room-ideas	Garden/Outdoor	2	71	36	16	22.54	8.78	grassora.com/diy-garden-trellis-ideas/	15
screened in porch ideas	general	Garden/Outdoor	1	50	50	1	2	0.85	grassora.com/screened-in-porch-ideas/	1
long narrow backyard ideas	room-ideas	Garden/Outdoor	1	48	48	4	8.33	3.51	grassora.com/long-narrow-backyard-ideas/	4
bamboo fence ideas	general	Garden/Outdoor	2	58	29	3	5.17	1.9	grassora.com/bamboo-fence-ideas/	3
black front door ideas	general	Garden/Outdoor	1	42	42	2	4.76	1.94	grassora.com/black-front-door-ideas/	2
diy garden fence ideas	room-ideas	Garden/Outdoor	1	40	40	2	5	2.01	grassora.com/diy-garden-fence-ideas/	2
fence ideas front yard	general	Garden/Outdoor	1	30	30	1	3.33	1.24	grassora.com/fence-ideas-front-yard/	1
pool pump cover ideas	general	Garden/Outdoor	1	30	30	3	10	3.72	grassora.com/pool-pump-cover-ideas/	3
trellis ideas for privacy	general	Garden/Outdoor	2	54	27	5	9.26	3.34	grassora.com/trellis-ideas-for-privacy/	4
backyard chicken coop ideas	room-ideas	Garden/Outdoor	1	28	28	0	0	0	grassora.com/backyard-chicken-coop-ideas/	0
cheap fence ideas	general	Garden/Outdoor	1	26	26	3	11.54	4.12	grassora.com/cheap-fence-ideas/	3
clematis trellis ideas	general	Garden/Outdoor	2	56	28	7	12.5	4.56	blossivio.com/clematis-trellis-ideas/	5
u shaped backyard ideas layout	room-ideas	Garden/Outdoor	1	23	23	0	0	0	grassora.com/u-shaped-backyard-ideas-layout/	0
passion fruit trellis ideas	general	Garden/Outdoor	2	43	22	9	20.93	7.06	grassora.com/passion-fruit-trellis-ideas/	7
farmhouse front porch ideas	general	Garden/Outdoor	1	19	19	4	21.05	6.83	grassora.com/farmhouse-front-porch-ideas/	4
front porch ceiling ideas	general	Garden/Outdoor	1	17	17	1	5.88	1.84	grassora.com/front-porch-ceiling-ideas/	1
jasmine trellis ideas	general	Garden/Outdoor	2	253	127	21	8.3	4.36	blossivio.com/jasmine-trellis-ideas/	20
front door paint colors	diy-craft	Garden/Outdoor	2	66	33	0	0	0	grassora.com/front-door-paint-colors/	0
outdoor swimming pool designs	tattoo	Garden/Outdoor	1	14	14	0	0	0	grassora.com/outdoor-swimming-pool-designs/	0
3 tiered planter ideas	product-specific	Garden/Outdoor	1	12	12	0	0	0	grassora.com/3-tiered-planter-ideas/	0
plant fence ideas	general	Garden/Outdoor	1	11	11	1	9.09	2.45	grassora.com/plant-fence-ideas/	1
apartment patio decorating ideas	room-ideas	Garden/Outdoor	1	10	10	3	30	7.79	grassora.com/apartment-patio-decorating-ideas/	3
black and white patio ideas	room-ideas	Garden/Outdoor	1	9	9	3	33.33	8.31	grassora.com/black-and-white-patio-ideas/	3
front door entryway ideas	room-ideas	Garden/Outdoor	1	9	9	1	11.11	2.77	grassora.com/front-door-entryway-ideas/	1
small backyard ideas	room-ideas	Garden/Outdoor	1	8	8	1	12.5	2.97	grassora.com/small-backyard-ideas/	1
old window ideas	general	Home Decor	1	597	597	6	1.01	0.8	curtainza.com/old-window-ideas/	6
window trim ideas	general	Home Decor	1	431	431	13	3.02	2.27	curtainza.com/window-trim-ideas/	13
fake window ideas	general	Home Decor	1	303	303	60	19.8	14.04	curtainza.com/fake-window-ideas/	60
window valance ideas	general	Home Decor	1	228	228	39	17.11	11.53	curtainza.com/window-valance-ideas/	39
door window covering ideas	general	Home Decor	1	94	94	30	31.91	18.03	curtainza.com/door-window-covering-ideas/	30
3 window curtain ideas	product-specific	Home Decor	1	93	93	5	5.38	3.03	curtainza.com/3-window-curtain-ideas/	5
exterior window trim ideas	general	Home Decor	1	83	83	3	3.61	1.98	curtainza.com/exterior-window-trim-ideas/	3
bay window ideas	general	Home Decor	1	80	80	5	6.25	3.41	curtainza.com/bay-window-ideas/	5
bay window dining area	room-ideas	Home Decor	1	71	71	0	0	0	curtainza.com/bay-window-dining-area/	0
farmhouse curtains	product-specific	Home Decor	1	71	71	6	8.45	4.48	curtainza.com/farmhouse-curtains/	6
large window ideas	general	Home Decor	1	71	71	0	0	0	curtainza.com/large-window-ideas/	0
bay window bedroom	room-ideas	Home Decor	1	69	69	0	0	0	curtainza.com/bay-window-bedroom/	0
bay window treatments	general	Home Decor	1	60	60	4	6.67	3.4	curtainza.com/bay-window-treatments/	4
small bathroom with window	room-ideas	Home Decor	1	60	60	0	0	0	curtainza.com/small-bathroom-with-window/	0
simple window grill design	tattoo	Home Decor	1	51	51	0	0	0	curtainza.com/simple-window-grill-design/	0
window decor ideas	wedding-event	Home Decor	1	50	50	7	14	6.83	curtainza.com/window-decor-ideas/	7
2 window bedroom ideas	room-ideas	Home Decor	1	48	48	1	2.08	1	curtainza.com/2-window-bedroom-ideas/	1
dark wood floor bedroom ideas	room-ideas	Home Decor	1	46	46	0	0	0	curtainza.com/dark-wood-floor-bedroom-ideas/	0
bathroom window curtain ideas	product-specific	Home Decor	1	44	44	11	25	11.81	curtainza.com/bathroom-window-curtain-ideas/	11
backyard deck with roof ideas	room-ideas	Home Decor	1	42	42	3	7.14	3.33	curtainza.com/backyard-deck-with-roof-ideas/	3
long bathroom ideas	room-ideas	Home Decor	1	41	41	1	2.44	1.13	curtainza.com/long-bathroom-ideas/	1
window sill decor	wedding-event	Home Decor	1	41	41	0	0	0	curtainza.com/window-sill-decor/	0
window frame ideas	product-specific	Home Decor	1	40	40	0	0	0	curtainza.com/window-frame-ideas/	0
cottage curtains	product-specific	Home Decor	1	39	39	6	15.38	7.04	curtainza.com/cottage-curtains/	6
eclectic kitchen ideas	room-ideas	Home Decor	1	37	37	4	10.81	4.88	curtainza.com/eclectic-kitchen-ideas/	4
small window curtain ideas	product-specific	Home Decor	2	70	35	7	10	4.45	artwallia.com/small-window-curtain-ideas/	6
window seating	general	Home Decor	1	37	37	1	2.7	1.22	curtainza.com/window-seating/	1
kitchen curtains ideas	product-specific	Home Decor	1	34	34	3	8.82	3.89	curtainza.com/kitchen-curtains-ideas/	3
mauve living room ideas	room-ideas	Home Decor	1	30	30	2	6.67	2.84	curtainza.com/mauve-living-room-ideas/	2
bedroom window treatments	room-ideas	Home Decor	1	29	29	9	31.03	13.09	curtainza.com/bedroom-window-treatments/	9
farmhouse kitchen flooring ideas	room-ideas	Home Decor	1	29	29	0	0	0	curtainza.com/farmhouse-kitchen-flooring-ideas/	0
living room window	room-ideas	Home Decor	1	29	29	8	27.59	11.64	curtainza.com/living-room-window/	8
classroom window	general	Home Decor	1	26	26	2	7.69	3.14	curtainza.com/classroom-window/	2
grey kitchen flooring ideas	room-ideas	Home Decor	1	25	25	0	0	0	curtainza.com/grey-kitchen-flooring-ideas/	0
pantry with window	general	Home Decor	1	25	25	0	0	0	curtainza.com/pantry-with-window/	0
window nook	general	Home Decor	1	25	25	0	0	0	curtainza.com/window-nook/	0
black curtains bedroom ideas	product-specific	Home Decor	2	39	20	0	0	0	curtainza.com/black-curtains-bedroom-ideas/	0
grey living room curtain ideas	product-specific	Home Decor	1	24	24	2	8.33	3.33	curtainza.com/grey-living-room-curtain-ideas/	2
grill designs window	tattoo	Home Decor	1	23	23	0	0	0	curtainza.com/grill-designs-window/	0
window seating in bedroom	room-ideas	Home Decor	1	22	22	1	4.55	1.77	curtainza.com/window-seating-in-bedroom/	1
window painting ideas	diy-craft	Home Decor	1	21	21	0	0	0	curtainza.com/window-painting-ideas/	0
backyard metal fence ideas	room-ideas	Home Decor	1	20	20	0	0	0	curtainza.com/backyard-metal-fence-ideas/	0
bay window design	tattoo	Home Decor	1	20	20	0	0	0	curtainza.com/bay-window-design/	0
christmas shop window	general	Home Decor	1	20	20	0	0	0	curtainza.com/christmas-shop-window/	0
mexican bathroom ideas	room-ideas	Home Decor	1	19	19	2	10.53	3.91	curtainza.com/mexican-bathroom-ideas/	2
window curtains ideas	product-specific	Home Decor	1	18	18	2	11.11	4.06	curtainza.com/window-curtains-ideas/	2
gray and gold bedroom ideas	room-ideas	Home Decor	1	17	17	0	0	0	curtainza.com/gray-and-gold-bedroom-ideas/	0
terracotta bathroom	room-ideas	Home Decor	1	60	60	2	3.33	1.7	cozybathroomdecor.com/terracotta-bathroom/	2
forest bathroom	room-ideas	Home Decor	1	28	28	3	10.71	4.47	cozybathroomdecor.com/forest-bathroom/	3
small bar basement ideas	room-ideas	Home Decor	1	27	27	1	3.7	1.53	cozybathroomdecor.com/small-bar-basement-ideas/	1
cream bathroom	room-ideas	Home Decor	1	26	26	0	0	0	cozybathroomdecor.com/cream-bathroom/	0
small bathroom wallpaper	room-ideas	Home Decor	1	23	23	1	4.35	1.71	cozybathroomdecor.com/small-bathroom-wallpaper/	1
teal bathroom	room-ideas	Home Decor	1	17	17	0	0	0	cozybathroomdecor.com/teal-bathroom/	0
pink and green bathroom	room-ideas	Home Decor	1	16	16	0	0	0	cozybathroomdecor.com/pink-and-green-bathroom/	0
fireplace cover ideas	general	Home Decor	2	139	70	1	0.72	0.38	firesidea.com/fireplace-cover-ideas/	1
long narrow basement ideas	room-ideas	Home Decor	1	14	14	0	0	0	cozybathroomdecor.com/long-narrow-basement-ideas/	0
small bathroom vanity ideas	product-specific	Home Decor	1	14	14	2	14.29	4.8	cozybathroomdecor.com/small-bathroom-vanity-ideas/	2
windowless basement ideas	room-ideas	Home Decor	1	11	11	0	0	0	cozybathroomdecor.com/windowless-basement-ideas/	0
bay window curtain ideas	product-specific	Home Decor	1	10	10	1	10	2.97	cozybathroomdecor.com/bay-window-curtain-ideas/	1
office curtain ideas	product-specific	Home Decor	1	9	9	3	33.33	9.52	cozybathroomdecor.com/office-curtain-ideas/	3
bathroom sink ideas	room-ideas	Home Decor	1	6	6	1	16.67	4.02	cozybathroomdecor.com/bathroom-sink-ideas/	1
outhouse bathroom ideas	room-ideas	Home Decor	1	6	6	1	16.67	4.02	cozybathroomdecor.com/outhouse-bathroom-ideas/	1
burgundy bathroom	room-ideas	Home Decor	1	5	5	1	20	4.45	cozybathroomdecor.com/burgundy-bathroom/	1
dorm bathroom	room-ideas	Home Decor	1	5	5	1	20	4.45	cozybathroomdecor.com/dorm-bathroom/	1
sitting room ideas with fireplace	general	Home Decor	1	4	4	1	25	4.99	cozybathroomdecor.com/sitting-room-ideas-with-fireplace/	1
english cottage kitchen ideas	room-ideas	Home Decor	1	358	358	23	6.42	4.69	organizaspace.com/english-cottage-kitchen-ideas/	23
backyard wall color ideas	room-ideas	Home Decor	1	245	245	3	1.22	0.83	organizaspace.com/backyard-wall-color-ideas/	3
rv storage ideas	general	Home Decor	2	281	141	55	19.57	12.02	organizaspace.com/rv-storage-ideas/	35
vinyl storage ideas	general	Home Decor	1	164	164	16	9.76	6.18	organizaspace.com/vinyl-storage-ideas/	16
buddha backyard ideas	room-ideas	Home Decor	1	131	131	22	16.79	10.17	organizaspace.com/buddha-backyard-ideas/	22
ikea hacks storage	general	Home Decor	1	130	130	18	13.85	8.38	organizaspace.com/ikea-hacks-storage/	18
vanity organization ideas	product-specific	Home Decor	1	129	129	26	20.16	12.17	organizaspace.com/vanity-organization-ideas/	26
tea organization ideas	general	Home Decor	1	128	128	20	15.63	9.42	organizaspace.com/tea-organization-ideas/	20
sweatshirt storage ideas	general	Home Decor	2	145	73	18	12.41	6.62	organizaspace.com/sweatshirt-storage-ideas/	17
stuffed animal storage	general	Home Decor	1	110	110	9	8.18	4.78	organizaspace.com/stuffed-animal-storage/	9
small room clothes storage	outfit-style	Home Decor	1	107	107	14	13.08	7.6	organizaspace.com/small-room-clothes-storage/	14
under stairs storage	general	Home Decor	1	90	90	3	3.33	1.86	organizaspace.com/under-stairs-storage/	3
shed storage ideas	general	Home Decor	1	70	70	6	8.57	4.53	organizaspace.com/shed-storage-ideas/	6
belt storage	general	Home Decor	1	69	69	7	10.14	5.34	organizaspace.com/belt-storage/	7
square living room ideas	room-ideas	Home Decor	1	67	67	0	0	0	organizaspace.com/square-living-room-ideas/	0
kitchen fridge ideas	room-ideas	Home Decor	1	62	62	0	0	0	organizaspace.com/kitchen-fridge-ideas/	0
towel storage ideas	product-specific	Home Decor	1	61	61	18	29.51	15.11	organizaspace.com/towel-storage-ideas/	18
yarn storage	general	Home Decor	1	60	60	5	8.33	4.25	organizaspace.com/yarn-storage/	5
fabric storage	general	Home Decor	1	56	56	2	3.57	1.79	organizaspace.com/fabric-storage/	2
ikea storage	general	Home Decor	1	48	48	1	2.08	1	organizaspace.com/ikea-storage/	1
red leather sofa living room ideas	product-specific	Home Decor	1	47	47	0	0	0	organizaspace.com/red-leather-sofa-living-room-ideas/	0
farmhouse bathroom vanity ideas	product-specific	Home Decor	1	46	46	2	4.35	2.08	organizaspace.com/farmhouse-bathroom-vanity-ideas/	2
small dark bedroom ideas	room-ideas	Home Decor	1	46	46	0	0	0	organizaspace.com/small-dark-bedroom-ideas/	0
terracotta bedroom ideas	room-ideas	Home Decor	1	46	46	2	4.35	2.08	organizaspace.com/terracotta-bedroom-ideas/	2
toilet paper storage	general	Home Decor	1	43	43	2	4.65	2.18	organizaspace.com/toilet-paper-storage/	2
beds with storage	general	Home Decor	1	40	40	1	2.5	1.15	organizaspace.com/beds-with-storage/	1
sleigh bed bedroom ideas	product-specific	Home Decor	1	38	38	0	0	0	organizaspace.com/sleigh-bed-bedroom-ideas/	0
garage shoe storage	room-ideas	Home Decor	1	35	35	3	8.57	3.81	organizaspace.com/garage-shoe-storage/	3
craftsman bathroom ideas	room-ideas	Home Decor	1	34	34	0	0	0	organizaspace.com/craftsman-bathroom-ideas/	0
entryway bench storage	room-ideas	Home Decor	1	34	34	2	5.88	2.59	organizaspace.com/entryway-bench-storage/	2
purse storage	outfit-style	Home Decor	1	34	34	6	17.65	7.78	organizaspace.com/purse-storage/	6
chesterfield sofa living room ideas	product-specific	Home Decor	1	31	31	1	3.23	1.39	organizaspace.com/chesterfield-sofa-living-room-ideas/	1
jewelry storage ideas	general	Home Decor	2	44	22	3	6.82	2.65	organizaspace.com/jewelry-storage-ideas/	3
shower storage ideas	general	Home Decor	1	31	31	3	9.68	4.16	organizaspace.com/shower-storage-ideas/	3
wood storage	general	Home Decor	1	30	30	0	0	0	organizaspace.com/wood-storage/	0
bathroom hooks ideas	room-ideas	Home Decor	2	41	21	1	2.44	0.93	solinadecor.com/bathroom-hooks-ideas/	1
playroom storage ideas	room-ideas	Home Decor	1	29	29	1	3.45	1.46	organizaspace.com/playroom-storage-ideas/	1
clothes drawer organization	outfit-style	Home Decor	1	28	28	8	28.57	11.93	organizaspace.com/clothes-drawer-organization/	8
brownstone backyard ideas	room-ideas	Home Decor	1	25	25	3	12	4.85	organizaspace.com/brownstone-backyard-ideas/	3
craft room organization	diy-craft	Home Decor	1	25	25	2	8	3.23	organizaspace.com/craft-room-organization/	2
lego storage	pop-culture	Home Decor	1	25	25	0	0	0	organizaspace.com/lego-storage/	0
blue green bathroom ideas	room-ideas	Home Decor	1	24	24	0	0	0	organizaspace.com/blue-green-bathroom-ideas/	0
entryway shoe storage	room-ideas	Home Decor	2	51	26	0	0	0	organizaspace.com/entryway-shoe-storage/	0
cream bathroom ideas	room-ideas	Home Decor	1	23	23	1	4.35	1.71	organizaspace.com/cream-bathroom-ideas/	1
eaves storage ideas	general	Home Decor	1	23	23	0	0	0	organizaspace.com/eaves-storage-ideas/	0
small closet organization ideas	room-ideas	Home Decor	1	23	23	0	0	0	organizaspace.com/small-closet-organization-ideas/	0
small backyard concrete patio ideas	room-ideas	Home Decor	1	22	22	0	0	0	organizaspace.com/small-backyard-concrete-patio-ideas/	0
toy storage ideas	general	Home Decor	2	70	35	3	4.29	1.91	artevohome.com/toy-storage-ideas/	3
office desk organization ideas	room-ideas	Home Decor	1	21	21	0	0	0	organizaspace.com/office-desk-organization-ideas/	0
double sided fireplace ideas	general	Home Decor	2	144	72	2	1.39	0.74	firesidea.com/double-sided-fireplace-ideas/	2
arch window curtain ideas	product-specific	Home Decor	1	27	27	6	22.22	9.18	stylebedroomdecor.com/arch-window-curtain-ideas/	6
curtain scarf ideas	product-specific	Home Decor	1	25	25	1	4	1.62	stylebedroomdecor.com/curtain-scarf-ideas/	1
basement pole ideas	room-ideas	Home Decor	1	19	19	1	5.26	1.95	stylebedroomdecor.com/basement-pole-ideas/	1
corner window curtain ideas	product-specific	Home Decor	1	19	19	1	5.26	1.95	stylebedroomdecor.com/corner-window-curtain-ideas/	1
bedroom tv wall ideas	room-ideas	Home Decor	3	70	23	5	7.14	2.83	artwallia.com/bedroom-tv-wall-ideas/	3
double curtain rod ideas	product-specific	Home Decor	1	16	16	0	0	0	stylebedroomdecor.com/double-curtain-rod-ideas/	0
picture wall decor ideas	wedding-event	Home Decor	1	14	14	3	21.43	7.2	stylebedroomdecor.com/picture-wall-decor-ideas/	3
kitchen doorway curtain ideas	product-specific	Home Decor	1	9	9	2	22.22	6.35	stylebedroomdecor.com/kitchen-doorway-curtain-ideas/	2
basement stairs lighting ideas	room-ideas	Home Decor	1	6	6	2	33.33	8.05	stylebedroomdecor.com/basement-stairs-lighting-ideas/	2
high tea menu ideas	general	Food/Recipe	1	1459	1459	42	2.88	9.42	brewnora.com/high-tea-menu-ideas/	42
mini tarts dessert easy recipes	food-baking	Food/Recipe	2	1178	589	31	2.63	7.54	brewnora.com/mini-tarts-dessert-easy-recipes/	28
irish dessert recipes	food-baking	Food/Recipe	2	1458	729	17	1.17	3.46	beanwhisper.com/irish-dessert-recipes/	13
finger sandwiches for tea party	wedding-event	Food/Recipe	1	489	489	6	1.23	3.42	brewnora.com/finger-sandwiches-for-tea-party/	6
coffee truck ideas	general	Food/Recipe	1	368	368	9	2.45	6.5	brewnora.com/coffee-truck-ideas/	9
high tea hapjes	general	Food/Recipe	1	331	331	17	5.14	13.4	brewnora.com/high-tea-hapjes/	17
korean coffee shop	general	Food/Recipe	1	186	186	4	2.15	5.05	brewnora.com/korean-coffee-shop/	4
tea time snacks	general	Food/Recipe	1	175	175	1	0.57	1.32	brewnora.com/tea-time-snacks/	1
london coffee shop	general	Food/Recipe	1	146	146	0	0	0	brewnora.com/london-coffee-shop/	0
tea party foods	wedding-event	Food/Recipe	1	140	140	0	0	0	brewnora.com/tea-party-foods/	0
savory tea party food	wedding-event	Food/Recipe	1	121	121	1	0.83	1.79	brewnora.com/savory-tea-party-food/	1
tea party brunch	wedding-event	Food/Recipe	1	115	115	24	20.87	44.55	brewnora.com/tea-party-brunch/	24
tea party sweets	wedding-event	Food/Recipe	1	108	108	8	7.41	15.61	brewnora.com/tea-party-sweets/	8
keurig iced coffee recipes	food-baking	Food/Recipe	1	92	92	4	4.35	8.85	brewnora.com/keurig-iced-coffee-recipes/	4
scooters coffee drinks	general	Food/Recipe	1	80	80	2	2.5	4.93	brewnora.com/scooters-coffee-drinks/	2
coffee van ideas mobile cafe	general	Food/Recipe	1	79	79	6	7.59	14.94	brewnora.com/coffee-van-ideas-mobile-cafe/	6
tea shop names ideas	general	Food/Recipe	1	70	70	0	0	0	brewnora.com/tea-shop-names-ideas/	0
paris coffee shop	general	Food/Recipe	1	67	67	0	0	0	brewnora.com/paris-coffee-shop/	0
coffee and wine bar ideas	general	Food/Recipe	1	62	62	0	0	0	brewnora.com/coffee-and-wine-bar-ideas/	0
green tea recipes	food-baking	Food/Recipe	1	61	61	0	0	0	brewnora.com/green-tea-recipes/	0
tea bar ideas	general	Food/Recipe	1	60	60	3	5	9.23	brewnora.com/tea-bar-ideas/	3
baking with greek yogurt recipes	food-baking	Food/Recipe	1	56	56	0	0	0	brewnora.com/baking-with-greek-yogurt-recipes/	0
summer coffee drinks	general	Food/Recipe	1	53	53	0	0	0	brewnora.com/summer-coffee-drinks/	0
nespresso coffee bar	general	Food/Recipe	1	52	52	0	0	0	brewnora.com/nespresso-coffee-bar/	0
coffee flavor ideas	general	Food/Recipe	1	47	47	1	2.13	3.7	brewnora.com/coffee-flavor-ideas/	1
coffee alcoholic drink	general	Food/Recipe	1	42	42	0	0	0	brewnora.com/coffee-alcoholic-drink/	0
coffee shop post ideas	general	Food/Recipe	1	42	42	0	0	0	brewnora.com/coffee-shop-post-ideas/	0
dessert recipes french	food-baking	Food/Recipe	1	42	42	1	2.38	4.02	brewnora.com/dessert-recipes-french/	1
coffee insta story	general	Food/Recipe	1	32	32	0	0	0	brewnora.com/coffee-insta-story/	0
tea party cakes	food-baking	Food/Recipe	1	29	29	0	0	0	brewnora.com/tea-party-cakes/	0
new york coffee shop aesthetic	general	Food/Recipe	1	28	28	0	0	0	brewnora.com/new-york-coffee-shop-aesthetic/	0
coffee cake bundt recipes	food-baking	Food/Recipe	1	27	27	0	0	0	brewnora.com/coffee-cake-bundt-recipes/	0
coffee shop menu ideas	general	Food/Recipe	1	26	26	0	0	0	brewnora.com/coffee-shop-menu-ideas/	0
hobbit dessert recipes	food-baking	Food/Recipe	1	26	26	0	0	0	brewnora.com/hobbit-dessert-recipes/	0
coffee break simples	general	Food/Recipe	1	24	24	0	0	0	brewnora.com/coffee-break-simples/	0
mexican coffee bar ideas	general	Food/Recipe	1	23	23	3	13.04	18.61	brewnora.com/mexican-coffee-bar-ideas/	3
rum cocktail recipes	food-baking	Food/Recipe	1	23	23	1	4.35	6.21	brewnora.com/rum-cocktail-recipes/	1
london afternoon tea	general	Food/Recipe	1	22	22	0	0	0	brewnora.com/london-afternoon-tea/	0
coffee post ideas	general	Food/Recipe	1	18	18	0	0	0	brewnora.com/coffee-post-ideas/	0
pound cake trifle recipes	food-baking	Food/Recipe	1	18	18	0	0	0	brewnora.com/pound-cake-trifle-recipes/	0
whiskey cocktail recipes	food-baking	Food/Recipe	1	18	18	0	0	0	brewnora.com/whiskey-cocktail-recipes/	0
coffee starbucks order	general	Food/Recipe	1	17	17	1	5.88	7.63	brewnora.com/coffee-starbucks-order/	1
starbucks coffee recipes	food-baking	Food/Recipe	1	17	17	1	5.88	7.63	brewnora.com/starbucks-coffee-recipes/	1
cottagecore baking recipes	food-baking	Food/Recipe	1	16	16	0	0	0	brewnora.com/cottagecore-baking-recipes/	0
best starbucks iced coffee	general	Food/Recipe	1	14	14	0	0	0	brewnora.com/best-starbucks-iced-coffee/	0
ceramic crock decor ideas	wedding-event	Home Decor	1	167	167	5	2.99	1.9	ceramory.com/ceramic-crock-decor-ideas/	5
ceramic flowers wall decor ideas	wedding-event	Home Decor	1	139	139	3	2.16	1.32	ceramory.com/ceramic-flowers-wall-decor-ideas/	3
vintage ceramic bird decor ideas	wedding-event	Home Decor	1	128	128	11	8.59	5.18	ceramory.com/vintage-ceramic-bird-decor-ideas/	11
ceramic plate decor inspiration	wedding-event	Home Decor	1	132	132	3	2.27	1.38	ceramory.com/ceramic-plate-decor-inspiration/	3
home decor ceramic projects	wedding-event	Home Decor	1	121	121	1	0.83	0.49	ceramory.com/home-decor-ceramic-projects/	1
ceramic plate wall decor ideas	wedding-event	Home Decor	1	108	108	3	2.78	1.62	ceramory.com/ceramic-plate-wall-decor-ideas/	3
home decor with ceramic teapots	wedding-event	Home Decor	1	88	88	2	2.27	1.26	ceramory.com/home-decor-with-ceramic-teapots/	2
handmade ceramic decor inspiration	diy-craft	Home Decor	1	86	86	4	4.65	2.58	ceramory.com/handmade-ceramic-decor-inspiration/	4
vintage ceramic jug decor ideas	wedding-event	Home Decor	1	58	58	3	5.17	2.62	ceramory.com/vintage-ceramic-jug-decor-ideas/	3
vintage ceramic vase decor ideas	product-specific	Home Decor	1	54	54	3	5.56	2.76	ceramory.com/vintage-ceramic-vase-decor-ideas/	3
vintage ceramic swan decor ideas	wedding-event	Home Decor	1	48	48	0	0	0	ceramory.com/vintage-ceramic-swan-decor-ideas/	0
outdoor ceramic decor inspiration	wedding-event	Home Decor	1	46	46	4	8.7	4.16	ceramory.com/outdoor-ceramic-decor-inspiration/	4
vintage ceramic crock decor	wedding-event	Home Decor	1	46	46	0	0	0	ceramory.com/vintage-ceramic-crock-decor/	0
ceramic fish home decor inspiration	wedding-event	Home Decor	1	37	37	1	2.7	1.22	ceramory.com/ceramic-fish-home-decor-inspiration/	1
italian ceramic home decor ideas	wedding-event	Home Decor	1	33	33	3	9.09	3.98	ceramory.com/italian-ceramic-home-decor-ideas/	3
antique ceramic jug decor	wedding-event	Home Decor	1	34	34	0	0	0	ceramory.com/antique-ceramic-jug-decor/	0
black ceramic vase home decor inspiration	product-specific	Home Decor	1	30	30	0	0	0	ceramory.com/black-ceramic-vase-home-decor-inspiration/	0
home decor ideas with ceramic houses	wedding-event	Home Decor	1	30	30	2	6.67	2.84	ceramory.com/home-decor-ideas-with-ceramic-houses/	2
vintage ceramic goose decor ideas	wedding-event	Home Decor	1	27	27	5	18.52	7.66	ceramory.com/vintage-ceramic-goose-decor-ideas/	5
vintage ceramic mushroom decor inspiration	wedding-event	Home Decor	1	24	24	1	4.17	1.67	ceramory.com/vintage-ceramic-mushroom-decor-inspiration/	1
ceramic wall decor ideas	wedding-event	Home Decor	1	23	23	2	8.7	3.43	ceramory.com/ceramic-wall-decor-ideas/	2
home decor ideas with ceramic plates	wedding-event	Home Decor	1	23	23	0	0	0	ceramory.com/home-decor-ideas-with-ceramic-plates/	0
ceramic mug decor	wedding-event	Home Decor	1	22	22	1	4.55	1.77	ceramory.com/ceramic-mug-decor/	1
vintage ceramic vase decor inspiration	product-specific	Home Decor	1	22	22	0	0	0	ceramory.com/vintage-ceramic-vase-decor-inspiration/	0
ceramic mask decor	wedding-event	Home Decor	1	21	21	0	0	0	ceramory.com/ceramic-mask-decor/	0
white vases decor ideas ceramic	wedding-event	Home Decor	1	20	20	2	10	3.78	ceramory.com/white-vases-decor-ideas-ceramic/	2
vintage kitchen decor with ceramic items	room-ideas	Home Decor	1	18	18	2	11.11	4.06	ceramory.com/vintage-kitchen-decor-with-ceramic-items/	2
yellow ceramic vase decor ideas	product-specific	Home Decor	1	18	18	1	5.56	2.03	ceramory.com/yellow-ceramic-vase-decor-ideas/	1
green ceramic vase decor ideas	product-specific	Home Decor	1	17	17	0	0	0	ceramory.com/green-ceramic-vase-decor-ideas/	0
ceramic dolphin decor ideas	wedding-event	Home Decor	1	16	16	2	12.5	4.39	ceramory.com/ceramic-dolphin-decor-ideas/	2
ceramic balls decor ideas	wedding-event	Home Decor	1	15	15	1	6.67	2.29	ceramory.com/ceramic-balls-decor-ideas/	1
red ceramic vase decor ideas	product-specific	Home Decor	1	15	15	1	6.67	2.29	ceramory.com/red-ceramic-vase-decor-ideas/	1
blue ceramic vase decor ideas	product-specific	Home Decor	1	14	14	0	0	0	ceramory.com/blue-ceramic-vase-decor-ideas/	0
ceramic planter decor inspiration	product-specific	Home Decor	1	14	14	2	14.29	4.8	ceramory.com/ceramic-planter-decor-inspiration/	2
ceramic butterfly decor ideas	wedding-event	Home Decor	1	13	13	2	15.38	5.03	ceramory.com/ceramic-butterfly-decor-ideas/	2
ceramic cat plate decor	wedding-event	Home Decor	1	12	12	0	0	0	ceramory.com/ceramic-cat-plate-decor/	0
home decor with ceramic plates	wedding-event	Home Decor	1	12	12	1	8.33	2.65	ceramory.com/home-decor-with-ceramic-plates/	1
vintage ceramic elephant decor ideas	wedding-event	Home Decor	1	12	12	0	0	0	ceramory.com/vintage-ceramic-elephant-decor-ideas/	0
vintage ceramic dog decor ideas	wedding-event	Home Decor	1	11	11	0	0	0	ceramory.com/vintage-ceramic-dog-decor-ideas/	0
ceramic lantern decor ideas	wedding-event	Home Decor	1	8	8	1	12.5	3.41	ceramory.com/ceramic-lantern-decor-ideas/	1
entryway wall ideas	room-ideas	Home Decor	2	849	425	32	3.77	2.83	artwallia.com/entryway-wall-ideas/	29
wall design	tattoo	Home Decor	1	281	281	7	2.49	1.74	artwallia.com/wall-design/	7
tall shower curtain ideas	product-specific	Home Decor	1	248	248	20	8.06	5.52	artwallia.com/tall-shower-curtain-ideas/	20
wall design ideas	tattoo	Home Decor	1	238	238	14	5.88	3.99	artwallia.com/wall-design-ideas/	14
wall bar	general	Home Decor	1	209	209	6	2.87	1.9	artwallia.com/wall-bar/	6
bedroom wall colors	room-ideas	Home Decor	1	160	160	0	0	0	artwallia.com/bedroom-wall-colors/	0
accent wall ideas	general	Home Decor	1	159	159	10	6.29	3.96	artwallia.com/accent-wall-ideas/	10
wall texture ideas	general	Home Decor	1	154	154	9	5.84	3.65	artwallia.com/wall-texture-ideas/	9
media wall ideas	general	Home Decor	2	161	81	9	5.59	3.05	artwallia.com/media-wall-ideas/	8
wall niche ideas	general	Home Decor	1	143	143	6	4.2	2.59	artwallia.com/wall-niche-ideas/	6
curtain tie back ideas	product-specific	Home Decor	1	106	106	12	11.32	6.56	artwallia.com/curtain-tie-back-ideas/	12
family picture wall ideas	general	Home Decor	2	117	59	1	0.85	0.43	artwallia.com/family-picture-wall-ideas/	1
large basement ideas	room-ideas	Home Decor	1	93	93	2	2.15	1.21	artwallia.com/large-basement-ideas/	2
wall moulding ideas	general	Home Decor	1	93	93	14	15.05	8.48	artwallia.com/wall-moulding-ideas/	14
divider wall	general	Home Decor	1	91	91	13	14.29	8.02	artwallia.com/divider-wall/	13
fireplace tv wall	general	Home Decor	2	260	130	7	2.69	1.63	firesidea.com/fireplace-tv-wall/	7
television wall ideas	general	Home Decor	1	82	82	0	0	0	artwallia.com/television-wall-ideas/	0
unique wall decor	wedding-event	Home Decor	1	82	82	2	2.44	1.34	artwallia.com/unique-wall-decor/	2
unfinished basement ideas	room-ideas	Home Decor	1	80	80	2	2.5	1.36	artwallia.com/unfinished-basement-ideas/	2
stairs wall decor ideas	wedding-event	Home Decor	1	74	74	1	1.35	0.72	artwallia.com/stairs-wall-decor-ideas/	1
staircase wall design	tattoo	Home Decor	1	71	71	0	0	0	artwallia.com/staircase-wall-design/	0
kitchen wall decor ideas	room-ideas	Home Decor	1	68	68	0	0	0	artwallia.com/kitchen-wall-decor-ideas/	0
paint wall ideas	diy-craft	Home Decor	1	68	68	1	1.47	0.77	artwallia.com/paint-wall-ideas/	1
small enclosed front porch ideas	general	Home Decor	1	60	60	1	1.67	0.85	artwallia.com/small-enclosed-front-porch-ideas/	1
wall colors	general	Home Decor	1	58	58	1	1.72	0.87	artwallia.com/wall-colors/	1
wall shelf ideas	product-specific	Home Decor	1	54	54	3	5.56	2.76	artwallia.com/wall-shelf-ideas/	3
home theater ideas basement	room-ideas	Home Decor	1	50	50	3	6	2.93	artwallia.com/home-theater-ideas-basement/	3
gas fireplace ideas	general	Home Decor	2	112	56	13	11.61	5.82	firesidea.com/gas-fireplace-ideas/	12
half wall panelling	general	Home Decor	1	48	48	0	0	0	artwallia.com/half-wall-panelling/	0
office nook ideas	room-ideas	Home Decor	1	47	47	3	6.38	3.06	artwallia.com/office-nook-ideas/	3
photo wall ideas	general	Home Decor	2	73	37	1	1.37	0.62	artwallia.com/photo-wall-ideas/	1
fireplace mantels ideas	general	Home Decor	1	45	45	2	4.44	2.11	artwallia.com/fireplace-mantels-ideas/	2
bathroom wall ideas	room-ideas	Home Decor	1	44	44	8	18.18	8.58	artwallia.com/bathroom-wall-ideas/	8
painted fireplace ideas	general	Home Decor	1	43	43	1	2.33	1.09	artwallia.com/painted-fireplace-ideas/	1
front porch column ideas	general	Home Decor	1	40	40	1	2.5	1.15	artwallia.com/front-porch-column-ideas/	1
wall paneling ideas	general	Home Decor	1	37	37	3	8.11	3.66	artwallia.com/wall-paneling-ideas/	3
dining room accent wall	room-ideas	Home Decor	1	35	35	0	0	0	artwallia.com/dining-room-accent-wall/	0
wall photo frame ideas	product-specific	Home Decor	1	34	34	0	0	0	artwallia.com/wall-photo-frame-ideas/	0
low ceiling basement ideas	room-ideas	Home Decor	1	33	33	0	0	0	artwallia.com/low-ceiling-basement-ideas/	0
wall molding design	tattoo	Home Decor	1	32	32	5	15.63	6.78	artwallia.com/wall-molding-design/	5
non working fireplace ideas	general	Home Decor	1	31	31	0	0	0	artwallia.com/non-working-fireplace-ideas/	0
foyer wall	general	Home Decor	1	26	26	0	0	0	artwallia.com/foyer-wall/	0
wall decor ideas	wedding-event	Home Decor	1	26	26	0	0	0	artwallia.com/wall-decor-ideas/	0
bedroom wall decor ideas	room-ideas	Home Decor	1	24	24	3	12.5	4.99	artwallia.com/bedroom-wall-decor-ideas/	3
wall covering ideas	general	Home Decor	1	24	24	2	8.33	3.33	artwallia.com/wall-covering-ideas/	2
window blind and curtain ideas	product-specific	Home Decor	1	24	24	0	0	0	artwallia.com/window-blind-and-curtain-ideas/	0
short medium hairstyle women	hair-beauty	Hair/Beauty	1	29	29	0	0	0	shearyo.com/short-medium-hairstyle-women/	0
gray hair color ideas	hair-beauty	Hair/Beauty	1	27	27	1	3.7	13.19	shearyo.com/gray-hair-color-ideas/	1
half up half down bow hairstyle	hair-beauty	Hair/Beauty	1	23	23	1	4.35	14.79	shearyo.com/half-up-half-down-bow-hairstyle/	1
soft summer hair color	hair-beauty	Hair/Beauty	1	20	20	0	0	0	shearyo.com/soft-summer-hair-color/	0
mens mullet hairstyle modern	hair-beauty	Hair/Beauty	1	18	18	0	0	0	shearyo.com/mens-mullet-hairstyle-modern/	0
curly hair color ideas	hair-beauty	Hair/Beauty	1	14	14	0	0	0	shearyo.com/curly-hair-color-ideas/	0
dark brunette hair color	hair-beauty	Hair/Beauty	1	14	14	0	0	0	shearyo.com/dark-brunette-hair-color/	0
two tone hair color	hair-beauty	Hair/Beauty	1	13	13	0	0	0	shearyo.com/two-tone-hair-color/	0
farmhouse interior doors	general	Home Decor	1	545	545	35	6.42	5.02	farmsteadra.com/farmhouse-interior-doors/	35
backyard low deck ideas	room-ideas	Home Decor	1	127	127	3	2.36	1.42	farmsteadra.com/backyard-low-deck-ideas/	3
farmhouse porch railing	general	Home Decor	1	108	108	7	6.48	3.77	farmsteadra.com/farmhouse-porch-railing/	7
farmhouse shower	general	Home Decor	1	100	100	5	5	2.86	farmsteadra.com/farmhouse-shower/	5
farmhouse stairs	general	Home Decor	1	90	90	15	16.67	9.33	farmsteadra.com/farmhouse-stairs/	15
farmhouse fence	general	Home Decor	1	75	75	1	1.33	0.71	farmsteadra.com/farmhouse-fence/	1
hot wheels bedroom ideas	room-ideas	Home Decor	2	190	95	20	10.53	5.96	farmsteadra.com/hot-wheels-bedroom-ideas/	10
modern farmhouse living room ideas	room-ideas	Home Decor	1	71	71	1	1.41	0.75	farmsteadra.com/modern-farmhouse-living-room-ideas/	1
taupe sofa living room ideas	product-specific	Home Decor	1	71	71	5	7.04	3.73	farmsteadra.com/taupe-sofa-living-room-ideas/	5
farmhouse ceiling	general	Home Decor	1	60	60	8	13.33	6.8	farmsteadra.com/farmhouse-ceiling/	8
farmhouse mailboxes	general	Home Decor	1	60	60	0	0	0	farmsteadra.com/farmhouse-mailboxes/	0
white farmhouse exterior	general	Home Decor	1	59	59	2	3.39	1.72	farmsteadra.com/white-farmhouse-exterior/	2
peach bathroom ideas	room-ideas	Home Decor	1	54	54	3	5.56	2.76	farmsteadra.com/peach-bathroom-ideas/	3
farmhouse entryway	room-ideas	Home Decor	1	45	45	0	0	0	farmsteadra.com/farmhouse-entryway/	0
modern farmhouse exterior	general	Home Decor	1	43	43	0	0	0	farmsteadra.com/modern-farmhouse-exterior/	0
farmhouse pool	general	Home Decor	1	42	42	1	2.38	1.11	farmsteadra.com/farmhouse-pool/	1
farmhouse table centerpieces	general	Home Decor	1	42	42	0	0	0	farmsteadra.com/farmhouse-table-centerpieces/	0
slat wall ideas living room	room-ideas	Home Decor	2	90	45	4	4.44	2.11	roomblr.com/slat-wall-ideas-living-room/	4
farmhouse patio	room-ideas	Home Decor	1	32	32	1	3.13	1.36	farmsteadra.com/farmhouse-patio/	1
farmhouse master bath	general	Home Decor	1	31	31	0	0	0	farmsteadra.com/farmhouse-master-bath/	0
backyard pool furniture ideas	room-ideas	Home Decor	1	30	30	4	13.33	5.68	farmsteadra.com/backyard-pool-furniture-ideas/	4
black and wood bathroom ideas	room-ideas	Home Decor	1	27	27	1	3.7	1.53	farmsteadra.com/black-and-wood-bathroom-ideas/	1
soccer bedroom ideas	room-ideas	Home Decor	1	27	27	9	33.33	13.78	farmsteadra.com/soccer-bedroom-ideas/	9
small bathroom with corner shower ideas	room-ideas	Home Decor	1	23	23	0	0	0	farmsteadra.com/small-bathroom-with-corner-shower-ideas/	0
small open kitchen ideas	room-ideas	Home Decor	1	23	23	2	8.7	3.43	farmsteadra.com/small-open-kitchen-ideas/	2
texas backyard patio ideas	room-ideas	Home Decor	1	23	23	0	0	0	farmsteadra.com/texas-backyard-patio-ideas/	0
backyard multi level deck ideas	room-ideas	Home Decor	1	20	20	0	0	0	farmsteadra.com/backyard-multi-level-deck-ideas/	0
farmhouse front porches	general	Home Decor	1	19	19	0	0	0	farmsteadra.com/farmhouse-front-porches/	0
blue and green bedroom ideas	room-ideas	Home Decor	1	18	18	1	5.56	2.03	farmsteadra.com/blue-and-green-bedroom-ideas/	1
farmhouse powder room	general	Home Decor	1	18	18	1	5.56	2.03	farmsteadra.com/farmhouse-powder-room/	1
farmhouse small bathroom ideas	room-ideas	Home Decor	1	18	18	0	0	0	farmsteadra.com/farmhouse-small-bathroom-ideas/	0
farmhouse style curtains	product-specific	Home Decor	1	18	18	0	0	0	farmsteadra.com/farmhouse-style-curtains/	0
bathroom hand towel holder ideas	product-specific	Home Decor	1	16	16	0	0	0	farmsteadra.com/bathroom-hand-towel-holder-ideas/	0
black and white bathroom tile ideas	room-ideas	Home Decor	1	16	16	2	12.5	4.39	farmsteadra.com/black-and-white-bathroom-tile-ideas/	2
minecraft farmhouse	pop-culture	Home Decor	1	15	15	0	0	0	farmsteadra.com/minecraft-farmhouse/	0
backyard pool and fire pit ideas	room-ideas	Home Decor	1	14	14	0	0	0	farmsteadra.com/backyard-pool-and-fire-pit-ideas/	0
farmhouse kitchen curtains	product-specific	Home Decor	1	13	13	1	7.69	2.52	farmsteadra.com/farmhouse-kitchen-curtains/	1
red bathroom ideas	room-ideas	Home Decor	2	30	15	2	6.67	2.29	floriadecor.com/red-bathroom-ideas/	2
farmhouse island kitchen	room-ideas	Home Decor	1	12	12	1	8.33	2.65	farmsteadra.com/farmhouse-island-kitchen/	1
square backyard ideas	room-ideas	Home Decor	1	11	11	0	0	0	farmsteadra.com/square-backyard-ideas/	0
white kitchen flooring ideas	room-ideas	Home Decor	1	11	11	0	0	0	farmsteadra.com/white-kitchen-flooring-ideas/	0
farmhouse fireplace	general	Home Decor	1	10	10	1	10	2.97	farmsteadra.com/farmhouse-fireplace/	1
diy farmhouse decor	diy-craft	Home Decor	1	9	9	3	33.33	9.52	farmsteadra.com/diy-farmhouse-decor/	3
minimalist condo	general	Lifestyle	1	73	73	2	2.74	1.43	minimalura.com/minimalist-condo/	2
minimalist fireplace	general	Lifestyle	1	51	51	2	3.92	1.88	minimalura.com/minimalist-fireplace/	2
low ceiling kitchen ideas	room-ideas	Lifestyle	1	44	44	1	2.27	1.05	minimalura.com/low-ceiling-kitchen-ideas/	1
brown and teal living room ideas	room-ideas	Lifestyle	1	37	37	2	5.41	2.39	minimalura.com/brown-and-teal-living-room-ideas/	2
minimalist tv wall design	tattoo	Lifestyle	1	37	37	0	0	0	minimalura.com/minimalist-tv-wall-design/	0
small minimalist bedroom	room-ideas	Lifestyle	1	37	37	0	0	0	minimalura.com/small-minimalist-bedroom/	0
minimalist homescreen	general	Lifestyle	1	32	32	0	0	0	minimalura.com/minimalist-homescreen/	0
bedroom cabinet ideas	product-specific	Lifestyle	1	26	26	1	3.85	1.54	minimalura.com/bedroom-cabinet-ideas/	1
kitchen sitting area ideas	room-ideas	Lifestyle	1	26	26	4	15.38	6.17	minimalura.com/kitchen-sitting-area-ideas/	4
minimalist bedroom	room-ideas	Lifestyle	1	26	26	0	0	0	minimalura.com/minimalist-bedroom/	0
living room floor vase decor ideas	product-specific	Lifestyle	1	25	25	0	0	0	minimalura.com/living-room-floor-vase-decor-ideas/	0
minimalist classroom decor	wedding-event	Lifestyle	1	25	25	0	0	0	minimalura.com/minimalist-classroom-decor/	0
minimalist entryway	room-ideas	Lifestyle	1	21	21	0	0	0	minimalura.com/minimalist-entryway/	0
minimalist fence	general	Lifestyle	1	21	21	6	28.57	10.74	minimalura.com/minimalist-fence/	6
minimalist studio apartment	general	Lifestyle	1	21	21	0	0	0	minimalura.com/minimalist-studio-apartment/	0
minimalist birthday decor	wedding-event	Lifestyle	1	20	20	1	5	1.85	minimalura.com/minimalist-birthday-decor/	1
minimalist desk	general	Lifestyle	1	18	18	0	0	0	minimalura.com/minimalist-desk/	0
minimalist game room	general	Lifestyle	1	18	18	0	0	0	minimalura.com/minimalist-game-room/	0
minimalist kitchen essentials	room-ideas	Lifestyle	1	18	18	5	27.78	9.95	minimalura.com/minimalist-kitchen-essentials/	5
modern vintage bedroom ideas	room-ideas	Lifestyle	1	18	18	0	0	0	minimalura.com/modern-vintage-bedroom-ideas/	0
minimalist bookshelf	general	Lifestyle	1	17	17	4	23.53	8.27	minimalura.com/minimalist-bookshelf/	4
moroccan living room ideas	room-ideas	Lifestyle	1	17	17	0	0	0	minimalura.com/moroccan-living-room-ideas/	0
minimalist living room	room-ideas	Lifestyle	1	16	16	0	0	0	minimalura.com/minimalist-living-room/	0
leopard living room ideas	room-ideas	Lifestyle	1	14	14	1	7.14	2.35	minimalura.com/leopard-living-room-ideas/	1
minimalist checklist	general	Lifestyle	1	14	14	0	0	0	minimalura.com/minimalist-checklist/	0
minimalist wall decor ideas	wedding-event	Lifestyle	1	14	14	1	7.14	2.35	minimalura.com/minimalist-wall-decor-ideas/	1
minimalist office	room-ideas	Lifestyle	1	13	13	0	0	0	minimalura.com/minimalist-office/	0
chocolate sofa living room ideas	product-specific	Lifestyle	1	12	12	1	8.33	2.6	minimalura.com/chocolate-sofa-living-room-ideas/	1
minimalist apartment	general	Lifestyle	1	12	12	0	0	0	minimalura.com/minimalist-apartment/	0
minimalist centerpieces	general	Lifestyle	1	12	12	1	8.33	2.6	minimalura.com/minimalist-centerpieces/	1
kitchen scullery ideas	room-ideas	Lifestyle	1	11	11	0	0	0	minimalura.com/kitchen-scullery-ideas/	0
country rustic bedroom ideas	room-ideas	Lifestyle	1	8	8	1	12.5	3.34	minimalura.com/country-rustic-bedroom-ideas/	1
candle stick decor ideas dining table	room-ideas	Home Decor	1	35	35	0	0	0	lumelith.com/candle-stick-decor-ideas-dining-table/	0
candle wall sconces decor ideas	product-specific	Home Decor	1	34	34	2	5.88	2.59	lumelith.com/candle-wall-sconces-decor-ideas/	2
candle tray decor living rooms	wedding-event	Home Decor	1	15	15	1	6.67	2.29	lumelith.com/candle-tray-decor-living-rooms/	1
taper candle stick decor ideas	wedding-event	Home Decor	1	15	15	0	0	0	lumelith.com/taper-candle-stick-decor-ideas/	0
gold candle holder decor ideas	product-specific	Home Decor	1	14	14	0	0	0	lumelith.com/gold-candle-holder-decor-ideas/	0
hobby lobby candle decor ideas	wedding-event	Home Decor	1	14	14	0	0	0	lumelith.com/hobby-lobby-candle-decor-ideas/	0
black candle stick decor ideas	wedding-event	Home Decor	1	15	15	0	0	0	lumelith.com/black-candle-stick-decor-ideas/	0
diy candle holders for home decor	diy-craft	Home Decor	1	13	13	2	15.38	5.03	lumelith.com/diy-candle-holders-for-home-decor/	2
living room candle decor	room-ideas	Home Decor	1	13	13	0	0	0	lumelith.com/living-room-candle-decor/	0
bathroom candle decor ideas	room-ideas	Home Decor	1	12	12	0	0	0	lumelith.com/bathroom-candle-decor-ideas/	0
flower and candle dining table decor	room-ideas	Home Decor	1	12	12	2	16.67	5.3	lumelith.com/flower-and-candle-dining-table-decor/	2
large candle holders decor centerpiece ideas	wedding-event	Home Decor	1	12	12	0	0	0	lumelith.com/large-candle-holders-decor-centerpiece-ideas/	0
home decor ideas with wooden candle holders	wedding-event	Home Decor	1	11	11	1	9.09	2.8	lumelith.com/home-decor-ideas-with-wooden-candle-holders/	1
rustic wall decor with candle and vase	product-specific	Home Decor	1	13	13	1	7.69	2.52	lumelith.com/rustic-wall-decor-with-candle-and-vase/	1
black candle holder decor ideas	product-specific	Home Decor	1	10	10	1	10	2.97	lumelith.com/black-candle-holder-decor-ideas/	1
candle and greenery table decor	wedding-event	Home Decor	1	8	8	1	12.5	3.41	lumelith.com/candle-and-greenery-table-decor/	1
rose gold candle decor ideas	wedding-event	Home Decor	1	2	2	3	150	20.44	lumelith.com/rose-gold-candle-decor-ideas/	3
candle stick christmas decor ideas	wedding-event	Home Decor	1	1	1	1	100	8.6	lumelith.com/candle-stick-christmas-decor-ideas/	1
upcycled denim home decor ideas	wedding-event	Home Decor	1	115	115	3	2.61	1.54	terrapurely.com/upcycled-denim-home-decor-ideas/	3
home decor with recycled bottles	wedding-event	Home Decor	1	116	116	4	3.45	2.04	terrapurely.com/home-decor-with-recycled-bottles/	4
cozy home bar with wooden decor	wedding-event	Home Decor	1	111	111	7	6.31	3.69	terrapurely.com/cozy-home-bar-with-wooden-decor/	7
recycled glass home decor ideas	wedding-event	Home Decor	1	75	75	0	0	0	terrapurely.com/recycled-glass-home-decor-ideas/	0
eco friendly shower curtain	product-specific	Home Decor	1	72	72	0	0	0	terrapurely.com/eco-friendly-shower-curtain/	0
home bar decor ideas accent walls	wedding-event	Home Decor	1	70	70	1	1.43	0.76	terrapurely.com/home-bar-decor-ideas-accent-walls/	1
glass cabinet with decorative vases	product-specific	Home Decor	1	63	63	1	1.59	0.82	terrapurely.com/glass-cabinet-with-decorative-vases/	1
home bar wall decor	wedding-event	Home Decor	1	60	60	2	3.33	1.7	terrapurely.com/home-bar-wall-decor/	2
bar counter top decor ideas home	outfit-style	Home Decor	1	58	58	2	3.45	1.75	terrapurely.com/bar-counter-top-decor-ideas-home/	2
small bar decor ideas home	wedding-event	Home Decor	1	53	53	1	1.89	0.94	terrapurely.com/small-bar-decor-ideas-home/	1
modern home bar with rustic decor	wedding-event	Home Decor	1	52	52	2	3.85	1.9	terrapurely.com/modern-home-bar-with-rustic-decor/	2
zen office decor ideas work spaces	room-ideas	Home Decor	1	53	53	1	1.89	0.94	terrapurely.com/zen-office-decor-ideas-work-spaces/	1
retro home bar decor ideas	wedding-event	Home Decor	1	51	51	3	5.88	2.88	terrapurely.com/retro-home-bar-decor-ideas/	3
cozy home bar with rustic decor	wedding-event	Home Decor	1	44	44	1	2.27	1.07	terrapurely.com/cozy-home-bar-with-rustic-decor/	1
home sports bar decor ideas	wedding-event	Home Decor	1	42	42	2	4.76	2.22	terrapurely.com/home-sports-bar-decor-ideas/	2
zen room ideas meditation decor	wedding-event	Home Decor	1	37	37	6	16.22	7.32	terrapurely.com/zen-room-ideas-meditation-decor/	6
diy home bar decor ideas	diy-craft	Home Decor	1	35	35	0	0	0	terrapurely.com/diy-home-bar-decor-ideas/	0
decorative glass vases on display	general	Home Decor	1	29	29	0	0	0	terrapurely.com/decorative-glass-vases-on-display/	0
decorative vases and pitcher on table	general	Home Decor	1	21	21	1	4.76	1.83	terrapurely.com/decorative-vases-and-pitcher-on-table/	1
luxury home bar with wooden decor	wedding-event	Home Decor	1	19	19	0	0	0	terrapurely.com/luxury-home-bar-with-wooden-decor/	0
zen lotus lamp decor ideas	product-specific	Home Decor	1	18	18	0	0	0	terrapurely.com/zen-lotus-lamp-decor-ideas/	0
decorative bookshelf with vases and candles	general	Home Decor	1	16	16	0	0	0	terrapurely.com/decorative-bookshelf-with-vases-and-candles/	0
decorative glass vases with lace and ribbon	general	Home Decor	1	16	16	1	6.25	2.2	terrapurely.com/decorative-glass-vases-with-lace-and-ribbon/	1
eco friendly house plans	general	Home Decor	1	16	16	0	0	0	terrapurely.com/eco-friendly-house-plans/	0
diy room decor recycled	diy-craft	Home Decor	1	14	14	0	0	0	terrapurely.com/diy-room-decor-recycled/	0
home bar with pirate decor	wedding-event	Home Decor	1	13	13	5	38.46	12.59	terrapurely.com/home-bar-with-pirate-decor/	5
zen living room decor boho meditation space	room-ideas	Home Decor	1	13	13	3	23.08	7.56	terrapurely.com/zen-living-room-decor-boho-meditation-space/	3
decorative kitchen shelves with vases	product-specific	Home Decor	1	12	12	3	25	7.95	terrapurely.com/decorative-kitchen-shelves-with-vases/	3
ideas for sustainable office decor	room-ideas	Home Decor	1	11	11	0	0	0	terrapurely.com/ideas-for-sustainable-office-decor/	0
tabletop decor ideas dining rooms	room-ideas	Home Decor	1	11	11	1	9.09	2.8	terrapurely.com/tabletop-decor-ideas-dining-rooms/	1
white bedding decor ideas	wedding-event	Home Decor	1	8	8	2	25	6.81	terrapurely.com/white-bedding-decor-ideas/	2
grey bedding decor ideas	wedding-event	Home Decor	1	4	4	1	25	4.99	terrapurely.com/grey-bedding-decor-ideas/	1
backyard waterfall ideas diy	room-ideas	Home Decor	1	398	398	39	9.8	7.28	rugsora.com/backyard-waterfall-ideas-diy/	39
door mat ideas diy rugs	product-specific	Home Decor	1	289	289	6	2.08	1.46	rugsora.com/door-mat-ideas-diy-rugs/	6
two rugs in one room	general	Home Decor	1	200	200	1	0.5	0.33	rugsora.com/two-rugs-in-one-room/	1
layered rugs	general	Home Decor	1	190	190	0	0	0	rugsora.com/layered-rugs/	0
rugs on top of carpet	outfit-style	Home Decor	1	166	166	2	1.2	0.76	rugsora.com/rugs-on-top-of-carpet/	2
beautiful small backyard ideas	room-ideas	Home Decor	1	140	140	6	4.29	2.63	rugsora.com/beautiful-small-backyard-ideas/	6
rugs for grey couch	product-specific	Home Decor	1	121	121	9	7.44	4.43	rugsora.com/rugs-for-grey-couch/	9
ikea rugs living room	room-ideas	Home Decor	1	97	97	14	14.43	8.21	rugsora.com/ikea-rugs-living-room/	14
wall rugs hanging living rooms	general	Home Decor	1	85	85	2	2.35	1.3	rugsora.com/wall-rugs-hanging-living-rooms/	2
dining room rugs dark table	room-ideas	Home Decor	1	68	68	12	17.65	9.27	rugsora.com/dining-room-rugs-dark-table/	12
rugs with brown leather couch	product-specific	Home Decor	1	61	61	18	29.51	15.11	rugsora.com/rugs-with-brown-leather-couch/	18
rugs for dark wood floors	general	Home Decor	1	56	56	1	1.79	0.9	rugsora.com/rugs-for-dark-wood-floors/	1
futon bedroom ideas	room-ideas	Home Decor	1	50	50	6	12	5.85	rugsora.com/futon-bedroom-ideas/	6
outdoor rugs porch	general	Home Decor	1	49	49	4	8.16	3.96	rugsora.com/outdoor-rugs-porch/	4
dormer bedroom ideas	room-ideas	Home Decor	1	46	46	0	0	0	rugsora.com/dormer-bedroom-ideas/	0
small boho bathroom ideas	room-ideas	Home Decor	1	46	46	0	0	0	rugsora.com/small-boho-bathroom-ideas/	0
rugs that go with sea salt paint	diy-craft	Home Decor	1	40	40	11	27.5	12.67	rugsora.com/rugs-that-go-with-sea-salt-paint/	11
coordinating rugs	general	Home Decor	1	38	38	0	0	0	rugsora.com/coordinating-rugs/	0
layering rugs	general	Home Decor	1	38	38	0	0	0	rugsora.com/layering-rugs/	0
shed bedroom ideas	room-ideas	Home Decor	1	36	36	1	2.78	1.25	rugsora.com/shed-bedroom-ideas/	1
rugs ideas	general	Home Decor	1	34	34	1	2.94	1.3	rugsora.com/rugs-ideas/	1
office rugs ideas	room-ideas	Home Decor	1	33	33	0	0	0	rugsora.com/office-rugs-ideas/	0
kitchen wall cabinet ideas	product-specific	Home Decor	1	32	32	1	3.13	1.36	rugsora.com/kitchen-wall-cabinet-ideas/	1
treadmill in living room ideas	room-ideas	Home Decor	2	210	105	6	2.86	1.65	roomwaves.com/treadmill-in-living-room-ideas/	6
bathroom sliding door ideas	room-ideas	Home Decor	1	28	28	1	3.57	1.49	rugsora.com/bathroom-sliding-door-ideas/	1
cozy rugs for bedroom	room-ideas	Home Decor	1	28	28	2	7.14	2.98	rugsora.com/cozy-rugs-for-bedroom/	2
dining room rugs	room-ideas	Home Decor	1	28	28	10	35.71	14.92	rugsora.com/dining-room-rugs/	10
masculine kitchen ideas	room-ideas	Home Decor	1	27	27	0	0	0	rugsora.com/masculine-kitchen-ideas/	0
beige curtains living room ideas	product-specific	Home Decor	1	26	26	0	0	0	rugsora.com/beige-curtains-living-room-ideas/	0
small dark kitchen ideas	room-ideas	Home Decor	1	25	25	0	0	0	rugsora.com/small-dark-kitchen-ideas/	0
dark color bathroom ideas	room-ideas	Home Decor	1	23	23	0	0	0	rugsora.com/dark-color-bathroom-ideas/	0
entryway rugs ideas	room-ideas	Home Decor	1	23	23	0	0	0	rugsora.com/entryway-rugs-ideas/	0
kitchen bulkhead ideas	room-ideas	Home Decor	1	23	23	0	0	0	rugsora.com/kitchen-bulkhead-ideas/	0
rugs with caramel couch	product-specific	Home Decor	1	22	22	3	13.64	5.31	rugsora.com/rugs-with-caramel-couch/	3
bath rugs ideas	general	Home Decor	1	21	21	4	19.05	7.3	rugsora.com/bath-rugs-ideas/	4
cute carpets bedrooms	general	Home Decor	1	21	21	3	14.29	5.48	rugsora.com/cute-carpets-bedrooms/	3
rugs with black leather couch	product-specific	Home Decor	1	20	20	0	0	0	rugsora.com/rugs-with-black-leather-couch/	0
living room with rugs	room-ideas	Home Decor	1	19	19	0	0	0	rugsora.com/living-room-with-rugs/	0
rugs for bedroom	room-ideas	Home Decor	1	19	19	1	5.26	1.95	rugsora.com/rugs-for-bedroom/	1
outdoor rugs	general	Home Decor	1	18	18	0	0	0	rugsora.com/outdoor-rugs/	0
rugs for beige couch	product-specific	Home Decor	1	17	17	0	0	0	rugsora.com/rugs-for-beige-couch/	0
rugs that go with evergreen fog	general	Home Decor	1	17	17	1	5.88	2.11	rugsora.com/rugs-that-go-with-evergreen-fog/	1
bathroom carpet ideas rugs	room-ideas	Home Decor	1	16	16	0	0	0	rugsora.com/bathroom-carpet-ideas-rugs/	0
jute rugs in living room	room-ideas	Home Decor	1	16	16	0	0	0	rugsora.com/jute-rugs-in-living-room/	0
rugs in bedroom modern	room-ideas	Home Decor	1	16	16	0	0	0	rugsora.com/rugs-in-bedroom-modern/	0
sims 4 rugs cc	general	Home Decor	1	16	16	1	6.25	2.2	rugsora.com/sims-4-rugs-cc/	1
bathroom rugs ideas master	room-ideas	Home Decor	1	15	15	3	20	6.88	rugsora.com/bathroom-rugs-ideas-master/	3
hallway rugs ideas	room-ideas	Home Decor	1	15	15	0	0	0	rugsora.com/hallway-rugs-ideas/	0
japanese bathroom ideas	room-ideas	Home Decor	1	15	15	1	6.67	2.29	rugsora.com/japanese-bathroom-ideas/	1
pillows on gray couch	product-specific	Home Decor	1	34	34	1	2.94	1.3	pillovio.com/pillows-on-gray-couch/	1
brown leather couch pillows	product-specific	Home Decor	1	24	24	2	8.33	3.33	pillovio.com/brown-leather-couch-pillows/	2
throws on beds ideas	general	Home Decor	1	24	24	2	8.33	3.33	pillovio.com/throws-on-beds-ideas/	2
beige sofa with pillows	product-specific	Home Decor	1	22	22	0	0	0	pillovio.com/beige-sofa-with-pillows/	0
throw pillows for taupe couch	product-specific	Home Decor	1	22	22	1	4.55	1.77	pillovio.com/throw-pillows-for-taupe-couch/	1
grey couch with pillows	product-specific	Home Decor	1	21	21	0	0	0	pillovio.com/grey-couch-with-pillows/	0
outdoor pillows ideas color schemes	hair-beauty	Home Decor	1	20	20	0	0	0	pillovio.com/outdoor-pillows-ideas-color-schemes/	0
pillows for dark grey couch	product-specific	Home Decor	1	20	20	1	5	1.89	pillovio.com/pillows-for-dark-grey-couch/	1
sofa decorating ideas pillows	product-specific	Home Decor	1	16	16	0	0	0	pillovio.com/sofa-decorating-ideas-pillows/	0
decorative pillows for blue couch	product-specific	Home Decor	1	14	14	0	0	0	pillovio.com/decorative-pillows-for-blue-couch/	0
gray couch with green pillows	product-specific	Home Decor	1	14	14	1	7.14	2.4	pillovio.com/gray-couch-with-green-pillows/	1
throw pillows for black couch	product-specific	Home Decor	1	14	14	0	0	0	pillovio.com/throw-pillows-for-black-couch/	0
grey sofa with pillows	product-specific	Home Decor	1	13	13	0	0	0	pillovio.com/grey-sofa-with-pillows/	0
bench with pillows	general	Home Decor	1	12	12	0	0	0	pillovio.com/bench-with-pillows/	0
outdoor pillows ideas color schemes blue	hair-beauty	Home Decor	1	11	11	3	27.27	8.41	pillovio.com/outdoor-pillows-ideas-color-schemes-blue/	3
pillows for grey sofa	product-specific	Home Decor	1	11	11	2	18.18	5.6	pillovio.com/pillows-for-grey-sofa/	2
throw pillows for navy blue couch	product-specific	Home Decor	1	11	11	0	0	0	pillovio.com/throw-pillows-for-navy-blue-couch/	0
green couch with pillows	product-specific	Home Decor	1	7	7	1	14.29	3.69	pillovio.com/green-couch-with-pillows/	1
white couch pillows ideas	product-specific	Home Decor	1	4	4	2	50	9.98	pillovio.com/white-couch-pillows-ideas/	2
living room mirror decor ideas	product-specific	Home Decor	1	128	128	8	6.25	3.77	mirrorahome.com/living-room-mirror-decor-ideas/	8
full length mirror decor ideas diy	product-specific	Home Decor	1	109	109	1	0.92	0.54	mirrorahome.com/full-length-mirror-decor-ideas-diy/	1
entryway wall decor with mirror	product-specific	Home Decor	1	40	40	2	5	2.3	mirrorahome.com/entryway-wall-decor-with-mirror/	2
small wall mirror decor ideas	product-specific	Home Decor	1	40	40	1	2.5	1.15	mirrorahome.com/small-wall-mirror-decor-ideas/	1
buffet table ideas decor with mirror	product-specific	Home Decor	1	23	23	1	4.35	1.71	mirrorahome.com/buffet-table-ideas-decor-with-mirror/	1
entryway table decor arched mirror	product-specific	Home Decor	1	22	22	0	0	0	mirrorahome.com/entryway-table-decor-arched-mirror/	0
wall with mirror decor ideas	product-specific	Home Decor	1	22	22	6	27.27	10.61	mirrorahome.com/wall-with-mirror-decor-ideas/	6
full length mirror decor ideas entryway	product-specific	Home Decor	1	21	21	0	0	0	mirrorahome.com/full-length-mirror-decor-ideas-entryway/	0
wall mirror decor ideas	product-specific	Home Decor	1	20	20	0	0	0	mirrorahome.com/wall-mirror-decor-ideas/	0
fireplace mantle decor with mirror mantel ideas candles	product-specific	Home Decor	1	15	15	1	6.67	2.29	mirrorahome.com/fireplace-mantle-decor-with-mirror-mantel-ideas-candles/	1
mirror wall decor ideas	product-specific	Home Decor	2	71	36	5	7.04	3.14	artevohome.com/mirror-wall-decor-ideas/	5
round mirror tray decor ideas	product-specific	Home Decor	1	13	13	0	0	0	mirrorahome.com/round-mirror-tray-decor-ideas/	0
tall mirror in living room decor	product-specific	Home Decor	1	13	13	0	0	0	mirrorahome.com/tall-mirror-in-living-room-decor/	0
mirror wall decor with pictures	product-specific	Home Decor	1	12	12	0	0	0	mirrorahome.com/mirror-wall-decor-with-pictures/	0
round mirror decor ideas dining rooms	product-specific	Home Decor	1	12	12	0	0	0	mirrorahome.com/round-mirror-decor-ideas-dining-rooms/	0
sunburst mirror wall decor ideas	product-specific	Home Decor	1	15	15	8	53.33	18.34	mirrorahome.com/sunburst-mirror-wall-decor-ideas/	8
mirror table decor wedding centerpiece ideas	product-specific	Home Decor	1	9	9	4	44.44	12.69	mirrorahome.com/mirror-table-decor-wedding-centerpiece-ideas/	4
floor mirror decor ideas	product-specific	Home Decor	1	8	8	1	12.5	3.41	mirrorahome.com/floor-mirror-decor-ideas/	1
small mirror wall decor ideas bedroom	product-specific	Home Decor	1	8	8	2	25	6.81	mirrorahome.com/small-mirror-wall-decor-ideas-bedroom/	2
cathedral mirror wall decor ideas	product-specific	Home Decor	1	7	7	1	14.29	3.69	mirrorahome.com/cathedral-mirror-wall-decor-ideas/	1
full length mirror decor ideas	product-specific	Home Decor	1	14	14	1	7.14	2.4	mirrorahome.com/full-length-mirror-decor-ideas/	1
mantel decor with mirror	product-specific	Home Decor	1	7	7	1	14.29	3.69	mirrorahome.com/mantel-decor-with-mirror/	1
small mirror wall decor ideas	product-specific	Home Decor	1	5	5	3	60	13.34	mirrorahome.com/small-mirror-wall-decor-ideas/	3
outdoor brick wall decor ideas	wedding-event	Kitchen	1	30	30	1	3.33	4.22	stylekitcheny.com/outdoor-brick-wall-decor-ideas/	1
under basement stairs ideas	room-ideas	Kitchen	1	26	26	1	3.85	4.68	stylekitcheny.com/under-basement-stairs-ideas/	1
small kitchen table ideas	room-ideas	Kitchen	1	17	17	2	11.76	12.53	stylekitcheny.com/small-kitchen-table-ideas/	2
basement pole wrap ideas	room-ideas	Kitchen	1	15	15	2	13.33	13.63	stylekitcheny.com/basement-pole-wrap-ideas/	2
basement room divider ideas	room-ideas	Kitchen	1	14	14	2	14.29	14.27	stylekitcheny.com/basement-room-divider-ideas/	2
basement small bathroom ideas	room-ideas	Kitchen	1	13	13	0	0	0	stylekitcheny.com/basement-small-bathroom-ideas/	0
arched wall decor ideas	wedding-event	Kitchen	1	12	12	0	0	0	stylekitcheny.com/arched-wall-decor-ideas/	0
chimney kitchen ideas	room-ideas	Kitchen	1	12	12	0	0	0	stylekitcheny.com/chimney-kitchen-ideas/	0
unique kitchen backsplash ideas	room-ideas	Kitchen	1	12	12	2	16.67	15.77	stylekitcheny.com/unique-kitchen-backsplash-ideas/	2
basement floor ideas	room-ideas	Kitchen	1	8	8	3	37.5	30.38	stylekitcheny.com/basement-floor-ideas/	3
small kitchen island ideas	room-ideas	Kitchen	1	7	7	1	14.29	10.96	stylekitcheny.com/small-kitchen-island-ideas/	1
small patio garden ideas	room-ideas	Garden/Outdoor	1	160	160	15	9.38	5.16	yardzeno.com/small-patio-garden-ideas/	15
front yard florida landscaping ideas	general	Garden/Outdoor	1	105	105	1	0.95	0.48	yardzeno.com/front-yard-florida-landscaping-ideas/	1
large garden ideas	room-ideas	Garden/Outdoor	1	100	100	2	2	1	yardzeno.com/large-garden-ideas/	2
square garden design	room-ideas	Garden/Outdoor	1	87	87	3	3.45	1.67	yardzeno.com/square-garden-design/	3
small front garden ideas	room-ideas	Garden/Outdoor	1	84	84	2	2.38	1.14	yardzeno.com/small-front-garden-ideas/	2
homemade garden decorations	room-ideas	Garden/Outdoor	1	76	76	0	0	0	yardzeno.com/homemade-garden-decorations/	0
sloped front yard landscaping ideas	general	Garden/Outdoor	1	73	73	2	2.74	1.28	yardzeno.com/sloped-front-yard-landscaping-ideas/	2
shed landscaping ideas	general	Garden/Outdoor	1	72	72	1	1.39	0.65	yardzeno.com/shed-landscaping-ideas/	1
memorial garden ideas	room-ideas	Garden/Outdoor	1	69	69	2	2.9	1.33	yardzeno.com/memorial-garden-ideas/	2
small yard no grass ideas	general	Garden/Outdoor	1	69	69	0	0	0	yardzeno.com/small-yard-no-grass-ideas/	0
small garden waterfalls	room-ideas	Garden/Outdoor	1	67	67	8	11.94	5.46	yardzeno.com/small-garden-waterfalls/	8
italian garden ideas	room-ideas	Garden/Outdoor	1	61	61	1	1.64	0.73	yardzeno.com/italian-garden-ideas/	1
garden border ideas	room-ideas	Garden/Outdoor	1	59	59	5	8.47	3.76	yardzeno.com/garden-border-ideas/	5
hot tub garden	room-ideas	Garden/Outdoor	1	49	49	3	6.12	2.59	yardzeno.com/hot-tub-garden/	3
rooftop garden ideas	room-ideas	Garden/Outdoor	1	46	46	3	6.52	2.72	yardzeno.com/rooftop-garden-ideas/	3
small front yard landscaping ideas townhouse	general	Garden/Outdoor	1	38	38	0	0	0	yardzeno.com/small-front-yard-landscaping-ideas-townhouse/	0
tiered garden ideas	room-ideas	Garden/Outdoor	1	36	36	1	2.78	1.09	yardzeno.com/tiered-garden-ideas/	1
berm landscaping ideas	general	Garden/Outdoor	2	105	53	3	2.86	1.23	blossivio.com/berm-landscaping-ideas/	3
circle patio ideas	room-ideas	Garden/Outdoor	2	135	68	3	2.22	1.02	blossivio.com/circle-patio-ideas/	2
pebble landscaping ideas	general	Garden/Outdoor	1	33	33	1	3.03	1.16	yardzeno.com/pebble-landscaping-ideas/	1
beer garden ideas	room-ideas	Garden/Outdoor	1	32	32	0	0	0	yardzeno.com/beer-garden-ideas/	0
3 tier planter ideas	product-specific	Garden/Outdoor	1	22	22	2	9.09	3.09	yardzeno.com/3-tier-planter-ideas/	2
corner garden ideas	room-ideas	Garden/Outdoor	1	21	21	0	0	0	yardzeno.com/corner-garden-ideas/	0
garden room ideas	room-ideas	Garden/Outdoor	1	21	21	0	0	0	yardzeno.com/garden-room-ideas/	0
grass front yard ideas	general	Garden/Outdoor	1	20	20	0	0	0	yardzeno.com/no-grass-front-yard-ideas/	0
garden fence ideas	room-ideas	Garden/Outdoor	2	33	17	0	0	0	yardzeno.com/garden-fence-ideas/	0
garden path ideas	room-ideas	Garden/Outdoor	1	19	19	0	0	0	yardzeno.com/garden-path-ideas/	0
victorian front garden	room-ideas	Garden/Outdoor	1	19	19	2	10.53	3.42	yardzeno.com/victorian-front-garden/	2
landscape ideas with retaining walls	general	Garden/Outdoor	1	18	18	0	0	0	yardzeno.com/landscape-ideas-with-retaining-walls/	0
small courtyard garden ideas	room-ideas	Garden/Outdoor	1	18	18	0	0	0	yardzeno.com/small-courtyard-garden-ideas/	0
front porch landscape ideas	general	Garden/Outdoor	1	17	17	0	0	0	yardzeno.com/front-porch-landscape-ideas/	0
patio planting ideas	room-ideas	Garden/Outdoor	1	17	17	1	5.88	1.84	yardzeno.com/patio-planting-ideas/	1
back garden ideas	room-ideas	Garden/Outdoor	1	16	16	1	6.25	1.92	yardzeno.com/back-garden-ideas/	1
front yard landscaping ideas simple	general	Garden/Outdoor	1	16	16	0	0	0	yardzeno.com/front-yard-landscaping-ideas-simple/	0
garden lighting ideas	room-ideas	Garden/Outdoor	1	16	16	1	6.25	1.92	yardzeno.com/garden-lighting-ideas/	1
patio hardscaping ideas	room-ideas	Garden/Outdoor	1	14	14	0	0	0	yardzeno.com/patio-hardscaping-ideas/	0
garden edging ideas	room-ideas	Garden/Outdoor	1	13	13	0	0	0	yardzeno.com/garden-edging-ideas/	0
small zen patio ideas	room-ideas	Garden/Outdoor	1	13	13	0	0	0	yardzeno.com/small-zen-patio-ideas/	0
minecraft garden ideas	room-ideas	Garden/Outdoor	1	12	12	0	0	0	yardzeno.com/minecraft-garden-ideas/	0
raised garden beds layout	room-ideas	Garden/Outdoor	1	12	12	0	0	0	yardzeno.com/raised-garden-beds-layout/	0
raised bed garden design	product-specific	Garden/Outdoor	1	11	11	1	9.09	2.45	yardzeno.com/raised-bed-garden-design/	1
patio seating ideas	room-ideas	Garden/Outdoor	1	9	9	1	11.11	2.77	yardzeno.com/patio-seating-ideas/	1
metal bird cage decor ideas	wedding-event	Home Decor	1	620	620	40	6.45	5.15	metacraftera.com/metal-bird-cage-decor-ideas/	40
metal gate decor ideas outdoor	wedding-event	Home Decor	1	72	72	4	5.56	2.96	metacraftera.com/metal-gate-decor-ideas-outdoor/	4
metal garden decor ideas	room-ideas	Home Decor	1	67	67	7	10.45	5.47	metacraftera.com/metal-garden-decor-ideas/	7
metal bed frame decor ideas	product-specific	Home Decor	1	60	60	1	1.67	0.85	metacraftera.com/metal-bed-frame-decor-ideas/	1
metal basket decor ideas	product-specific	Home Decor	1	39	39	1	2.56	1.17	metacraftera.com/metal-basket-decor-ideas/	1
metal bucket decor ideas	wedding-event	Home Decor	1	36	36	0	0	0	metacraftera.com/metal-bucket-decor-ideas/	0
metal plate rack ideas wall decor	product-specific	Home Decor	1	36	36	9	25	11.2	metacraftera.com/metal-plate-rack-ideas-wall-decor/	9
metal tray decor ideas	wedding-event	Home Decor	1	36	36	1	2.78	1.25	metacraftera.com/metal-tray-decor-ideas/	1
corrugated metal decor ideas	wedding-event	Home Decor	1	29	29	0	0	0	metacraftera.com/corrugated-metal-decor-ideas/	0
metal scroll wall decor ideas	wedding-event	Home Decor	1	26	26	1	3.85	1.57	metacraftera.com/metal-scroll-wall-decor-ideas/	1
metal wall shelf decor ideas	product-specific	Home Decor	1	26	26	5	19.23	7.86	metacraftera.com/metal-wall-shelf-decor-ideas/	5
metal basket decor ideas kitchen	product-specific	Home Decor	1	25	25	0	0	0	metacraftera.com/metal-basket-decor-ideas-kitchen/	0
exterior wall decor ideas metal	wedding-event	Home Decor	1	24	24	8	33.33	13.31	metacraftera.com/exterior-wall-decor-ideas-metal/	8
metal milk crate ideas decor	wedding-event	Home Decor	1	22	22	0	0	0	metacraftera.com/metal-milk-crate-ideas-decor/	0
creative metal pipe decor ideas	wedding-event	Home Decor	1	17	17	1	5.88	2.11	metacraftera.com/creative-metal-pipe-decor-ideas/	1
metal dress form decor ideas	outfit-style	Home Decor	1	16	16	0	0	0	metacraftera.com/metal-dress-form-decor-ideas/	0
vintage metal kitchen decor ideas	room-ideas	Home Decor	1	16	16	3	18.75	6.59	metacraftera.com/vintage-metal-kitchen-decor-ideas/	3
home decor metal texture ideas	wedding-event	Home Decor	1	15	15	0	0	0	metacraftera.com/home-decor-metal-texture-ideas/	0
vintage metal letter decor ideas	wedding-event	Home Decor	1	13	13	0	0	0	metacraftera.com/vintage-metal-letter-decor-ideas/	0
vintage metal wall decor inspiration	wedding-event	Home Decor	1	12	12	2	16.67	5.3	metacraftera.com/vintage-metal-wall-decor-inspiration/	2
metal art projects ideas home decor	wedding-event	Home Decor	1	11	11	0	0	0	metacraftera.com/metal-art-projects-ideas-home-decor/	0
metal basket decor ideas farmhouse style	product-specific	Home Decor	1	11	11	1	9.09	2.8	metacraftera.com/metal-basket-decor-ideas-farmhouse-style/	1
modern metal basket decor ideas	product-specific	Home Decor	1	11	11	0	0	0	metacraftera.com/modern-metal-basket-decor-ideas/	0
round metal tray decor ideas	wedding-event	Home Decor	1	11	11	0	0	0	metacraftera.com/round-metal-tray-decor-ideas/	0
vintage metal wall decor ideas	wedding-event	Home Decor	1	11	11	1	9.09	2.8	metacraftera.com/vintage-metal-wall-decor-ideas/	1
home decor metal panel inspiration	wedding-event	Home Decor	1	10	10	1	10	2.97	metacraftera.com/home-decor-metal-panel-inspiration/	1
oval metal tray decor ideas	wedding-event	Home Decor	1	13	13	1	7.69	2.52	metacraftera.com/oval-metal-tray-decor-ideas/	1
rustic kitchen decor with metal containers	room-ideas	Home Decor	1	4	4	1	25	4.99	metacraftera.com/rustic-kitchen-decor-with-metal-containers/	1
rustic metal home decor inspiration	wedding-event	Home Decor	1	4	4	1	25	4.99	metacraftera.com/rustic-metal-home-decor-inspiration/	1
wood scrap projects diy home decor	diy-craft	Home Decor	1	213	213	12	5.63	3.75	woodlyloom.com/wood-scrap-projects-diy-home-decor/	12
dark wood kitchen cabinets decor	room-ideas	Home Decor	1	190	190	5	2.63	1.71	woodlyloom.com/dark-wood-kitchen-cabinets-decor/	5
brown wood living room decor	room-ideas	Home Decor	1	153	153	1	0.65	0.41	woodlyloom.com/brown-wood-living-room-decor/	1
wood designs on walls home decor	tattoo	Home Decor	1	152	152	22	14.47	9.03	woodlyloom.com/wood-designs-on-walls-home-decor/	22
diy home decor wood projects	diy-craft	Home Decor	1	143	143	0	0	0	woodlyloom.com/diy-home-decor-wood-projects/	0
drift wood ideas diy projects decor	diy-craft	Home Decor	1	139	139	14	10.07	6.17	woodlyloom.com/drift-wood-ideas-diy-projects-decor/	14
master room decor ideas wood bed	product-specific	Home Decor	1	118	118	11	9.32	5.53	woodlyloom.com/master-room-decor-ideas-wood-bed/	11
decor with dark wood floors	wedding-event	Home Decor	1	101	101	1	0.99	0.57	woodlyloom.com/decor-with-dark-wood-floors/	1
dark headboard bedroom decor wood	room-ideas	Home Decor	1	81	81	1	1.23	0.67	woodlyloom.com/dark-headboard-bedroom-decor-wood/	1
dark wood sleigh bed decor	product-specific	Home Decor	1	77	77	2	2.6	1.41	woodlyloom.com/dark-wood-sleigh-bed-decor/	2
black and wood bedroom decor	room-ideas	Home Decor	1	80	80	17	21.25	11.58	woodlyloom.com/black-and-wood-bedroom-decor/	17
dark wood floor bedroom decor	room-ideas	Home Decor	1	73	73	1	1.37	0.73	woodlyloom.com/dark-wood-floor-bedroom-decor/	1
scrap wood art diy projects wall decor	diy-craft	Home Decor	1	68	68	1	1.47	0.77	woodlyloom.com/scrap-wood-art-diy-projects-wall-decor/	1
dark brown wood floors living room decor	room-ideas	Home Decor	1	54	54	0	0	0	woodlyloom.com/dark-brown-wood-floors-living-room-decor/	0
wood block crafts diy home decor	diy-craft	Home Decor	1	47	47	1	2.13	1.02	woodlyloom.com/wood-block-crafts-diy-home-decor/	1
black white and wood kitchen decor	room-ideas	Home Decor	1	43	43	1	2.33	1.09	woodlyloom.com/black-white-and-wood-kitchen-decor/	1
cherry wood living room decor	room-ideas	Home Decor	1	41	41	3	7.32	3.39	woodlyloom.com/cherry-wood-living-room-decor/	3
dark wood living room decor	room-ideas	Home Decor	1	40	40	2	5	2.3	woodlyloom.com/dark-wood-living-room-decor/	2
dining room decor traditional dark wood	room-ideas	Home Decor	1	39	39	1	2.56	1.17	woodlyloom.com/dining-room-decor-traditional-dark-wood/	1
black wood dining table decor	room-ideas	Home Decor	1	38	38	1	2.63	1.2	woodlyloom.com/black-wood-dining-table-decor/	1
simple diy wood projects home decor	diy-craft	Home Decor	1	38	38	1	2.63	1.2	woodlyloom.com/simple-diy-wood-projects-home-decor/	1
master bedrooms decor cozy dark wood	wedding-event	Home Decor	1	35	35	0	0	0	woodlyloom.com/master-bedrooms-decor-cozy-dark-wood/	0
dark wood headboard bedroom decor	room-ideas	Home Decor	1	34	34	0	0	0	woodlyloom.com/dark-wood-headboard-bedroom-decor/	0
dark wood decor living room	room-ideas	Home Decor	1	32	32	0	0	0	woodlyloom.com/dark-wood-decor-living-room/	0
diy wood signs ideas words wall decor	diy-craft	Home Decor	1	28	28	1	3.57	1.49	woodlyloom.com/diy-wood-signs-ideas-words-wall-decor/	1
stone fireplace with wood mantle decor	wedding-event	Home Decor	1	28	28	1	3.57	1.49	woodlyloom.com/stone-fireplace-with-wood-mantle-decor/	1
dark wood bedroom furniture decor ideas boho	room-ideas	Home Decor	1	27	27	3	11.11	4.59	woodlyloom.com/dark-wood-bedroom-furniture-decor-ideas-boho/	3
cherry wood office decor ideas	room-ideas	Home Decor	1	21	21	6	28.57	10.95	woodlyloom.com/cherry-wood-office-decor-ideas/	6
cherry wood bedroom furniture decor	room-ideas	Home Decor	1	20	20	0	0	0	woodlyloom.com/cherry-wood-bedroom-furniture-decor/	0
round wood coffee table decor	wedding-event	Home Decor	1	19	19	2	10.53	3.91	woodlyloom.com/round-wood-coffee-table-decor/	2
dark wood desk decor office ideas	room-ideas	Home Decor	1	18	18	0	0	0	woodlyloom.com/dark-wood-desk-decor-office-ideas/	0
bedroom decor with light wood furniture	room-ideas	Home Decor	1	17	17	2	11.76	4.22	woodlyloom.com/bedroom-decor-with-light-wood-furniture/	2
natural wood black and white decor	wedding-event	Home Decor	1	17	17	1	5.88	2.11	woodlyloom.com/natural-wood-black-and-white-decor/	1
wood floor living room decor	room-ideas	Home Decor	1	17	17	0	0	0	woodlyloom.com/wood-floor-living-room-decor/	0
shelf decor dining room wood shelves	product-specific	Home Decor	1	14	14	0	0	0	woodlyloom.com/shelf-decor-dining-room-wood-shelves/	0
silver and wood decor living rooms	wedding-event	Home Decor	1	7	7	1	14.29	3.69	woodlyloom.com/silver-and-wood-decor-living-rooms/	1
vintage tiki	general	Home Decor	1	347	347	70	20.17	14.64	retrofyra.com/vintage-tiki/	70
vintage wall decor ideas	wedding-event	Home Decor	1	219	219	15	6.85	4.58	retrofyra.com/vintage-wall-decor-ideas/	15
vintage suitcase decor	wedding-event	Home Decor	1	186	186	23	12.37	8.03	retrofyra.com/vintage-suitcase-decor/	23
split living room ideas	room-ideas	Home Decor	1	168	168	1	0.6	0.38	retrofyra.com/split-living-room-ideas/	1
kitchen colour combination ideas	room-ideas	Home Decor	1	98	98	1	1.02	0.58	retrofyra.com/kitchen-colour-combination-ideas/	1
rustic vintage decor	wedding-event	Home Decor	1	95	95	7	7.37	4.17	retrofyra.com/rustic-vintage-decor/	7
vintage stoves	general	Home Decor	1	90	90	10	11.11	6.22	retrofyra.com/vintage-stoves/	10
small u shaped kitchen ideas	room-ideas	Home Decor	1	88	88	2	2.27	1.26	retrofyra.com/small-u-shaped-kitchen-ideas/	2
easter decorations vintage	wedding-event	Home Decor	1	78	78	22	28.21	15.29	retrofyra.com/easter-decorations-vintage/	22
vintage gallery wall	general	Home Decor	1	78	78	4	5.13	2.78	retrofyra.com/vintage-gallery-wall/	4
vintage french bedroom	room-ideas	Home Decor	1	74	74	10	13.51	7.24	retrofyra.com/vintage-french-bedroom/	10
vintage kids room	general	Home Decor	2	94	47	2	2.13	1.02	retrofyra.com/vintage-kids-room/	2
vintage camper remodel	general	Home Decor	1	64	64	1	1.56	0.81	retrofyra.com/vintage-camper-remodel/	1
vintage boys room	general	Home Decor	1	61	61	7	11.48	5.88	retrofyra.com/vintage-boys-room/	7
vintage dressing rooms	food-recipe	Home Decor	1	61	61	2	3.28	1.68	retrofyra.com/vintage-dressing-rooms/	2
vintage aesthetic room	general	Home Decor	1	58	58	4	6.9	3.49	retrofyra.com/vintage-aesthetic-room/	4
vintage classroom decor	wedding-event	Home Decor	1	54	54	4	7.41	3.68	retrofyra.com/vintage-classroom-decor/	4
vintage laundry room decor	room-ideas	Home Decor	1	52	52	4	7.69	3.79	retrofyra.com/vintage-laundry-room-decor/	4
vintage sports decor	wedding-event	Home Decor	1	45	45	2	4.44	2.11	retrofyra.com/vintage-sports-decor/	2
vintage cottage kitchen	room-ideas	Home Decor	1	39	39	9	23.08	10.56	retrofyra.com/vintage-cottage-kitchen/	9
kitchen island paneling ideas	room-ideas	Home Decor	1	38	38	4	10.53	4.79	retrofyra.com/kitchen-island-paneling-ideas/	4
salle de bain vintage	general	Home Decor	1	35	35	0	0	0	retrofyra.com/salle-de-bain-vintage/	0
retro bathroom	room-ideas	Home Decor	1	34	34	0	0	0	retrofyra.com/retro-bathroom/	0
small beige bathroom ideas	room-ideas	Home Decor	1	34	34	1	2.94	1.3	retrofyra.com/small-beige-bathroom-ideas/	1
vintage quilts patterns	general	Home Decor	1	33	33	9	27.27	11.93	retrofyra.com/vintage-quilts-patterns/	9
small corner kitchen ideas	room-ideas	Home Decor	1	32	32	0	0	0	retrofyra.com/small-corner-kitchen-ideas/	0
vintage dining room ideas	room-ideas	Home Decor	1	29	29	0	0	0	retrofyra.com/vintage-dining-room-ideas/	0
burgundy sofa living room ideas	product-specific	Home Decor	1	28	28	0	0	0	retrofyra.com/burgundy-sofa-living-room-ideas/	0
eclectic vintage decor	wedding-event	Home Decor	1	25	25	0	0	0	retrofyra.com/eclectic-vintage-decor/	0
retro kitchen	room-ideas	Home Decor	1	25	25	0	0	0	retrofyra.com/retro-kitchen/	0
kitchen breakfast bar ideas	room-ideas	Home Decor	1	24	24	1	4.17	1.67	retrofyra.com/kitchen-breakfast-bar-ideas/	1
bedroom vintage	room-ideas	Home Decor	1	23	23	0	0	0	retrofyra.com/bedroom-vintage/	0
room ideas vintage	general	Home Decor	1	21	21	0	0	0	retrofyra.com/room-ideas-vintage/	0
vintage decoracion	general	Home Decor	1	21	21	3	14.29	5.48	retrofyra.com/vintage-decoracion/	3
brick wall living room ideas	room-ideas	Home Decor	1	20	20	0	0	0	retrofyra.com/brick-wall-living-room-ideas/	0
living room molding ideas	room-ideas	Home Decor	1	20	20	0	0	0	retrofyra.com/living-room-molding-ideas/	0
vintage apartment decor	wedding-event	Home Decor	1	20	20	2	10	3.78	retrofyra.com/vintage-apartment-decor/	2
vintage bathroom ideas	room-ideas	Home Decor	1	20	20	0	0	0	retrofyra.com/vintage-bathroom-ideas/	0
vintage living room	room-ideas	Home Decor	1	20	20	0	0	0	retrofyra.com/vintage-living-room/	0
casas estilo vintage	general	Home Decor	1	19	19	0	0	0	retrofyra.com/casas-estilo-vintage/	0
bathroom baseboard ideas	room-ideas	Home Decor	1	17	17	2	11.76	4.22	retrofyra.com/bathroom-baseboard-ideas/	2
bedroom alcove ideas	room-ideas	Home Decor	1	17	17	0	0	0	retrofyra.com/bedroom-alcove-ideas/	0
vintage decorating ideas	diy-craft	Home Decor	1	17	17	1	5.88	2.11	retrofyra.com/vintage-decorating-ideas/	1
vintage rooms	general	Home Decor	1	17	17	0	0	0	retrofyra.com/vintage-rooms/	0
backyard rv parking ideas	room-ideas	Home Decor	1	16	16	0	0	0	retrofyra.com/backyard-rv-parking-ideas/	0
rustic kitchen backsplash ideas	room-ideas	Home Decor	1	13	13	2	15.38	5.03	retrofyra.com/rustic-kitchen-backsplash-ideas/	2
vintage bathroom decor	room-ideas	Home Decor	1	13	13	1	7.69	2.52	retrofyra.com/vintage-bathroom-decor/	1
home office standing desk ideas	room-ideas	Home Decor	1	1	1	1	100	8.6	roomitsu.com/home-office-standing-desk-ideas/	1
square fire pit ideas backyard	room-ideas	Garden/Outdoor	1	1	1	1	100	7.51	cozture.com/square-fire-pit-ideas-backyard/	1
nutella dessert recipes	food-baking	Food/Recipe	2	75	38	0	0	0	flavorlyx.com/nutella-dessert-recipes/	0
easy healthy snacks recipes	food-baking	Food/Recipe	1	37	37	0	0	0	flavorlyx.com/easy-healthy-snacks-recipes/	0
date dessert recipes	food-baking	Food/Recipe	2	45	23	0	0	0	flavorlyx.com/date-dessert-recipes/	0
phyllo dough recipes dessert	food-baking	Food/Recipe	2	248	124	4	1.61	3.49	flavorcurry.com/phyllo-dough-recipes-dessert/	4
tofu healthy recipes	food-baking	Food/Recipe	1	24	24	0	0	0	flavorlyx.com/tofu-healthy-recipes/	0
keto recipes side dishes	food-baking	Food/Recipe	1	23	23	0	0	0	flavorlyx.com/keto-recipes-side-dishes/	0
eggs recipes healthy	food-baking	Food/Recipe	1	21	21	0	0	0	flavorlyx.com/eggs-recipes-healthy/	0
high fiber dinner recipes	food-baking	Food/Recipe	1	21	21	0	0	0	flavorlyx.com/high-fiber-dinner-recipes/	0
keto smoothie recipes	food-baking	Food/Recipe	2	31	16	0	0	0	flavorlyx.com/keto-smoothie-recipes/	0
single dinner recipes	food-baking	Food/Recipe	1	18	18	0	0	0	flavorlyx.com/single-dinner-recipes/	0
keto mushroom recipes	food-baking	Food/Recipe	1	14	14	0	0	0	flavorlyx.com/keto-mushroom-recipes/	0
keto recipes steak	food-baking	Food/Recipe	2	25	13	0	0	0	flavorlyx.com/keto-recipes-steak/	0
oil vegan recipes	food-baking	Food/Recipe	1	67	67	0	0	0	biteivo.com/no-oil-vegan-recipes/	0
keto appetizer recipes	food-baking	Food/Recipe	2	115	58	0	0	0	biteivo.com/keto-appetizer-recipes/	0
pizza healthy recipes	food-baking	Food/Recipe	1	36	36	0	0	0	biteivo.com/pizza-healthy-recipes/	0
crescent roll recipes dinner	food-baking	Food/Recipe	2	42	21	0	0	0	biteivo.com/crescent-roll-recipes-dinner/	0
gerd vegan recipes	food-baking	Food/Recipe	1	25	25	0	0	0	biteivo.com/gerd-vegan-recipes/	0
keto kale recipes	food-baking	Food/Recipe	2	77	39	1	1.3	2.15	chocojoyful.com/keto-kale-recipes/	1
vegan tempeh recipes	food-baking	Food/Recipe	2	56	28	0	0	0	biteivo.com/vegan-tempeh-recipes/	0
vegan swiss chard recipes	food-baking	Food/Recipe	2	46	23	0	0	0	biteivo.com/vegan-swiss-chard-recipes/	0
keto potluck recipes	food-baking	Food/Recipe	1	11	11	0	0	0	biteivo.com/keto-potluck-recipes/	0
kale recipes healthy	food-baking	Food/Recipe	1	95	95	0	0	0	flavorzo.com/kale-recipes-healthy/	0
prediabetic dinner recipes	food-baking	Food/Recipe	2	232	116	6	2.59	5.54	goteamnames.com/prediabetic-dinner-recipes/	6
healthy paneer recipes	food-baking	Food/Recipe	2	44	22	0	0	0	flavorzo.com/healthy-paneer-recipes/	0
pizza dinner recipes	food-baking	Food/Recipe	1	13	13	0	0	0	flavorzo.com/pizza-dinner-recipes/	0
starters recipes dinner party	food-baking	Food/Recipe	2	73	37	0	0	0	flavorzo.com/starters-recipes-dinner-party/	0
vegan low fodmap recipes	food-baking	Food/Recipe	3	167	56	5	2.99	5.42	eatveganly.com/vegan-low-fodmap-recipes/	3
rice cooker recipes healthy	food-baking	Food/Recipe	1	12	12	0	0	0	flavorzo.com/rice-cooker-recipes-healthy/	0
sweetened condensed milk dessert recipes	food-baking	Food/Recipe	2	291	146	9	3.09	6.92	dessertcove.com/sweetened-condensed-milk-dessert-recipes/	9
keto ground venison recipes	food-baking	Food/Recipe	1	65	65	0	0	0	cravelio.com/keto-ground-venison-recipes/	0
healthy sweet snack recipes	food-baking	Food/Recipe	2	76	38	0	0	0	cravelio.com/healthy-sweet-snack-recipes/	0
spanish dessert recipes	food-baking	Food/Recipe	1	34	34	0	0	0	cravelio.com/spanish-dessert-recipes/	0
vegan gluten free recipes dessert	food-baking	Food/Recipe	4	177	44	1	0.56	0.96	dessertcove.com/vegan-gluten-free-recipes-dessert/	1
japanese keto recipes	food-baking	Food/Recipe	1	21	21	0	0	0	cravelio.com/japanese-keto-recipes/	0
keto breakfast smoothie recipes	food-baking	Food/Recipe	1	20	20	0	0	0	cravelio.com/keto-breakfast-smoothie-recipes/	0
pressure cooker dinner recipes	food-baking	Food/Recipe	1	20	20	0	0	0	cravelio.com/pressure-cooker-dinner-recipes/	0
lime recipes dinner	food-baking	Food/Recipe	1	21	21	0	0	0	cravelio.com/lime-recipes-dinner/	0
sour cream dinner recipes	food-baking	Food/Recipe	2	53	27	0	0	0	cravelio.com/sour-cream-dinner-recipes/	0
german dessert recipes	food-baking	Food/Recipe	2	27	14	0	0	0	cravelio.com/german-dessert-recipes/	0
whole 30 keto recipes	food-baking	Food/Recipe	1	15	15	0	0	0	cravelio.com/whole-30-keto-recipes/	0
low fodmap recipes dinner	food-baking	Food/Recipe	1	1727	1727	0	0	0	biteonna.com/low-fodmap-recipes-dinner/	0
healthy quinoa recipes	food-baking	Food/Recipe	1	114	114	0	0	0	biteonna.com/healthy-quinoa-recipes/	0
healthy dinner casserole recipes	food-baking	Food/Recipe	1	41	41	0	0	0	biteonna.com/healthy-dinner-casserole-recipes/	0
vegan casserole recipes	food-baking	Food/Recipe	1	37	37	0	0	0	biteonna.com/vegan-casserole-recipes/	0
raspberry dessert recipes	food-baking	Food/Recipe	1	29	29	0	0	0	biteonna.com/raspberry-dessert-recipes/	0
indian dessert recipes	food-baking	Food/Recipe	2	38	19	2	5.26	7.08	firesmokers.com/indian-dessert-recipes/	2
healthy brussel sprout recipes	food-baking	Food/Recipe	1	25	25	0	0	0	biteonna.com/healthy-brussel-sprout-recipes/	0
carrot recipes healthy	food-baking	Food/Recipe	1	19	19	0	0	0	biteonna.com/carrot-recipes-healthy/	0
bowl dinner recipes	product-specific	Food/Recipe	1	18	18	0	0	0	biteonna.com/bowl-dinner-recipes/	0
keto friendly salad recipes	food-baking	Food/Recipe	1	16	16	0	0	0	biteonna.com/keto-friendly-salad-recipes/	0
dinner recipes	food-baking	Food/Recipe	1	15	15	0	0	0	biteonna.com/dinner-recipes/	0
tomato recipes dinner	food-baking	Food/Recipe	1	12	12	0	0	0	biteonna.com/tomato-recipes-dinner/	0
gut healthy recipes	food-baking	Food/Recipe	1	57	57	0	0	0	tastylyn.com/gut-healthy-recipes/	0
whole 30 vegan recipes	food-baking	Food/Recipe	1	34	34	0	0	0	tastylyn.com/whole-30-vegan-recipes/	0
korean recipes dessert	food-baking	Food/Recipe	2	105	53	0	0	0	tastylyn.com/korean-recipes-dessert/	0
bread machine dessert recipes	food-baking	Food/Recipe	1	17	17	0	0	0	tastylyn.com/bread-machine-dessert-recipes/	0
dinner party recipes easy	food-baking	Food/Recipe	2	30	15	0	0	0	tastylyn.com/dinner-party-recipes-easy/	0
greek dinner recipes	food-baking	Food/Recipe	1	11	11	0	0	0	tastylyn.com/greek-dinner-recipes/	0
southern recipes dinner	food-baking	Food/Recipe	1	11	11	0	0	0	tastylyn.com/southern-recipes-dinner/	0
small batch dessert recipes	food-baking	Food/Recipe	1	41	41	0	0	0	cravelyx.com/small-batch-dessert-recipes/	0
light desserts recipes healthy	food-baking	Food/Recipe	2	65	33	0	0	0	cravelyx.com/light-desserts-recipes-healthy/	0
award winning dessert recipes	food-baking	Food/Recipe	1	29	29	0	0	0	cravelyx.com/award-winning-dessert-recipes/	0
single dessert recipes	food-baking	Food/Recipe	1	25	25	0	0	0	cravelyx.com/single-dessert-recipes/	0
ramekin recipes dessert	food-baking	Food/Recipe	2	37	19	0	0	0	cravelyx.com/ramekin-recipes-dessert/	0
keto mexican recipes	food-baking	Food/Recipe	1	16	16	0	0	0	cravelyx.com/keto-mexican-recipes/	0
keto lunch recipes easy	food-baking	Food/Recipe	1	12	12	0	0	0	cravelyx.com/keto-lunch-recipes-easy/	0
dessert tortilla recipes	food-baking	Food/Recipe	2	32	16	0	0	0	cravelyx.com/dessert-tortilla-recipes/	0
heart healthy recipes	food-baking	Food/Recipe	1	86	86	0	0	0	dinevera.com/heart-healthy-recipes/	0
quick keto dinner recipes	food-baking	Food/Recipe	1	88	88	0	0	0	dinevera.com/quick-keto-dinner-recipes/	0
italian dessert recipes	food-baking	Food/Recipe	2	101	51	0	0	0	dinevera.com/italian-dessert-recipes/	0
buttermilk dessert recipes	food-baking	Food/Recipe	2	89	45	0	0	0	dinevera.com/buttermilk-dessert-recipes/	0
keto cheesecake recipes	food-baking	Food/Recipe	1	39	39	0	0	0	dinevera.com/keto-cheesecake-recipes/	0
microwave dinner recipes	food-baking	Food/Recipe	1	33	33	0	0	0	dinevera.com/microwave-dinner-recipes/	0
low carb keto recipes	food-baking	Food/Recipe	1	28	28	0	0	0	dinevera.com/low-carb-keto-recipes/	0
mexican vegan recipes	food-baking	Food/Recipe	1	23	23	0	0	0	dinevera.com/mexican-vegan-recipes/	0
quinoa vegan recipes	food-baking	Food/Recipe	1	22	22	0	0	0	dinevera.com/quinoa-vegan-recipes/	0
black bean vegan recipes	food-baking	Food/Recipe	1	19	19	0	0	0	dinevera.com/black-bean-vegan-recipes/	0
low carb vegan recipes	food-baking	Food/Recipe	3	151	50	1	0.66	1.17	firesmokers.com/low-carb-vegan-recipes/	1
date recipes healthy	food-baking	Food/Recipe	1	13	13	0	0	0	dinevera.com/date-recipes-healthy/	0
vegan recipes dinner	food-baking	Food/Recipe	2	97	49	1	1.03	1.8	eatlina.com/vegan-recipes-dinner/	1
easy recipes vegan	food-baking	Food/Recipe	1	23	23	0	0	0	biteablex.com/easy-recipes-vegan/	0
healthy sweet potatoes recipes	food-baking	Food/Recipe	2	41	21	0	0	0	biteablex.com/healthy-sweet-potatoes-recipes/	0
gluten free vegan recipes	food-baking	Food/Recipe	2	41	21	1	2.44	3.36	eatlina.com/gluten-free-vegan-recipes/	1
keto diet recipes	food-baking	Food/Recipe	2	36	18	3	8.33	11.01	bakejoys.com/keto-diet-recipes/	3
simple keto recipes	food-baking	Food/Recipe	1	16	16	0	0	0	biteablex.com/simple-keto-recipes/	0
keto diet ground beef recipes	food-baking	Food/Recipe	1	14	14	0	0	0	biteablex.com/keto-diet-ground-beef-recipes/	0
dairy free dessert recipes	food-baking	Food/Recipe	3	128	43	1	0.78	1.32	steaknjoy.com/dairy-free-dessert-recipes/	1
peach dessert recipes	food-baking	Food/Recipe	1	13	13	0	0	0	biteablex.com/peach-dessert-recipes/	0
recipes dessert easy	food-baking	Food/Recipe	1	12	12	0	0	0	biteablex.com/recipes-dessert-easy/	0
vegetarian keto recipes	food-baking	Food/Recipe	2	30	15	0	0	0	biteablex.com/vegetarian-keto-recipes/	0
healthy recipes smoothies	food-baking	Food/Recipe	1	151	151	0	0	0	gruboza.com/healthy-recipes-smoothies/	0
pear dessert recipes	food-baking	Food/Recipe	2	71	36	0	0	0	gruboza.com/pear-dessert-recipes/	0
low carb dinner recipes	food-baking	Food/Recipe	2	58	29	1	1.72	2.63	tastywolf.com/low-carb-dinner-recipes/	1
chocolate dessert recipes	food-baking	Food/Recipe	1	26	26	0	0	0	gruboza.com/chocolate-dessert-recipes/	0
oatmeal recipes healthy	food-baking	Food/Recipe	1	27	27	0	0	0	gruboza.com/oatmeal-recipes-healthy/	0
quick oatmeal dessert recipes	food-baking	Food/Recipe	1	17	17	0	0	0	gruboza.com/quick-oatmeal-dessert-recipes/	0
pineapple dessert recipes	food-baking	Food/Recipe	1	15	15	0	0	0	gruboza.com/pineapple-dessert-recipes/	0
tofu recipes dinner	food-baking	Food/Recipe	1	14	14	0	0	0	gruboza.com/tofu-recipes-dinner/	0
griddle recipes dinner	food-baking	Food/Recipe	1	12	12	0	0	0	gruboza.com/griddle-recipes-dinner/	0
healthy dairy free dinner recipes	food-baking	Food/Recipe	1	12	12	0	0	0	gruboza.com/healthy-dairy-free-dinner-recipes/	0
pasta vegan recipes	food-baking	Food/Recipe	2	23	12	0	0	0	gruboza.com/pasta-vegan-recipes/	0
cream cheese dessert dip recipes	food-baking	Food/Recipe	1	110	110	2	1.82	3.85	healthybaat.com/cream-cheese-dessert-dip-recipes/	2
gluten free dairy free dip recipes	food-baking	Food/Recipe	2	126	63	2	1.59	2.97	storyriddles.com/gluten-free-dairy-free-dip-recipes/	2
healthy dip recipes for vegetables	food-baking	Food/Recipe	1	100	100	1	1	2.07	healthybaat.com/healthy-dip-recipes-for-vegetables/	1
low calorie veggie dip recipes	food-baking	Food/Recipe	1	88	88	0	0	0	healthybaat.com/low-calorie-veggie-dip-recipes/	0
recipes with french onion dip	food-baking	Food/Recipe	1	84	84	0	0	0	healthybaat.com/recipes-with-french-onion-dip/	0
cold dip recipes for chips	food-baking	Food/Recipe	1	75	75	0	0	0	healthybaat.com/cold-dip-recipes-for-chips/	0
trader joes spinach artichoke dip recipes	food-baking	Food/Recipe	1	56	56	1	1.79	3.25	healthybaat.com/trader-joes-spinach-artichoke-dip-recipes/	1
dip recipes with cream cheese	food-baking	Food/Recipe	1	54	54	0	0	0	healthybaat.com/dip-recipes-with-cream-cheese/	0
tortilla chip dip recipes	food-baking	Food/Recipe	1	53	53	0	0	0	healthybaat.com/tortilla-chip-dip-recipes/	0
gluten free dessert dip recipes	food-baking	Food/Recipe	1	38	38	0	0	0	healthybaat.com/gluten-free-dessert-dip-recipes/	0
unique recipes dinner	food-baking	Food/Recipe	1	34	34	0	0	0	healthybaat.com/unique-recipes-dinner/	0
cottage cheese dip recipes healthy	food-baking	Food/Recipe	1	31	31	0	0	0	healthybaat.com/cottage-cheese-dip-recipes-healthy/	0
dairy free chip dip recipes	food-baking	Food/Recipe	1	30	30	0	0	0	healthybaat.com/dairy-free-chip-dip-recipes/	0
jelly dessert ideas easy recipes	food-baking	Food/Recipe	1	29	29	0	0	0	healthybaat.com/jelly-dessert-ideas-easy-recipes/	0
keto ricotta recipes dessert	food-baking	Food/Recipe	1	28	28	0	0	0	healthybaat.com/keto-ricotta-recipes-dessert/	0
cream cheese dip recipes sweet	food-baking	Food/Recipe	1	22	22	0	0	0	healthybaat.com/cream-cheese-dip-recipes-sweet/	0
sweet dip mix recipes dry	food-baking	Food/Recipe	1	21	21	0	0	0	healthybaat.com/sweet-dip-mix-recipes-dry/	0
easy hot dip recipes	food-baking	Food/Recipe	1	19	19	0	0	0	healthybaat.com/easy-hot-dip-recipes/	0
cajun dessert recipes	food-baking	Food/Recipe	1	16	16	0	0	0	healthybaat.com/cajun-dessert-recipes/	0
easy cheese dip recipes 3 ingredients	food-baking	Food/Recipe	1	16	16	0	0	0	healthybaat.com/easy-cheese-dip-recipes-3-ingredients/	0
cheap dip recipes for a crowd	food-baking	Food/Recipe	1	15	15	0	0	0	healthybaat.com/cheap-dip-recipes-for-a-crowd/	0
whipped cottage cheese dip recipes	food-baking	Food/Recipe	1	13	13	0	0	0	healthybaat.com/whipped-cottage-cheese-dip-recipes/	0
rhodes dinner roll recipes	food-baking	Food/Recipe	1	12	12	0	0	0	healthybaat.com/rhodes-dinner-roll-recipes/	0
ground beef dip recipes	food-baking	Food/Recipe	1	11	11	1	9.09	10.14	healthybaat.com/ground-beef-dip-recipes/	1
low fodmap dessert recipes	food-baking	Food/Recipe	1	193	193	2	1.04	2.46	goteamnames.com/low-fodmap-dessert-recipes/	2
high blood pressure juice recipes	food-baking	Food/Recipe	1	192	192	7	3.65	8.63	goteamnames.com/high-blood-pressure-juice-recipes/	7
juice recipes for kids	food-baking	Food/Recipe	1	181	181	2	1.1	2.57	goteamnames.com/juice-recipes-for-kids/	2
juice recipes for gut health	food-baking	Food/Recipe	1	131	131	1	0.76	1.67	goteamnames.com/juice-recipes-for-gut-health/	1
cold press juice recipes	food-baking	Food/Recipe	1	121	121	0	0	0	goteamnames.com/cold-press-juice-recipes/	0
juice recipes with beets	food-baking	Food/Recipe	1	102	102	1	0.98	2.04	goteamnames.com/juice-recipes-with-beets/	1
liver detox juice recipes	food-baking	Food/Recipe	1	67	67	6	8.96	16.98	goteamnames.com/liver-detox-juice-recipes/	6
dump and bake dinner recipes	food-baking	Food/Recipe	1	65	65	0	0	0	goteamnames.com/dump-and-bake-dinner-recipes/	0
juice recipes for colds immune system	food-baking	Food/Recipe	1	57	57	0	0	0	goteamnames.com/juice-recipes-for-colds-immune-system/	0
keto gummies gelatin recipes	food-baking	Food/Recipe	1	54	54	0	0	0	goteamnames.com/keto-gummies-gelatin-recipes/	0
fig recipes dinner	food-baking	Food/Recipe	1	50	50	0	0	0	goteamnames.com/fig-recipes-dinner/	0
juice recipes for immune system	food-baking	Food/Recipe	1	50	50	1	2	3.53	goteamnames.com/juice-recipes-for-immune-system/	1
dr sebi juice recipes	food-baking	Food/Recipe	1	49	49	1	2.04	3.58	goteamnames.com/dr-sebi-juice-recipes/	1
juice recipes with apples	food-baking	Food/Recipe	1	49	49	0	0	0	goteamnames.com/juice-recipes-with-apples/	0
beach dinner recipes	food-baking	Food/Recipe	1	46	46	0	0	0	goteamnames.com/beach-dinner-recipes/	0
recipes with tomato juice	food-baking	Food/Recipe	1	41	41	0	0	0	goteamnames.com/recipes-with-tomato-juice/	0
juice punch recipes non alcoholic	food-baking	Food/Recipe	1	40	40	0	0	0	goteamnames.com/juice-punch-recipes-non-alcoholic/	0
loose weight juice recipes	food-baking	Food/Recipe	1	40	40	0	0	0	goteamnames.com/loose-weight-juice-recipes/	0
recipes with pineapple juice	food-baking	Food/Recipe	1	39	39	0	0	0	goteamnames.com/recipes-with-pineapple-juice/	0
orange juice concentrate recipes	food-baking	Food/Recipe	1	33	33	0	0	0	goteamnames.com/orange-juice-concentrate-recipes/	0
hormone balance juice recipes	food-baking	Food/Recipe	1	32	32	0	0	0	goteamnames.com/hormone-balance-juice-recipes/	0
heart healthy juice recipes	food-baking	Food/Recipe	1	29	29	2	6.9	10.54	goteamnames.com/heart-healthy-juice-recipes/	2
juice shots recipes for inflammation	food-baking	Food/Recipe	1	28	28	2	7.14	10.8	goteamnames.com/juice-shots-recipes-for-inflammation/	2
recipes with v8 juice	food-baking	Food/Recipe	1	27	27	0	0	0	goteamnames.com/recipes-with-v8-juice/	0
fresh fruit juice recipes	food-baking	Food/Recipe	1	26	26	0	0	0	goteamnames.com/fresh-fruit-juice-recipes/	0
vegan sandwich spread recipes	food-baking	Food/Recipe	1	23	23	0	0	0	goteamnames.com/vegan-sandwich-spread-recipes/	0
keto round steak recipes crock pot	product-specific	Food/Recipe	1	22	22	0	0	0	goteamnames.com/keto-round-steak-recipes-crock-pot/	0
recipes with lemon juice	food-baking	Food/Recipe	1	22	22	0	0	0	goteamnames.com/recipes-with-lemon-juice/	0
vegan recipes using sweetened condensed coconut milk	food-baking	Food/Recipe	1	22	22	0	0	0	goteamnames.com/vegan-recipes-using-sweetened-condensed-coconut-milk/	0
cocktail recipes with cranberry juice	food-baking	Food/Recipe	1	20	20	0	0	0	goteamnames.com/cocktail-recipes-with-cranberry-juice/	0
apple juice smoothie recipes	food-baking	Food/Recipe	1	19	19	0	0	0	goteamnames.com/apple-juice-smoothie-recipes/	0
jello punch recipes pineapple juice	food-baking	Food/Recipe	1	16	16	0	0	0	goteamnames.com/jello-punch-recipes-pineapple-juice/	0
key lime juice recipes	food-baking	Food/Recipe	1	16	16	1	6.25	7.95	goteamnames.com/key-lime-juice-recipes/	1
tart cherry juice drink recipes	food-baking	Food/Recipe	1	16	16	1	6.25	7.95	goteamnames.com/tart-cherry-juice-drink-recipes/	1
vegan chestnut recipes	food-baking	Food/Recipe	1	15	15	0	0	0	goteamnames.com/vegan-chestnut-recipes/	0
joe cross juice recipes	food-baking	Food/Recipe	1	14	14	0	0	0	goteamnames.com/joe-cross-juice-recipes/	0
juice recipes and their benefits	food-baking	Food/Recipe	1	14	14	0	0	0	goteamnames.com/juice-recipes-and-their-benefits/	0
healthy juice recipes immune system	food-baking	Food/Recipe	1	13	13	0	0	0	goteamnames.com/healthy-juice-recipes-immune-system/	0
juice recipes	food-baking	Food/Recipe	1	25	25	0	0	0	goteamnames.com/juice-recipes/	0
juice shots recipes for gut	food-baking	Food/Recipe	1	13	13	0	0	0	goteamnames.com/juice-shots-recipes-for-gut/	0
recipes with orange juice	food-baking	Food/Recipe	1	13	13	0	0	0	goteamnames.com/recipes-with-orange-juice/	0
recipes with pickle juice	food-baking	Food/Recipe	1	13	13	0	0	0	goteamnames.com/recipes-with-pickle-juice/	0
healthy recipes with pumpkin puree	food-baking	Food/Recipe	1	11	11	0	0	0	goteamnames.com/healthy-recipes-with-pumpkin-puree/	0
recipes with cranberry juice	food-baking	Food/Recipe	1	11	11	0	0	0	goteamnames.com/recipes-with-cranberry-juice/	0
freezer meals for elderly	general	Food/Recipe	1	1003	1003	20	1.99	6.18	soeasydiy.com/freezer-meals-for-elderly/	20
freezer meals for chemo patients	general	Food/Recipe	1	694	694	3	0.43	1.26	soeasydiy.com/freezer-meals-for-chemo-patients/	3
freezer meals for surgery recovery	general	Food/Recipe	1	509	509	1	0.2	0.56	soeasydiy.com/freezer-meals-for-surgery-recovery/	1
low sodium freezer meals for two	general	Food/Recipe	1	329	329	4	1.22	3.18	soeasydiy.com/low-sodium-freezer-meals-for-two/	4
ripe banana dessert recipes	food-baking	Food/Recipe	1	268	268	1	0.37	0.93	soeasydiy.com/ripe-banana-dessert-recipes/	1
brazilian dessert recipes	food-baking	Food/Recipe	1	124	124	5	4.03	8.74	soeasydiy.com/brazilian-dessert-recipes/	5
keto bread machine recipes almond flour	food-baking	Food/Recipe	1	117	117	1	0.85	1.82	soeasydiy.com/keto-bread-machine-recipes-almond-flour/	1
low cholesterol dessert recipes	food-baking	Food/Recipe	1	115	115	0	0	0	soeasydiy.com/low-cholesterol-dessert-recipes/	0
freezer bag crockpot meals dump recipes	outfit-style	Food/Recipe	1	102	102	0	0	0	soeasydiy.com/freezer-bag-crockpot-meals-dump-recipes/	0
freezer to oven meals	general	Food/Recipe	1	101	101	1	0.99	2.06	soeasydiy.com/freezer-to-oven-meals/	1
high protein freezer meals	general	Food/Recipe	1	84	84	0	0	0	soeasydiy.com/high-protein-freezer-meals/	0
ahead freezer meals for diabetics	general	Food/Recipe	1	79	79	0	0	0	soeasydiy.com/make-ahead-freezer-meals-for-diabetics/	0
oat energy balls healthy recipes	food-baking	Food/Recipe	1	64	64	0	0	0	soeasydiy.com/oat-energy-balls-healthy-recipes/	0
high protein freezer meals crock pot	product-specific	Food/Recipe	1	62	62	0	0	0	soeasydiy.com/high-protein-freezer-meals-crock-pot/	0
alpha gal dessert recipes	food-baking	Food/Recipe	1	56	56	1	1.79	3.25	soeasydiy.com/alpha-gal-dessert-recipes/	1
freezer sheet pan meals	product-specific	Food/Recipe	1	54	54	0	0	0	soeasydiy.com/freezer-sheet-pan-meals/	0
beef freezer meals make ahead	diy-craft	Food/Recipe	1	52	52	0	0	0	soeasydiy.com/beef-freezer-meals-make-ahead/	0
dairy free freezer meals	general	Food/Recipe	1	51	51	0	0	0	soeasydiy.com/dairy-free-freezer-meals/	0
chicken freezer dump meals	food-recipe	Food/Recipe	1	45	45	0	0	0	soeasydiy.com/chicken-freezer-dump-meals/	0
ahead freezer meals postpartum	general	Food/Recipe	1	44	44	0	0	0	soeasydiy.com/make-ahead-freezer-meals-postpartum/	0
ahead freezer meals for college students	general	Food/Recipe	1	39	39	0	0	0	soeasydiy.com/make-ahead-freezer-meals-for-college-students/	0
chicken thigh freezer meals	food-recipe	Food/Recipe	1	33	33	0	0	0	soeasydiy.com/chicken-thigh-freezer-meals/	0
cracker dessert recipes saltine	food-baking	Food/Recipe	1	32	32	0	0	0	soeasydiy.com/cracker-dessert-recipes-saltine/	0
leftover turkey freezer meals	food-recipe	Food/Recipe	1	30	30	0	0	0	soeasydiy.com/leftover-turkey-freezer-meals/	0
freezer meals for picky eaters	general	Food/Recipe	1	28	28	0	0	0	soeasydiy.com/freezer-meals-for-picky-eaters/	0
ground turkey freezer meals	food-recipe	Food/Recipe	1	25	25	1	4	5.85	soeasydiy.com/ground-turkey-freezer-meals/	1
easy cold dessert recipes	food-baking	Food/Recipe	1	24	24	0	0	0	soeasydiy.com/easy-cold-dessert-recipes/	0
dream dinners recipes freezer meals	food-baking	Food/Recipe	1	22	22	0	0	0	soeasydiy.com/dream-dinners-recipes-freezer-meals/	0
okara recipes healthy	food-baking	Food/Recipe	1	22	22	0	0	0	soeasydiy.com/okara-recipes-healthy/	0
freezer meals for vacation	general	Food/Recipe	1	21	21	0	0	0	soeasydiy.com/freezer-meals-for-vacation/	0
keto crockpot freezer meals	food-recipe	Food/Recipe	1	20	20	0	0	0	soeasydiy.com/keto-crockpot-freezer-meals/	0
vegan rice casserole recipes	food-baking	Food/Recipe	1	20	20	0	0	0	soeasydiy.com/vegan-rice-casserole-recipes/	0
gf df freezer meals	general	Food/Recipe	1	18	18	0	0	0	soeasydiy.com/gf-df-freezer-meals/	0
healthy sweet treat recipes	food-baking	Food/Recipe	1	18	18	0	0	0	soeasydiy.com/healthy-sweet-treat-recipes/	0
healthy crockpot freezer meals for two	food-recipe	Food/Recipe	1	15	15	0	0	0	soeasydiy.com/healthy-crockpot-freezer-meals-for-two/	0
low cholesterol freezer meals	general	Food/Recipe	1	15	15	0	0	0	soeasydiy.com/low-cholesterol-freezer-meals/	0
vegan navy bean recipes	food-baking	Food/Recipe	1	14	14	0	0	0	soeasydiy.com/vegan-navy-bean-recipes/	0
cheap freezer meals for new moms	general	Food/Recipe	1	13	13	0	0	0	soeasydiy.com/cheap-freezer-meals-for-new-moms/	0
freezer crockpot meals kid friendly	food-recipe	Food/Recipe	1	13	13	0	0	0	soeasydiy.com/freezer-crockpot-meals-kid-friendly/	0
high protein dessert recipes	food-baking	Food/Recipe	1	13	13	0	0	0	soeasydiy.com/high-protein-dessert-recipes/	0
gluten free freezer meals	general	Food/Recipe	1	12	12	0	0	0	soeasydiy.com/gluten-free-freezer-meals/	0
crock pot freezer meals chicken	product-specific	Food/Recipe	1	11	11	0	0	0	soeasydiy.com/crock-pot-freezer-meals-chicken/	0
freezer meals make ahead budget	diy-craft	Food/Recipe	1	11	11	0	0	0	soeasydiy.com/freezer-meals-make-ahead-budget/	0
easy meals for sick family	general	Food/Recipe	1	312	312	0	0	0	pepperspraymum.com/easy-meals-for-sick-family/	0
tart dessert recipes	food-baking	Food/Recipe	1	124	124	0	0	0	pepperspraymum.com/tart-dessert-recipes/	0
harry potter dinner recipes	food-baking	Food/Recipe	1	122	122	0	0	0	pepperspraymum.com/harry-potter-dinner-recipes/	0
large family meals cooking for a crowd	general	Food/Recipe	1	95	95	0	0	0	pepperspraymum.com/large-family-meals-cooking-for-a-crowd/	0
half and half dessert recipes	food-baking	Food/Recipe	2	161	81	0	0	0	pepperspraymum.com/half-and-half-dessert-recipes/	0
kimchi recipes dinner	food-baking	Food/Recipe	1	52	52	0	0	0	pepperspraymum.com/kimchi-recipes-dinner/	0
russian dessert recipes	food-baking	Food/Recipe	1	50	50	2	4	7.06	pepperspraymum.com/russian-dessert-recipes/	2
chicken meals for big family	food-recipe	Food/Recipe	1	48	48	3	6.25	10.92	pepperspraymum.com/chicken-meals-for-big-family/	3
partum meals for family	general	Food/Recipe	1	41	41	0	0	0	pepperspraymum.com/post-partum-meals-for-family/	0
african dessert recipes	food-baking	Food/Recipe	1	37	37	0	0	0	pepperspraymum.com/african-dessert-recipes/	0
low carb high protein family meals	general	Food/Recipe	1	35	35	0	0	0	pepperspraymum.com/low-carb-high-protein-family-meals/	0
family prep meals for the week	general	Food/Recipe	1	34	34	0	0	0	pepperspraymum.com/family-prep-meals-for-the-week/	0
dessert shots recipes	food-baking	Food/Recipe	1	31	31	1	3.23	5.03	pepperspraymum.com/dessert-shots-recipes/	1
mango dinner recipes	food-baking	Food/Recipe	1	29	29	0	0	0	pepperspraymum.com/mango-dinner-recipes/	0
cheap healthy meals for a week family of 4	food-recipe	Food/Recipe	1	27	27	0	0	0	pepperspraymum.com/cheap-healthy-meals-for-a-week-family-of-4/	0
gluten free meals for family	general	Food/Recipe	1	23	23	0	0	0	pepperspraymum.com/gluten-free-meals-for-family/	0
vegan filo pastry recipes	food-baking	Food/Recipe	1	22	22	0	0	0	pepperspraymum.com/vegan-filo-pastry-recipes/	0
flounder recipes healthy	food-baking	Food/Recipe	1	21	21	0	0	0	pepperspraymum.com/flounder-recipes-healthy/	0
whole 30 family meals kids	general	Food/Recipe	1	21	21	0	0	0	pepperspraymum.com/whole-30-family-meals-kids/	0
instant pot large family meals	product-specific	Food/Recipe	1	19	19	0	0	0	pepperspraymum.com/instant-pot-large-family-meals/	0
best meals to take to a family	general	Food/Recipe	1	18	18	0	0	0	pepperspraymum.com/best-meals-to-take-to-a-family/	0
dessert recipes with condensed milk	food-baking	Food/Recipe	1	17	17	0	0	0	pepperspraymum.com/dessert-recipes-with-condensed-milk/	0
family friendly dairy free meals	general	Food/Recipe	1	17	17	0	0	0	pepperspraymum.com/family-friendly-dairy-free-meals/	0
healthy tuna casserole recipes	food-baking	Food/Recipe	1	16	16	0	0	0	pepperspraymum.com/healthy-tuna-casserole-recipes/	0
family meals under 20 dollars	general	Food/Recipe	1	15	15	0	0	0	pepperspraymum.com/family-meals-under-20-dollars/	0
sago dessert recipes	food-baking	Food/Recipe	1	14	14	0	0	0	pepperspraymum.com/sago-dessert-recipes/	0
family friendly gluten free meals	general	Food/Recipe	1	13	13	0	0	0	pepperspraymum.com/family-friendly-gluten-free-meals/	0
high protein low calorie family meals	general	Food/Recipe	1	13	13	0	0	0	pepperspraymum.com/high-protein-low-calorie-family-meals/	0
soy chunks recipes vegan	food-baking	Food/Recipe	1	13	13	0	0	0	pepperspraymum.com/soy-chunks-recipes-vegan/	0
easy healthy dinner recipes for family budget inexpensive meals	food-baking	Food/Recipe	1	12	12	0	0	0	pepperspraymum.com/easy-healthy-dinner-recipes-for-family-budget-inexpensive-meals/	0
cheap healthy meals for family budget	food-recipe	Food/Recipe	1	11	11	0	0	0	pepperspraymum.com/cheap-healthy-meals-for-family-budget/	0
new baby meals for family	general	Food/Recipe	1	10	10	1	10	10.77	pepperspraymum.com/new-baby-meals-for-family/	1
family friendly lean and green meals	general	Food/Recipe	1	7	7	2	28.57	26.68	pepperspraymum.com/family-friendly-lean-and-green-meals/	2
vegan sorbet recipes	food-baking	Food/Recipe	1	6	6	2	33.33	29.13	pepperspraymum.com/vegan-sorbet-recipes/	2
bathroom towel hook ideas	product-specific	Home Decor	1	64	64	2	3.13	1.62	homedoris.com/bathroom-towel-hook-ideas/	2
white tile bathroom ideas	room-ideas	Home Decor	1	25	25	1	4	1.62	homedoris.com/white-tile-bathroom-ideas/	1
guest bedroom ideas	room-ideas	Home Decor	1	14	14	1	7.14	2.4	homedoris.com/guest-bedroom-ideas/	1
minecraft bedroom	room-ideas	Home Decor	2	21	11	4	19.05	5.77	homedoris.com/minecraft-bedroom/	3
backyard pool lighting ideas	room-ideas	Home Decor	1	13	13	0	0	0	homedoris.com/backyard-pool-lighting-ideas/	0
carport curtain ideas	product-specific	Home Decor	1	7	7	2	28.57	7.37	homedoris.com/carport-curtain-ideas/	2
gray bathroom tile ideas	room-ideas	Home Decor	1	6	6	1	16.67	4.02	homedoris.com/gray-bathroom-tile-ideas/	1
rustic curtain rod ideas	product-specific	Home Decor	1	5	5	1	20	4.45	homedoris.com/rustic-curtain-rod-ideas/	1
shabby chic curtain ideas	product-specific	Home Decor	1	4	4	1	25	4.99	homedoris.com/shabby-chic-curtain-ideas/	1
king arthur gluten free flour recipes	food-baking	Food/Recipe	1	201	201	1	0.5	1.19	storyriddles.com/king-arthur-gluten-free-flour-recipes/	1
gluten free sugar free cake recipes	food-baking	Food/Recipe	1	182	182	1	0.55	1.29	storyriddles.com/gluten-free-sugar-free-cake-recipes/	1
healthy discard sourdough recipes	food-baking	Food/Recipe	1	175	175	1	0.57	1.32	storyriddles.com/healthy-discard-sourdough-recipes/	1
gluten free st patricks day recipes	food-baking	Food/Recipe	1	171	171	2	1.17	2.7	storyriddles.com/gluten-free-st-patricks-day-recipes/	2
gluten and dairy free recipes desserts	food-baking	Food/Recipe	1	119	119	0	0	0	storyriddles.com/gluten-and-dairy-free-recipes-desserts/	0
schar gluten free puff pastry recipes	food-baking	Food/Recipe	1	115	115	5	4.35	9.29	storyriddles.com/schar-gluten-free-puff-pastry-recipes/	5
rice paper dessert recipes	food-baking	Food/Recipe	1	112	112	0	0	0	storyriddles.com/rice-paper-dessert-recipes/	0
gluten dairy egg free recipes desserts	food-baking	Food/Recipe	1	107	107	0	0	0	storyriddles.com/gluten-dairy-egg-free-recipes-desserts/	0
gluten free dairy free easter recipes	food-baking	Food/Recipe	1	100	100	0	0	0	storyriddles.com/gluten-free-dairy-free-easter-recipes/	0
gluten free recipes easy celiac desserts	food-baking	Food/Recipe	1	93	93	0	0	0	storyriddles.com/gluten-free-recipes-easy-celiac-desserts/	0
gluten free dairy free muffins recipes	food-baking	Food/Recipe	1	86	86	1	1.16	2.33	storyriddles.com/gluten-free-dairy-free-muffins-recipes/	1
onion no garlic recipes gluten free	food-baking	Food/Recipe	1	84	84	2	2.38	4.75	storyriddles.com/no-onion-no-garlic-recipes-gluten-free/	2
medjool date recipes healthy	food-baking	Food/Recipe	1	78	78	2	2.56	5.02	storyriddles.com/medjool-date-recipes-healthy/	2
gluten free lactose free recipes desserts	food-baking	Food/Recipe	1	77	77	0	0	0	storyriddles.com/gluten-free-lactose-free-recipes-desserts/	0
gluten free dairy free recipes for kids	food-baking	Food/Recipe	1	72	72	0	0	0	storyriddles.com/gluten-free-dairy-free-recipes-for-kids/	0
gluten free dairy free ground beef recipes	food-baking	Food/Recipe	1	67	67	0	0	0	storyriddles.com/gluten-free-dairy-free-ground-beef-recipes/	0
gluten free dairy free lunch recipes	food-baking	Food/Recipe	1	61	61	0	0	0	storyriddles.com/gluten-free-dairy-free-lunch-recipes/	0
gluten and dairy free instant pot recipes	product-specific	Food/Recipe	1	56	56	0	0	0	storyriddles.com/gluten-and-dairy-free-instant-pot-recipes/	0
gluten free recipes for a crowd	food-baking	Food/Recipe	1	52	52	1	1.92	3.42	storyriddles.com/gluten-free-recipes-for-a-crowd/	1
gluten free dairy free brunch recipes	food-baking	Food/Recipe	1	49	49	1	2.04	3.58	storyriddles.com/gluten-free-dairy-free-brunch-recipes/	1
gluten free dairy free potluck recipes	food-baking	Food/Recipe	1	49	49	0	0	0	storyriddles.com/gluten-free-dairy-free-potluck-recipes/	0
gluten and dairy free snack recipes	food-baking	Food/Recipe	1	48	48	0	0	0	storyriddles.com/gluten-and-dairy-free-snack-recipes/	0
low carb gluten free recipes dinner	food-baking	Food/Recipe	1	47	47	0	0	0	storyriddles.com/low-carb-gluten-free-recipes-dinner/	0
basil dinner recipes	food-baking	Food/Recipe	1	46	46	0	0	0	storyriddles.com/basil-dinner-recipes/	0
gluten free egg free dairy free recipes	food-baking	Food/Recipe	1	45	45	4	8.89	15.29	storyriddles.com/gluten-free-egg-free-dairy-free-recipes/	4
keto pork loin recipes crockpot	food-baking	Food/Recipe	1	40	40	0	0	0	storyriddles.com/keto-pork-loin-recipes-crockpot/	0
veggie dinner recipes	food-baking	Food/Recipe	1	35	35	0	0	0	storyriddles.com/no-veggie-dinner-recipes/	0
gluten and dairy free breakfast recipes	food-baking	Food/Recipe	1	29	29	1	3.45	5.27	storyriddles.com/gluten-and-dairy-free-breakfast-recipes/	1
robin hood gluten free flour recipes	food-baking	Food/Recipe	1	29	29	3	10.34	15.79	storyriddles.com/robin-hood-gluten-free-flour-recipes/	3
gluten free recipes for new moms	food-baking	Food/Recipe	1	27	27	0	0	0	storyriddles.com/gluten-free-recipes-for-new-moms/	0
gluten free dinner recipes for two	food-baking	Food/Recipe	1	26	26	0	0	0	storyriddles.com/gluten-free-dinner-recipes-for-two/	0
healthy indian recipes low calories	food-baking	Food/Recipe	1	24	24	2	8.33	12.04	storyriddles.com/healthy-indian-recipes-low-calories/	2
gluten free casein free recipes kids	food-baking	Food/Recipe	1	23	23	1	4.35	6.21	storyriddles.com/gluten-free-casein-free-recipes-kids/	1
low carb gluten free dairy free recipes	food-baking	Food/Recipe	1	23	23	0	0	0	storyriddles.com/low-carb-gluten-free-dairy-free-recipes/	0
gluten and dairy free recipes for dinner	food-baking	Food/Recipe	1	21	21	0	0	0	storyriddles.com/gluten-and-dairy-free-recipes-for-dinner/	0
grapefruit dessert recipes	food-baking	Food/Recipe	1	19	19	0	0	0	storyriddles.com/grapefruit-dessert-recipes/	0
bread healthy recipes	food-baking	Food/Recipe	1	18	18	0	0	0	storyriddles.com/bread-healthy-recipes/	0
gluten and dairy free recipes easy	food-baking	Food/Recipe	1	17	17	1	5.88	7.63	storyriddles.com/gluten-and-dairy-free-recipes-easy/	1
high protein vegan gluten free recipes	food-baking	Food/Recipe	3	55	18	0	0	0	storyriddles.com/high-protein-vegan-gluten-free-recipes/	0
mediterranean diet recipes gluten free dairy free	food-baking	Food/Recipe	1	17	17	1	5.88	7.63	storyriddles.com/mediterranean-diet-recipes-gluten-free-dairy-free/	1
artichoke dinner recipes	food-baking	Food/Recipe	1	16	16	0	0	0	storyriddles.com/artichoke-dinner-recipes/	0
keto chicken tender recipes	food-baking	Food/Recipe	1	16	16	0	0	0	storyriddles.com/keto-chicken-tender-recipes/	0
gluten and dairy free bread recipes	food-baking	Food/Recipe	1	15	15	0	0	0	storyriddles.com/gluten-and-dairy-free-bread-recipes/	0
ground turkey recipes gluten dairy free	food-baking	Food/Recipe	1	15	15	0	0	0	storyriddles.com/ground-turkey-recipes-gluten-dairy-free/	0
cup for cup gluten free flour recipes	food-baking	Food/Recipe	1	14	14	0	0	0	storyriddles.com/cup-for-cup-gluten-free-flour-recipes/	0
gluten free dairy free casserole recipes	food-baking	Food/Recipe	1	14	14	0	0	0	storyriddles.com/gluten-free-dairy-free-casserole-recipes/	0
lentil dessert recipes	food-baking	Food/Recipe	1	14	14	1	7.14	8.68	storyriddles.com/lentil-dessert-recipes/	1
gluten dairy egg soy free breakfast recipes	food-baking	Food/Recipe	1	13	13	0	0	0	storyriddles.com/gluten-dairy-egg-soy-free-breakfast-recipes/	0
guest room with daybed	general	Garden/Outdoor	1	114	114	22	19.3	9.92	lodgvia.com/guest-room-with-daybed/	22
cute guest room	general	Garden/Outdoor	1	94	94	1	1.06	0.52	lodgvia.com/cute-guest-room/	1
guests in a hotel room	general	Garden/Outdoor	1	56	56	0	0	0	lodgvia.com/can-you-have-more-guests-in-a-hotel-room/	0
guest room playroom combo	room-ideas	Garden/Outdoor	1	38	38	1	2.63	1.04	lodgvia.com/guest-room-playroom-combo/	1
twin beds guest room	general	Garden/Outdoor	1	39	39	0	0	0	lodgvia.com/twin-beds-guest-room/	0
bathroom towel storage ideas	product-specific	Garden/Outdoor	1	33	33	2	6.06	2.31	lodgvia.com/bathroom-towel-storage-ideas/	2
tiny guest room ideas	general	Garden/Outdoor	1	31	31	8	25.81	9.69	lodgvia.com/tiny-guest-room-ideas/	8
kids bedroom paint ideas	room-ideas	Garden/Outdoor	2	191	96	0	0	0	lodgvia.com/kids-bedroom-paint-ideas/	0
many guest rooms at mar a lago	general	Garden/Outdoor	1	19	19	0	0	0	lodgvia.com/how-many-guest-rooms-at-mar-a-lago/	0
bunk bed guest room	product-specific	Garden/Outdoor	1	18	18	5	27.78	8.86	lodgvia.com/bunk-bed-guest-room/	5
i have a guest in my hotel room	general	Garden/Outdoor	1	15	15	0	0	0	lodgvia.com/can-i-have-a-guest-in-my-hotel-room/	0
futon guest room	general	Garden/Outdoor	1	15	15	0	0	0	lodgvia.com/futon-guest-room/	0
bunk beds for guest room	general	Garden/Outdoor	1	14	14	14	100	29.32	lodgvia.com/bunk-beds-for-guest-room/	14
game room guest room combo	general	Garden/Outdoor	1	14	14	1	7.14	2.09	lodgvia.com/game-room-guest-room-combo/	1
study and guest room ideas	general	Garden/Outdoor	1	13	13	4	30.77	8.79	lodgvia.com/study-and-guest-room-ideas/	4
guest room storage ideas	general	Garden/Outdoor	1	12	12	0	0	0	lodgvia.com/guest-room-storage-ideas/	0
multipurpose guest room	general	Garden/Outdoor	1	12	12	1	8.33	2.31	lodgvia.com/multipurpose-guest-room/	1
nursery and guest room combo	room-ideas	Garden/Outdoor	1	12	12	1	8.33	2.31	lodgvia.com/nursery-and-guest-room-combo/	1
trundle bed guest room	product-specific	Garden/Outdoor	1	12	12	1	8.33	2.31	lodgvia.com/trundle-bed-guest-room/	1
backyard cinder block ideas	room-ideas	Garden/Outdoor	1	9	9	1	11.11	2.77	lodgvia.com/backyard-cinder-block-ideas/	1
backyard landscape ideas on a budget	room-ideas	Garden/Outdoor	1	9	9	1	11.11	2.77	lodgvia.com/backyard-landscape-ideas-on-a-budget/	1
guest room nightstand	general	Garden/Outdoor	1	7	7	1	14.29	3.22	lodgvia.com/guest-room-nightstand/	1
family guest room	general	Garden/Outdoor	1	5	5	1	20	3.88	lodgvia.com/family-guest-room/	1
guest living room ideas	room-ideas	Garden/Outdoor	1	4	4	3	75	13.07	lodgvia.com/guest-living-room-ideas/	3
guest room with sofa bed	product-specific	Garden/Outdoor	1	4	4	1	25	4.36	lodgvia.com/guest-room-with-sofa-bed/	1
backyard flooring ideas	room-ideas	Garden/Outdoor	2	16	8	1	6.25	1.49	lodgvia.com/backyard-flooring-ideas/	1
french tea party recipes	food-baking	Food/Recipe	1	954	954	27	2.83	8.72	jokesfordays.com/french-tea-party-recipes/	27
easy french recipes	food-baking	Food/Recipe	1	664	664	3	0.45	1.31	jokesfordays.com/easy-french-recipes/	3
french pastries recipes	food-baking	Food/Recipe	1	190	190	1	0.53	1.25	jokesfordays.com/french-pastries-recipes/	1
healthy french recipes	food-baking	Food/Recipe	1	156	156	1	0.64	1.45	jokesfordays.com/healthy-french-recipes/	1
recipes with french bread loaf	food-baking	Food/Recipe	1	125	125	0	0	0	jokesfordays.com/recipes-with-french-bread-loaf/	0
recipes with french bread	food-baking	Food/Recipe	1	105	105	0	0	0	jokesfordays.com/recipes-with-french-bread/	0
recipes with french fried onions	food-baking	Food/Recipe	1	80	80	1	1.25	2.47	jokesfordays.com/recipes-with-french-fried-onions/	1
frozen french fries recipes	food-baking	Food/Recipe	1	68	68	0	0	0	jokesfordays.com/frozen-french-fries-recipes/	0
keto dairy free recipes dinner	food-baking	Food/Recipe	1	66	66	1	1.52	2.87	jokesfordays.com/keto-dairy-free-recipes-dinner/	1
ina garten french recipes	food-baking	Food/Recipe	1	63	63	0	0	0	jokesfordays.com/ina-garten-french-recipes/	0
cob loaf dip recipes french onion	food-baking	Food/Recipe	1	60	60	0	0	0	jokesfordays.com/cob-loaf-dip-recipes-french-onion/	0
recipes using leftover french fries	food-baking	Food/Recipe	1	58	58	0	0	0	jokesfordays.com/recipes-using-leftover-french-fries/	0
recipes using french baguette	food-baking	Food/Recipe	1	57	57	1	1.75	3.19	jokesfordays.com/recipes-using-french-baguette/	1
campbells french onion soup recipes	food-baking	Food/Recipe	1	56	56	1	1.79	3.25	jokesfordays.com/campbells-french-onion-soup-recipes/	1
french blue cheese recipes	food-baking	Food/Recipe	1	54	54	0	0	0	jokesfordays.com/french-blue-cheese-recipes/	0
french vanilla dump cake recipes	food-baking	Food/Recipe	1	54	54	0	0	0	jokesfordays.com/french-vanilla-dump-cake-recipes/	0
pancake mix dessert recipes	food-baking	Food/Recipe	1	53	53	1	1.89	3.39	jokesfordays.com/pancake-mix-dessert-recipes/	1
french puff pastry recipes savory	food-baking	Food/Recipe	1	52	52	0	0	0	jokesfordays.com/french-puff-pastry-recipes-savory/	0
french fries seasoning recipes	food-baking	Food/Recipe	1	51	51	1	1.96	3.48	jokesfordays.com/french-fries-seasoning-recipes/	1
pizza crust dessert recipes	food-baking	Food/Recipe	1	46	46	0	0	0	jokesfordays.com/pizza-crust-dessert-recipes/	0
vegan hobbit recipes	food-baking	Food/Recipe	1	46	46	2	4.35	7.52	jokesfordays.com/vegan-hobbit-recipes/	2
french bread toppings recipes	food-baking	Food/Recipe	1	45	45	0	0	0	jokesfordays.com/french-bread-toppings-recipes/	0
muffin tin recipes dinner	food-baking	Food/Recipe	1	44	44	0	0	0	jokesfordays.com/muffin-tin-recipes-dinner/	0
different french toast recipes	food-baking	Food/Recipe	1	43	43	0	0	0	jokesfordays.com/different-french-toast-recipes/	0
french vegetarian recipes	food-baking	Food/Recipe	1	42	42	1	2.38	4.02	jokesfordays.com/french-vegetarian-recipes/	1
french vanilla poke cake recipes	food-baking	Food/Recipe	1	40	40	0	0	0	jokesfordays.com/french-vanilla-poke-cake-recipes/	0
french fried onion recipes	food-baking	Food/Recipe	1	33	33	0	0	0	jokesfordays.com/french-fried-onion-recipes/	0
dinner mediterranean recipes	food-baking	Food/Recipe	1	32	32	0	0	0	jokesfordays.com/dinner-mediterranean-recipes/	0
ina garten recipes dinner	food-baking	Food/Recipe	1	32	32	0	0	0	jokesfordays.com/ina-garten-recipes-dinner/	0
french dessert recipes	food-baking	Food/Recipe	1	28	28	1	3.57	5.4	jokesfordays.com/french-dessert-recipes/	1
vegan portuguese recipes	food-baking	Food/Recipe	1	28	28	0	0	0	jokesfordays.com/vegan-portuguese-recipes/	0
low sodium recipes dinner	food-baking	Food/Recipe	1	23	23	1	4.35	6.21	jokesfordays.com/low-sodium-recipes-dinner/	1
mediterranean fish recipes healthy	food-baking	Food/Recipe	1	23	23	0	0	0	jokesfordays.com/mediterranean-fish-recipes-healthy/	0
lorna doone dessert recipes	food-baking	Food/Recipe	1	19	19	0	0	0	jokesfordays.com/lorna-doone-dessert-recipes/	0
noom dinner recipes	food-baking	Food/Recipe	1	19	19	0	0	0	jokesfordays.com/noom-dinner-recipes/	0
french chestnut dessert recipes	food-baking	Food/Recipe	1	16	16	0	0	0	jokesfordays.com/french-chestnut-dessert-recipes/	0
vegan tofu sandwich recipes	food-baking	Food/Recipe	1	16	16	0	0	0	jokesfordays.com/vegan-tofu-sandwich-recipes/	0
italian dinner party recipes	food-baking	Food/Recipe	1	15	15	0	0	0	jokesfordays.com/italian-dinner-party-recipes/	0
recipes with french onion soup packet	food-baking	Food/Recipe	1	14	14	0	0	0	jokesfordays.com/recipes-with-french-onion-soup-packet/	0
recipes with french fries	food-baking	Food/Recipe	1	13	13	1	7.69	9.11	jokesfordays.com/recipes-with-french-fries/	1
gluten free french recipes	food-baking	Food/Recipe	1	11	11	0	0	0	jokesfordays.com/gluten-free-french-recipes/	0
mediterranean dessert recipes	food-baking	Food/Recipe	1	78	78	0	0	0	chickenwhisk.com/mediterranean-dessert-recipes/	0
shredded chicken keto recipes	food-baking	Food/Recipe	1	39	39	0	0	0	chickenwhisk.com/shredded-chicken-keto-recipes/	0
avocado dessert recipes	food-baking	Food/Recipe	1	27	27	0	0	0	chickenwhisk.com/avocado-dessert-recipes/	0
fig dessert recipes	food-baking	Food/Recipe	1	26	26	0	0	0	chickenwhisk.com/fig-dessert-recipes/	0
healthy prawn recipes	food-baking	Food/Recipe	1	19	19	0	0	0	chickenwhisk.com/healthy-prawn-recipes/	0
easiest dessert recipes	food-baking	Food/Recipe	2	29	15	0	0	0	chickenwhisk.com/easiest-dessert-recipes/	0
studio ghibli room	general	Home Decor	1	91	91	5	5.49	3.08	smallvia.com/studio-ghibli-room/	5
kitchen hutch decorating ideas	room-ideas	Home Decor	1	72	72	1	1.39	0.74	smallvia.com/kitchen-hutch-decorating-ideas/	1
basement apartment ideas	room-ideas	Home Decor	1	60	60	8	13.33	6.8	smallvia.com/basement-apartment-ideas/	8
olive green bathroom ideas	room-ideas	Home Decor	1	59	59	5	8.47	4.3	smallvia.com/olive-green-bathroom-ideas/	5
small one bedroom apartment ideas	room-ideas	Home Decor	1	46	46	14	30.43	14.53	smallvia.com/small-one-bedroom-apartment-ideas/	14
small space makeup vanity	product-specific	Home Decor	1	46	46	1	2.17	1.04	smallvia.com/small-space-makeup-vanity/	1
yellow wall living room ideas	room-ideas	Home Decor	1	42	42	1	2.38	1.11	smallvia.com/yellow-wall-living-room-ideas/	1
small space staircase	general	Home Decor	1	33	33	1	3.03	1.33	smallvia.com/small-space-staircase/	1
natural stone bathroom ideas	room-ideas	Home Decor	1	27	27	1	3.7	1.53	smallvia.com/natural-stone-bathroom-ideas/	1
dark brown bedroom ideas	room-ideas	Home Decor	1	26	26	0	0	0	smallvia.com/dark-brown-bedroom-ideas/	0
apartment essentials	general	Home Decor	1	23	23	0	0	0	smallvia.com/apartment-essentials/	0
bedroom clothes storage ideas	outfit-style	Home Decor	1	21	21	3	14.29	5.48	smallvia.com/bedroom-clothes-storage-ideas/	3
microwave ideas in kitchen	room-ideas	Home Decor	1	19	19	0	0	0	smallvia.com/microwave-ideas-in-kitchen/	0
apartment decorating	diy-craft	Home Decor	1	18	18	0	0	0	smallvia.com/apartment-decorating/	0
commercial bathroom ideas	room-ideas	Home Decor	1	18	18	0	0	0	smallvia.com/commercial-bathroom-ideas/	0
burgundy bathroom ideas	room-ideas	Home Decor	1	16	16	0	0	0	smallvia.com/burgundy-bathroom-ideas/	0
nyc apartment interior	general	Home Decor	1	14	14	1	7.14	2.4	smallvia.com/nyc-apartment-interior/	1
bachelor apartment ideas	general	Home Decor	1	12	12	0	0	0	smallvia.com/bachelor-apartment-ideas/	0
navy blue bathroom ideas	room-ideas	Home Decor	1	12	12	0	0	0	smallvia.com/navy-blue-bathroom-ideas/	0
beachy apartment	general	Home Decor	1	11	11	0	0	0	smallvia.com/beachy-apartment/	0
small loft apartment	general	Home Decor	1	9	9	2	22.22	6.35	smallvia.com/small-loft-apartment/	2
open kitchen partition ideas	room-ideas	Home Decor	1	7	7	1	14.29	3.69	smallvia.com/open-kitchen-partition-ideas/	1
aesthetic apartment decor	wedding-event	Home Decor	1	3	3	1	33.33	5.73	smallvia.com/aesthetic-apartment-decor/	1
instant dessert recipes	food-baking	Food/Recipe	1	79	79	0	0	0	freshdairyfree.com/instant-dessert-recipes/	0
gluten free dairy free bread machine recipes	food-baking	Food/Recipe	1	64	64	1	1.56	2.92	freshdairyfree.com/gluten-free-dairy-free-bread-machine-recipes/	1
healthy venison recipes	food-baking	Food/Recipe	1	57	57	0	0	0	freshdairyfree.com/healthy-venison-recipes/	0
spring recipes dessert	food-baking	Food/Recipe	1	57	57	1	1.75	3.19	freshdairyfree.com/spring-recipes-dessert/	1
kitchenaid ice cream maker recipes dairy free	food-baking	Food/Recipe	1	54	54	1	1.85	3.33	freshdairyfree.com/kitchenaid-ice-cream-maker-recipes-dairy-free/	1
whole30 dessert recipes	food-baking	Food/Recipe	1	54	54	0	0	0	freshdairyfree.com/whole30-dessert-recipes/	0
keto mascarpone recipes	food-baking	Food/Recipe	1	41	41	0	0	0	freshdairyfree.com/keto-mascarpone-recipes/	0
maria cookies dessert recipes	food-baking	Food/Recipe	1	37	37	0	0	0	freshdairyfree.com/maria-cookies-dessert-recipes/	0
keto mozzarella recipes	food-baking	Food/Recipe	1	29	29	0	0	0	freshdairyfree.com/keto-mozzarella-recipes/	0
healthy chuck roast recipes	food-baking	Food/Recipe	1	27	27	0	0	0	freshdairyfree.com/healthy-chuck-roast-recipes/	0
dairy free pork chop recipes crockpot	food-baking	Food/Recipe	1	26	26	0	0	0	freshdairyfree.com/dairy-free-pork-chop-recipes-crockpot/	0
vegan persian recipes	food-baking	Food/Recipe	1	26	26	0	0	0	freshdairyfree.com/vegan-persian-recipes/	0
bland dinner recipes	food-baking	Food/Recipe	1	25	25	1	4	5.85	freshdairyfree.com/bland-dinner-recipes/	1
dairy and egg free cake recipes	food-baking	Food/Recipe	1	22	22	0	0	0	freshdairyfree.com/dairy-and-egg-free-cake-recipes/	0
biscoff dessert recipes	food-baking	Food/Recipe	1	19	19	1	5.26	7.08	freshdairyfree.com/biscoff-dessert-recipes/	1
keto meal prep recipes	food-baking	Food/Recipe	1	16	16	0	0	0	freshdairyfree.com/keto-meal-prep-recipes/	0
dinner quiche recipes	food-baking	Food/Recipe	1	15	15	0	0	0	freshdairyfree.com/dinner-quiche-recipes/	0
ground beef crockpot recipes dairy free	food-baking	Food/Recipe	1	15	15	0	0	0	freshdairyfree.com/ground-beef-crockpot-recipes-dairy-free/	0
churn dairy free ice cream recipes	food-baking	Food/Recipe	1	13	13	0	0	0	freshdairyfree.com/no-churn-dairy-free-ice-cream-recipes/	0
small dessert recipes	food-baking	Food/Recipe	1	13	13	0	0	0	freshdairyfree.com/small-dessert-recipes/	0
healthy ninja creami ice cream recipes dairy free	food-baking	Food/Recipe	1	12	12	0	0	0	freshdairyfree.com/healthy-ninja-creami-ice-cream-recipes-dairy-free/	0
chicken pasta recipes dairy free	food-baking	Food/Recipe	1	11	11	0	0	0	freshdairyfree.com/chicken-pasta-recipes-dairy-free/	0
healthy kielbasa recipes	food-baking	Food/Recipe	1	11	11	0	0	0	freshdairyfree.com/healthy-kielbasa-recipes/	0
vitamix dairy free ice cream recipes	food-baking	Food/Recipe	1	11	11	0	0	0	freshdairyfree.com/vitamix-dairy-free-ice-cream-recipes/	0
toddler dinner recipes	food-baking	Food/Recipe	1	10	10	1	10	10.77	freshdairyfree.com/toddler-dinner-recipes/	1
8x8 dessert recipes	food-baking	Food/Recipe	1	325	325	0	0	0	purechinataste.com/8x8-dessert-recipes/	0
microwave recipes dessert	food-baking	Food/Recipe	1	53	53	0	0	0	purechinataste.com/microwave-recipes-dessert/	0
chinese food recipes lo mein	food-baking	Food/Recipe	1	38	38	1	2.63	4.33	purechinataste.com/chinese-food-recipes-lo-mein/	1
vegan irish recipes	food-baking	Food/Recipe	1	36	36	0	0	0	purechinataste.com/vegan-irish-recipes/	0
hawaiian roll dessert recipes	food-baking	Food/Recipe	1	28	28	0	0	0	purechinataste.com/hawaiian-roll-dessert-recipes/	0
chinese egg noodle recipes stir fry	food-baking	Food/Recipe	1	18	18	0	0	0	purechinataste.com/chinese-egg-noodle-recipes-stir-fry/	0
beef chinese recipes stir fry	food-baking	Food/Recipe	1	16	16	0	0	0	purechinataste.com/beef-chinese-recipes-stir-fry/	0
chinese chicken and eggplant recipes	food-baking	Food/Recipe	1	15	15	0	0	0	purechinataste.com/chinese-chicken-and-eggplant-recipes/	0
chinese eggplant and tofu recipes	food-baking	Food/Recipe	1	15	15	0	0	0	purechinataste.com/chinese-eggplant-and-tofu-recipes/	0
chinese shrimp egg roll recipes	food-baking	Food/Recipe	1	14	14	0	0	0	purechinataste.com/chinese-shrimp-egg-roll-recipes/	0
chinese beef noodle soup recipes	food-baking	Food/Recipe	1	13	13	0	0	0	purechinataste.com/chinese-beef-noodle-soup-recipes/	0
keto clean eating recipes	food-baking	Food/Recipe	1	13	13	0	0	0	purechinataste.com/keto-clean-eating-recipes/	0
chinese chicken recipes air fryer	food-baking	Food/Recipe	1	16	16	0	0	0	purechinataste.com/chinese-chicken-recipes-air-fryer/	0
chinese chicken recipes stir fry	food-baking	Food/Recipe	1	12	12	0	0	0	purechinataste.com/chinese-chicken-recipes-stir-fry/	0
chinese rice noodle recipes stir fry	food-baking	Food/Recipe	1	12	12	0	0	0	purechinataste.com/chinese-rice-noodle-recipes-stir-fry/	0
vegan french recipes	food-baking	Food/Recipe	1	12	12	0	0	0	purechinataste.com/vegan-french-recipes/	0
chinese five spice chicken recipes	food-baking	Food/Recipe	1	11	11	0	0	0	purechinataste.com/chinese-five-spice-chicken-recipes/	0
vegan recipes protein	food-baking	Food/Recipe	1	10	10	4	40	43.07	purechinataste.com/vegan-recipes-protein/	4
layered dessert recipes	food-baking	Food/Recipe	1	6	6	1	16.67	14.57	purechinataste.com/layered-dessert-recipes/	1
bisquick scones	general	Food/Recipe	1	80	80	0	0	0	bakelix.com/bisquick-scones/	0
3 ingredient mug cake	food-baking	Food/Recipe	1	62	62	0	0	0	bakelix.com/3-ingredient-mug-cake/	0
brownies from cake mix	food-baking	Food/Recipe	1	57	57	0	0	0	bakelix.com/brownies-from-cake-mix/	0
philadelphia no bake cheesecake	food-baking	Food/Recipe	1	55	55	0	0	0	bakelix.com/philadelphia-no-bake-cheesecake/	0
bake brownies	food-baking	Food/Recipe	1	52	52	0	0	0	bakelix.com/no-bake-brownies/	0
2 ingredient lemon bars	general	Food/Recipe	1	36	36	0	0	0	bakelix.com/2-ingredient-lemon-bars/	0
pineapple muffins	food-baking	Food/Recipe	1	36	36	0	0	0	bakelix.com/pineapple-muffins/	0
air fryer biscuits	general	Food/Recipe	1	35	35	0	0	0	bakelix.com/air-fryer-biscuits/	0
mascarpone frosting	food-baking	Food/Recipe	1	31	31	0	0	0	bakelix.com/mascarpone-frosting/	0
lemon loaf	general	Food/Recipe	1	30	30	0	0	0	bakelix.com/lemon-loaf/	0
maple chocolate chip cookies	food-baking	Food/Recipe	1	30	30	0	0	0	bakelix.com/maple-chocolate-chip-cookies/	0
kefir based baking recipes	food-baking	Food/Recipe	1	28	28	0	0	0	bakelix.com/kefir-based-baking-recipes/	0
chocolate banana cake	food-baking	Food/Recipe	1	27	27	0	0	0	bakelix.com/chocolate-banana-cake/	0
oat flour cookies	food-baking	Food/Recipe	1	27	27	1	3.7	5.54	bakelix.com/oat-flour-cookies/	1
banana buttermilk muffins	food-baking	Food/Recipe	1	24	24	0	0	0	bakelix.com/banana-buttermilk-muffins/	0
peanut butter muffins	food-baking	Food/Recipe	1	24	24	0	0	0	bakelix.com/peanut-butter-muffins/	0
carrot cake muffins	food-baking	Food/Recipe	1	23	23	0	0	0	bakelix.com/carrot-cake-muffins/	0
cool whip fruit dip	food-recipe	Food/Recipe	1	22	22	0	0	0	bakelix.com/cool-whip-fruit-dip/	0
chocolate chip cake	food-baking	Food/Recipe	1	21	21	0	0	0	bakelix.com/chocolate-chip-cake/	0
key lime bars	general	Food/Recipe	1	20	20	0	0	0	bakelix.com/key-lime-bars/	0
southern living cake recipes	food-baking	Food/Recipe	1	20	20	0	0	0	bakelix.com/southern-living-cake-recipes/	0
first birthday cake ideas for girls	food-baking	Food/Recipe	1	18	18	1	5.56	7.35	bakelix.com/first-birthday-cake-ideas-for-girls/	1
paula deen cake recipes	food-baking	Food/Recipe	1	18	18	0	0	0	bakelix.com/paula-deen-cake-recipes/	0
lemon cream cheese frosting	food-baking	Food/Recipe	1	17	17	0	0	0	bakelix.com/lemon-cream-cheese-frosting/	0
maple butter	general	Food/Recipe	1	17	17	0	0	0	bakelix.com/maple-butter/	0
pioneer woman cake recipes	food-baking	Food/Recipe	1	17	17	0	0	0	bakelix.com/pioneer-woman-cake-recipes/	0
cinnamon rolls with heavy cream	general	Food/Recipe	1	16	16	0	0	0	bakelix.com/cinnamon-rolls-with-heavy-cream/	0
lemon pancakes	general	Food/Recipe	1	16	16	0	0	0	bakelix.com/lemon-pancakes/	0
mini cake pans recipes	food-baking	Food/Recipe	1	16	16	1	6.25	7.95	bakelix.com/mini-cake-pans-recipes/	1
pancakes without milk	general	Food/Recipe	1	16	16	0	0	0	bakelix.com/pancakes-without-milk/	0
lavender cookies	food-baking	Food/Recipe	1	15	15	0	0	0	bakelix.com/lavender-cookies/	0
banana mini muffins	food-baking	Food/Recipe	1	14	14	1	7.14	8.68	bakelix.com/banana-mini-muffins/	1
bisquick cheddar biscuits	general	Food/Recipe	1	14	14	0	0	0	bakelix.com/bisquick-cheddar-biscuits/	0
hazelnut cookies	food-baking	Food/Recipe	1	13	13	0	0	0	bakelix.com/hazelnut-cookies/	0
two apple recipes	food-baking	Food/Recipe	1	13	13	0	0	0	bakelix.com/two-apple-recipes/	0
3 ingredient banana pancakes	general	Food/Recipe	1	12	12	0	0	0	bakelix.com/3-ingredient-banana-pancakes/	0
blueberry ricotta cake	food-baking	Food/Recipe	1	12	12	0	0	0	bakelix.com/blueberry-ricotta-cake/	0
chocolate chip cookies without brown sugar	food-baking	Food/Recipe	1	12	12	0	0	0	bakelix.com/chocolate-chip-cookies-without-brown-sugar/	0
frozen yogurt bars	pop-culture	Food/Recipe	1	12	12	0	0	0	bakelix.com/frozen-yogurt-bars/	0
peanut butter bread	food-baking	Food/Recipe	1	12	12	0	0	0	bakelix.com/peanut-butter-bread/	0
banana bread pudding	food-baking	Food/Recipe	1	11	11	0	0	0	bakelix.com/banana-bread-pudding/	0
buttermilk pound cake	food-baking	Food/Recipe	1	11	11	0	0	0	bakelix.com/buttermilk-pound-cake/	0
chocolate poke cake with condensed milk	food-baking	Food/Recipe	1	11	11	0	0	0	bakelix.com/chocolate-poke-cake-with-condensed-milk/	0
frozen rhubarb recipes baking	food-baking	Food/Recipe	1	11	11	0	0	0	bakelix.com/frozen-rhubarb-recipes-baking/	0
mascarpone cream cheese frosting	food-baking	Food/Recipe	1	11	11	0	0	0	bakelix.com/mascarpone-cream-cheese-frosting/	0
orange cake	food-baking	Food/Recipe	1	11	11	0	0	0	bakelix.com/orange-cake/	0
rice cake dessert recipes	food-baking	Food/Recipe	1	11	11	0	0	0	bakelix.com/rice-cake-dessert-recipes/	0
closet organization ideas	room-ideas	Garden/Outdoor	1	235	235	1	0.43	0.25	artevohome.com/closet-organization-ideas/	1
office decor ideas	room-ideas	Garden/Outdoor	1	165	165	4	2.42	1.34	artevohome.com/office-decor-ideas/	4
paver patio ideas	room-ideas	Garden/Outdoor	1	135	135	9	6.67	3.55	artevohome.com/paver-patio-ideas/	9
small backyard pool ideas	room-ideas	Garden/Outdoor	1	116	116	1	0.86	0.44	artevohome.com/small-backyard-pool-ideas/	1
cheap wall decor ideas	wedding-event	Garden/Outdoor	1	102	102	1	0.98	0.49	artevohome.com/cheap-wall-decor-ideas/	1
pool fence ideas	general	Garden/Outdoor	1	89	89	17	19.1	9.31	artevohome.com/pool-fence-ideas/	17
dog kennel ideas outdoor	general	Garden/Outdoor	1	87	87	1	1.15	0.56	artevohome.com/dog-kennel-ideas-outdoor/	1
small pantry ideas	general	Garden/Outdoor	1	85	85	2	2.35	1.13	artevohome.com/small-pantry-ideas/	2
vegetable garden design ideas	room-ideas	Garden/Outdoor	1	79	79	5	6.33	3	artevohome.com/vegetable-garden-design-ideas/	5
kids closet organization ideas	room-ideas	Garden/Outdoor	1	78	78	0	0	0	artevohome.com/kids-closet-organization-ideas/	0
linen closet organization ideas	room-ideas	Garden/Outdoor	1	74	74	0	0	0	artevohome.com/linen-closet-organization-ideas/	0
japanese garden ideas	room-ideas	Garden/Outdoor	1	62	62	1	1.61	0.72	artevohome.com/japanese-garden-ideas/	1
vertical garden ideas	room-ideas	Garden/Outdoor	1	57	57	0	0	0	artevohome.com/vertical-garden-ideas/	0
garage wall decor ideas	room-ideas	Garden/Outdoor	1	54	54	1	1.85	0.8	artevohome.com/garage-wall-decor-ideas/	1
desk ideas	general	Garden/Outdoor	1	48	48	0	0	0	artevohome.com/desk-ideas/	0
fence decorating ideas	diy-craft	Garden/Outdoor	1	48	48	3	6.25	2.63	artevohome.com/fence-decorating-ideas/	3
bedroom ideas for men	room-ideas	Garden/Outdoor	1	45	45	0	0	0	artevohome.com/bedroom-ideas-for-men/	0
small staircase ideas	general	Garden/Outdoor	1	42	42	0	0	0	artevohome.com/small-staircase-ideas/	0
apartment remodel ideas	general	Garden/Outdoor	1	40	40	12	30	12.06	artevohome.com/apartment-remodel-ideas/	12
oak kitchen ideas	room-ideas	Garden/Outdoor	1	40	40	1	2.5	1.01	artevohome.com/oak-kitchen-ideas/	1
hallway wall decor ideas	room-ideas	Garden/Outdoor	1	39	39	0	0	0	artevohome.com/hallway-wall-decor-ideas/	0
small backyard landscaping ideas	room-ideas	Garden/Outdoor	1	39	39	1	2.56	1.02	artevohome.com/small-backyard-landscaping-ideas/	1
murphy bed designs	product-specific	Garden/Outdoor	1	37	37	3	8.11	3.19	artevohome.com/murphy-bed-designs/	3
ground pool deck ideas	general	Garden/Outdoor	1	35	35	0	0	0	artevohome.com/above-ground-pool-deck-ideas/	0
fireplace ideas with tv	general	Garden/Outdoor	1	35	35	4	11.43	4.44	artevohome.com/fireplace-ideas-with-tv/	4
outdoor decor ideas	wedding-event	Garden/Outdoor	1	34	34	1	2.94	1.13	artevohome.com/outdoor-decor-ideas/	1
console table ideas	general	Garden/Outdoor	1	31	31	0	0	0	artevohome.com/console-table-ideas/	0
raised bed garden ideas	product-specific	Garden/Outdoor	1	31	31	0	0	0	artevohome.com/raised-bed-garden-ideas/	0
outdoor entertaining area ideas	general	Garden/Outdoor	1	30	30	0	0	0	artevohome.com/outdoor-entertaining-area-ideas/	0
basement bathroom ideas	room-ideas	Garden/Outdoor	1	29	29	0	0	0	artevohome.com/basement-bathroom-ideas/	0
kitchen table decor	room-ideas	Garden/Outdoor	1	29	29	1	3.45	1.27	artevohome.com/kitchen-table-decor/	1
outdoor fire pits ideas	general	Garden/Outdoor	1	29	29	2	6.9	2.54	artevohome.com/outdoor-fire-pits-ideas/	2
bedroom makeover ideas	room-ideas	Garden/Outdoor	1	28	28	0	0	0	artevohome.com/bedroom-makeover-ideas/	0
kitchen cabinets ideas	room-ideas	Garden/Outdoor	1	27	27	1	3.7	1.34	artevohome.com/kitchen-cabinets-ideas/	1
sofa table decor ideas	product-specific	Garden/Outdoor	1	27	27	0	0	0	artevohome.com/sofa-table-decor-ideas/	0
pantry shelving ideas	general	Garden/Outdoor	1	26	26	0	0	0	artevohome.com/pantry-shelving-ideas/	0
pavers walkway ideas	general	Garden/Outdoor	1	26	26	1	3.85	1.37	artevohome.com/pavers-walkway-ideas/	1
bookshelf ideas	general	Garden/Outdoor	1	25	25	1	4	1.41	artevohome.com/bookshelf-ideas/	1
french country living room ideas	room-ideas	Garden/Outdoor	1	25	25	0	0	0	artevohome.com/french-country-living-room-ideas/	0
simple wedding table decor ideas	wedding-event	Garden/Outdoor	1	24	24	0	0	0	artevohome.com/simple-wedding-table-decor-ideas/	0
kitchen trash can ideas	room-ideas	Garden/Outdoor	2	36	18	9	25	7.97	artevohome.com/kitchen-trash-can-ideas/	5
concrete porch ideas	general	Garden/Outdoor	1	22	22	0	0	0	artevohome.com/concrete-porch-ideas/	0
pantry door ideas	general	Garden/Outdoor	1	21	21	1	4.76	1.59	artevohome.com/pantry-door-ideas/	1
stair railing ideas	general	Garden/Outdoor	1	21	21	0	0	0	artevohome.com/stair-railing-ideas/	0
under bathroom sink organization ideas	room-ideas	Garden/Outdoor	1	21	21	1	4.76	1.59	artevohome.com/under-bathroom-sink-organization-ideas/	1
denim and diamonds party outfit ideas	outfit-style	Styling	1	170	170	14	8.24	5.63	hervoguelife.com/denim-and-diamonds-party-outfit-ideas/	14
outfit ideas for rectangle body shape	outfit-style	Styling	1	143	143	1	0.7	0.46	hervoguelife.com/outfit-ideas-for-rectangle-body-shape/	1
outfits for 50 year old women	outfit-style	Styling	1	130	130	5	3.85	2.5	hervoguelife.com/outfits-for-50-year-old-women/	5
outfit ideas for interview for women	outfit-style	Styling	1	117	117	20	17.09	10.84	hervoguelife.com/outfit-ideas-for-interview-for-women/	20
outfit ideas for pear shaped women	outfit-style	Styling	1	104	104	18	17.31	10.71	hervoguelife.com/outfit-ideas-for-pear-shaped-women/	18
skin care for black women skincare	hair-beauty	Styling	1	95	95	16	16.84	10.22	hervoguelife.com/skin-care-for-black-women-skincare/	16
outfit ideas for plus size women	outfit-style	Styling	1	87	87	20	22.99	13.68	hervoguelife.com/outfit-ideas-for-plus-size-women/	20
james bond theme party outfit women	outfit-style	Styling	1	82	82	1	1.22	0.72	hervoguelife.com/james-bond-theme-party-outfit-women/	1
free knitting patterns for women sweater	diy-craft	Styling	1	66	66	6	9.09	5.08	hervoguelife.com/free-knitting-patterns-for-women-sweater/	6
smart casual outfit ideas for women	outfit-style	Styling	1	64	64	1	1.56	0.87	hervoguelife.com/smart-casual-outfit-ideas-for-women/	1
graduation outfit ideas for mom classy	outfit-style	Styling	1	61	61	4	6.56	3.6	hervoguelife.com/graduation-outfit-ideas-for-mom-classy/	4
puerto rico tattoo ideas for women	tattoo	Styling	1	56	56	0	0	0	hervoguelife.com/puerto-rico-tattoo-ideas-for-women/	0
fashion for women over 60 outfits	outfit-style	Styling	1	55	55	4	7.27	3.89	hervoguelife.com/fashion-for-women-over-60-outfits/	4
great gatsby outfit ideas women	outfit-style	Styling	1	53	53	3	5.66	3	hervoguelife.com/the-great-gatsby-outfit-ideas-women/	3
r and b concert outfit ideas	outfit-style	Styling	1	49	49	2	4.08	2.12	hervoguelife.com/r-and-b-concert-outfit-ideas/	2
western outfits women party cocktail dresses	outfit-style	Styling	1	49	49	6	12.24	6.37	hervoguelife.com/western-outfits-women-party-cocktail-dresses/	6
fine line tattoo ideas for women	tattoo	Styling	1	46	46	2	4.35	2.23	hervoguelife.com/fine-line-tattoo-ideas-for-women/	2
night in paris theme party outfit	outfit-style	Styling	1	45	45	0	0	0	hervoguelife.com/night-in-paris-theme-party-outfit/	0
deep meaning tattoo ideas for women	tattoo	Styling	1	43	43	5	11.63	5.85	hervoguelife.com/deep-meaning-tattoo-ideas-for-women/	5
emerald green outfit ideas color combos	outfit-style	Styling	1	43	43	0	0	0	hervoguelife.com/emerald-green-outfit-ideas-color-combos/	0
hair growth tips for black women	hair-beauty	Styling	1	42	42	4	9.52	4.76	hervoguelife.com/hair-growth-tips-for-black-women/	4
hair styles for women over 70	outfit-style	Styling	1	39	39	0	0	0	hervoguelife.com/hair-styles-for-women-over-70/	0
latest ankara gown styles for ladies	outfit-style	Styling	1	38	38	1	2.63	1.28	hervoguelife.com/latest-ankara-gown-styles-for-ladies/	1
rock n roll outfit for women	outfit-style	Styling	1	38	38	2	5.26	2.56	hervoguelife.com/rock-n-roll-outfit-for-women/	2
80 outfits ideas 80s fashion women	outfit-style	Styling	1	35	35	0	0	0	hervoguelife.com/80-outfits-ideas-80s-fashion-women/	0
braids for wedding hair black women	hair-beauty	Styling	1	33	33	1	3.03	1.42	hervoguelife.com/braids-for-wedding-hair-black-women/	1
pink and green outfits for women	outfit-style	Styling	1	33	33	1	3.03	1.42	hervoguelife.com/pink-and-green-outfits-for-women/	1
glow in the dark party outfit	outfit-style	Styling	1	32	32	1	3.13	1.45	hervoguelife.com/glow-in-the-dark-party-outfit/	1
best nail shape for chubby hands	hair-beauty	Styling	1	29	29	1	3.45	1.56	hervoguelife.com/best-nail-shape-for-chubby-hands/	1
fall outfits women over 50 classy	outfit-style	Styling	1	29	29	0	0	0	hervoguelife.com/fall-outfits-women-over-50-classy/	0
60th birthday outfit ideas for women	outfit-style	Styling	1	28	28	2	7.14	3.2	hervoguelife.com/60th-birthday-outfit-ideas-for-women/	2
oversized shirt outfit women	outfit-style	Styling	1	28	28	0	0	0	hervoguelife.com/oversized-shirt-outfit-women/	0
casual chic outfits summer classy simple	outfit-style	Styling	1	26	26	0	0	0	hervoguelife.com/casual-chic-outfits-summer-classy-simple/	0
outfits for 30 year old women	outfit-style	Styling	1	25	25	0	0	0	hervoguelife.com/outfits-for-30-year-old-women/	0
best skincare products for dry skin	hair-beauty	Styling	1	24	24	0	0	0	hervoguelife.com/best-skincare-products-for-dry-skin/	0
black and white skirt outfit ideas	outfit-style	Styling	1	22	22	0	0	0	hervoguelife.com/black-and-white-skirt-outfit-ideas/	0
office uniform for women work outfits	outfit-style	Styling	1	22	22	0	0	0	hervoguelife.com/office-uniform-for-women-work-outfits/	0
necklace for off the shoulder dress	outfit-style	Styling	1	21	21	0	0	0	hervoguelife.com/necklace-for-off-the-shoulder-dress/	0
white party outfits black women	outfit-style	Styling	1	20	20	0	0	0	hervoguelife.com/all-white-party-outfits-black-women/	0
business casual outfits for women jeans	outfit-style	Styling	1	20	20	0	0	0	hervoguelife.com/business-casual-outfits-for-women-jeans/	0
gospel concert outfit ideas black women	outfit-style	Styling	1	20	20	0	0	0	hervoguelife.com/gospel-concert-outfit-ideas-black-women/	0
indian office wear women work outfits	outfit-style	Styling	1	20	20	2	10	4.05	hervoguelife.com/indian-office-wear-women-work-outfits/	2
summer toe nail colors pedicures	hair-beauty	Styling	1	20	20	0	0	0	hervoguelife.com/summer-toe-nail-colors-pedicures-2025/	0
gold ring designs unique for women	tattoo	Styling	1	19	19	0	0	0	hervoguelife.com/gold-ring-designs-unique-for-women/	0
office outfits women plus size workwear	outfit-style	Styling	1	19	19	8	42.11	16.77	hervoguelife.com/office-outfits-women-plus-size-workwear/	8
dinner date dress classy night	outfit-style	Styling	1	17	17	0	0	0	hervoguelife.com/dinner-date-dress-classy-night-out/	0
style joggers for women	outfit-style	Styling	1	17	17	0	0	0	hervoguelife.com/how-to-style-joggers-for-women/	0
natural hairstyles for black women short	hair-beauty	Styling	1	17	17	0	0	0	hervoguelife.com/natural-hairstyles-for-black-women-short/	0
relaxed hair styles for black women	outfit-style	Styling	1	17	17	3	17.65	6.78	hervoguelife.com/relaxed-hair-styles-for-black-women/	3
plants that deer will not eat	general	Garden/Outdoor	1	1294	1294	33	2.55	1.98	floramood.com/plants-that-deer-will-not-eat/	33
spiller plants for containers	general	Garden/Outdoor	1	834	834	32	3.84	2.8	floramood.com/spiller-plants-for-containers/	32
plants for full sun	general	Garden/Outdoor	1	500	500	21	4.2	2.83	floramood.com/plants-for-full-sun/	21
full sun tropical plants	general	Garden/Outdoor	1	491	491	45	9.16	6.15	floramood.com/full-sun-tropical-plants/	45
plants like coffee grounds	general	Garden/Outdoor	1	464	464	2	0.43	0.29	floramood.com/what-plants-like-coffee-grounds/	2
cottage garden patio ideas	room-ideas	Garden/Outdoor	1	448	448	7	1.56	1.03	floramood.com/cottage-garden-patio-ideas/	7
fake outdoor plants landscaping	general	Garden/Outdoor	1	381	381	135	35.43	22.81	floramood.com/fake-outdoor-plants-landscaping/	135
full sun plants for containers	general	Garden/Outdoor	1	235	235	8	3.4	2.01	floramood.com/full-sun-plants-for-containers/	8
deer resistant shade plants	general	Garden/Outdoor	1	211	211	18	8.53	4.95	floramood.com/deer-resistant-shade-plants/	18
office plants no sunlight	room-ideas	Garden/Outdoor	1	209	209	17	8.13	4.71	floramood.com/office-plants-no-sunlight/	17
florida native plants landscapes	general	Garden/Outdoor	1	188	188	5	2.66	1.51	floramood.com/florida-native-plants-landscapes/	5
non toxic house plants	general	Garden/Outdoor	1	187	187	17	9.09	5.15	floramood.com/non-toxic-house-plants/	17
plants for clay soil	general	Garden/Outdoor	1	181	181	3	1.66	0.94	floramood.com/plants-for-clay-soil/	3
retaining wall backyard ideas	room-ideas	Garden/Outdoor	1	171	171	4	2.34	1.3	floramood.com/retaining-wall-backyard-ideas/	4
evergreen plants for pots	general	Garden/Outdoor	1	153	153	5	3.27	1.78	floramood.com/evergreen-plants-for-pots/	5
plants for chicken coop	food-recipe	Garden/Outdoor	1	153	153	8	5.23	2.85	floramood.com/plants-for-chicken-coop/	8
banana water for plants	general	Garden/Outdoor	1	147	147	4	2.72	1.47	floramood.com/banana-water-for-plants/	4
cold hardy tropical plants	general	Garden/Outdoor	1	139	139	13	9.35	5	floramood.com/cold-hardy-tropical-plants/	13
air purifying house plants	general	Garden/Outdoor	1	134	134	4	2.99	1.59	floramood.com/air-purifying-house-plants/	4
plants for around the pool	general	Garden/Outdoor	1	127	127	2	1.57	0.82	floramood.com/plants-for-around-the-pool/	2
plants for small pots	general	Garden/Outdoor	1	127	127	2	1.57	0.82	floramood.com/plants-for-small-pots/	2
plants for tall planters outdoor	general	Garden/Outdoor	1	125	125	8	6.4	3.35	floramood.com/plants-for-tall-planters-outdoor/	8
rid of gnats in house plants	general	Garden/Outdoor	1	116	116	4	3.45	1.78	floramood.com/how-to-get-rid-of-gnats-in-house-plants/	4
plants and gardening preschool theme	general	Garden/Outdoor	1	116	116	6	5.17	2.67	floramood.com/plants-and-gardening-preschool-theme/	6
privacy plants in pots	general	Garden/Outdoor	1	114	114	17	14.91	7.66	floramood.com/privacy-plants-in-pots/	17
faux plants for outdoor planters	general	Garden/Outdoor	1	112	112	30	26.79	13.71	floramood.com/faux-plants-for-outdoor-planters/	30
dollar tree trellis ideas	general	Garden/Outdoor	1	107	107	11	10.28	5.21	floramood.com/dollar-tree-trellis-ideas/	11
part sun container plants	general	Garden/Outdoor	1	103	103	2	1.94	0.98	floramood.com/part-sun-container-plants/	2
sloped backyard ideas on a budget	room-ideas	Garden/Outdoor	1	96	96	7	7.29	3.61	floramood.com/sloped-backyard-ideas-on-a-budget/	7
plants in front of house	general	Garden/Outdoor	1	95	95	0	0	0	floramood.com/plants-in-front-of-house/	0
boho pergola ideas	general	Garden/Outdoor	1	90	90	3	3.33	1.63	floramood.com/boho-pergola-ideas/	3
bathroom plants that absorb moisture	room-ideas	Garden/Outdoor	1	86	86	1	1.16	0.56	floramood.com/bathroom-plants-that-absorb-moisture/	1
water plants for ponds	general	Garden/Outdoor	1	84	84	9	10.71	5.15	floramood.com/water-plants-for-ponds/	9
full sun drought tolerant plants	general	Garden/Outdoor	1	77	77	4	5.19	2.45	floramood.com/full-sun-drought-tolerant-plants/	4
plants for sunny areas	general	Garden/Outdoor	1	76	76	3	3.95	1.86	floramood.com/plants-for-sunny-areas/	3
blueberry plants in pots	general	Garden/Outdoor	1	74	74	6	8.11	3.79	floramood.com/blueberry-plants-in-pots/	6
shade window box plants	general	Garden/Outdoor	1	74	74	4	5.41	2.53	floramood.com/shade-window-box-plants/	4
dog friendly plants outdoor	general	Garden/Outdoor	1	72	72	0	0	0	floramood.com/dog-friendly-plants-outdoor/	0
grow plants at home	general	Garden/Outdoor	1	72	72	0	0	0	floramood.com/how-to-grow-plants-at-home/	0
plants for hanging baskets	general	Garden/Outdoor	1	72	72	1	1.39	0.65	floramood.com/plants-for-hanging-baskets/	1
companion plants for strawberries	general	Garden/Outdoor	1	70	70	0	0	0	floramood.com/companion-plants-for-strawberries/	0
corner garden pergola ideas	room-ideas	Garden/Outdoor	1	70	70	2	2.86	1.32	floramood.com/corner-garden-pergola-ideas/	2
orchid trellis ideas	general	Garden/Outdoor	1	66	66	17	25.76	11.73	floramood.com/orchid-trellis-ideas/	17
natural fence ideas privacy hedge	general	Garden/Outdoor	1	60	60	1	1.67	0.74	floramood.com/natural-fence-ideas-privacy-hedge/	1
plants in glass containers	general	Garden/Outdoor	1	60	60	3	5	2.23	floramood.com/plants-in-glass-containers/	3
winter plants for pots outdoors	general	Garden/Outdoor	1	59	59	0	0	0	floramood.com/winter-plants-for-pots-outdoors/	0
blueberry trellis ideas	general	Garden/Outdoor	1	58	58	3	5.17	2.28	floramood.com/blueberry-trellis-ideas/	3
evergreen ground cover plants	general	Garden/Outdoor	1	58	58	10	17.24	7.61	floramood.com/evergreen-ground-cover-plants/	10
propagating plants from cuttings	general	Garden/Outdoor	1	58	58	3	5.17	2.28	floramood.com/propagating-plants-from-cuttings/	3
leftover pork loin recipes	food-baking	Food/Recipe	2	520	260	0	0	0	bbqhustle.com/leftover-pork-loin-recipes/	0
salmon brine recipe smoked	food-baking	Food/Recipe	1	224	224	3	1.34	3.26	bbqhustle.com/salmon-brine-recipe-smoked/	3
beef empanadas recipe mexican	food-baking	Food/Recipe	1	218	218	0	0	0	bbqhustle.com/beef-empanadas-recipe-mexican/	0
grill lamb chops recipe	food-baking	Food/Recipe	1	218	218	1	0.46	1.11	bbqhustle.com/grill-lamb-chops-recipe/	1
corned beef brine recipe	food-baking	Food/Recipe	1	217	217	0	0	0	bbqhustle.com/corned-beef-brine-recipe/	0
bbq sauce for ribs	food-recipe	Food/Recipe	1	207	207	0	0	0	bbqhustle.com/bbq-sauce-for-ribs/	0
beef jerky marinade recipe	food-baking	Food/Recipe	1	114	114	1	0.88	1.88	bbqhustle.com/beef-jerky-marinade-recipe/	1
bbq sauce for chicken	food-recipe	Food/Recipe	1	102	102	0	0	0	bbqhustle.com/bbq-sauce-for-chicken/	0
beef stir fry sauce recipe	food-baking	Food/Recipe	1	97	97	0	0	0	bbqhustle.com/beef-stir-fry-sauce-recipe/	0
easy bbq pork chops in oven	food-recipe	Food/Recipe	1	94	94	0	0	0	bbqhustle.com/easy-bbq-pork-chops-in-oven/	0
beef shank recipe crockpot crock pot	product-specific	Food/Recipe	1	89	89	0	0	0	bbqhustle.com/beef-shank-recipe-crockpot-crock-pot/	0
jack daniels bbq sauce recipe	food-baking	Food/Recipe	1	78	78	0	0	0	bbqhustle.com/jack-daniels-bbq-sauce-recipe/	0
clean bbq grill grates	general	Food/Recipe	1	73	73	3	4.11	7.94	bbqhustle.com/how-to-clean-bbq-grill-grates/	3
short beef ribs recipe	food-baking	Food/Recipe	1	70	70	0	0	0	bbqhustle.com/short-beef-ribs-recipe/	0
best bbq chicken marinade	food-recipe	Food/Recipe	1	60	60	1	1.67	3.08	bbqhustle.com/best-bbq-chicken-marinade/	1
smoked pulled pork recipe	food-baking	Food/Recipe	1	60	60	2	3.33	6.15	bbqhustle.com/smoked-pulled-pork-recipe/	2
caramel macchiato creamer	general	Food/Recipe	1	268	268	1	0.37	0.93	broastee.com/caramel-macchiato-creamer/	1
sugar free starbucks drinks	general	Food/Recipe	1	158	158	3	1.9	4.33	broastee.com/sugar-free-starbucks-drinks/	3
chocolate swirl cheesecake	food-baking	Food/Recipe	1	117	117	0	0	0	broastee.com/chocolate-swirl-cheesecake/	0
homemade limoncello	diy-craft	Food/Recipe	1	95	95	1	1.05	2.15	broastee.com/homemade-limoncello/	1
sugar free dunkin drinks	general	Food/Recipe	1	79	79	5	6.33	12.46	broastee.com/sugar-free-dunkin-drinks/	5
starbucks chocolate drinks	general	Food/Recipe	1	69	69	0	0	0	broastee.com/starbucks-chocolate-drinks/	0
dairy free baking recipes	food-baking	Food/Recipe	1	61	61	0	0	0	broastee.com/dairy-free-baking-recipes/	0
easter cake ideas	food-baking	Food/Recipe	1	59	59	0	0	0	broastee.com/easter-cake-ideas/	0
sonic sugar free drinks	pop-culture	Food/Recipe	1	58	58	0	0	0	broastee.com/sonic-sugar-free-drinks/	0
starbucks secret menu frappuccinos	general	Food/Recipe	1	57	57	0	0	0	broastee.com/starbucks-secret-menu-frappuccinos/	0
trifle recipes	food-baking	Food/Recipe	1	54	54	2	3.7	6.66	broastee.com/trifle-recipes/	2
homemade coffee creamer	diy-craft	Food/Recipe	1	53	53	0	0	0	broastee.com/homemade-coffee-creamer/	0
starbucks secret menu drinks	general	Food/Recipe	1	53	53	0	0	0	broastee.com/starbucks-secret-menu-drinks/	0
baking with dates recipes	food-baking	Food/Recipe	1	51	51	0	0	0	broastee.com/baking-with-dates-recipes/	0
black sesame latte	general	Food/Recipe	1	49	49	0	0	0	broastee.com/black-sesame-latte/	0
strawberry boba	general	Food/Recipe	1	47	47	0	0	0	broastee.com/how-to-make-strawberry-boba/	0
coconut cocktail recipes	food-baking	Food/Recipe	1	39	39	0	0	0	broastee.com/coconut-cocktail-recipes/	0
white sangria	general	Food/Recipe	1	39	39	0	0	0	broastee.com/white-sangria/	0
meyer lemon cake	food-baking	Food/Recipe	1	38	38	0	0	0	broastee.com/meyer-lemon-cake/	0
filled cake recipes	food-baking	Food/Recipe	1	37	37	2	5.41	8.84	broastee.com/filled-cake-recipes/	2
salted caramel coffee syrup	general	Food/Recipe	1	37	37	0	0	0	broastee.com/salted-caramel-coffee-syrup/	0
iced earl grey tea	general	Food/Recipe	1	34	34	0	0	0	broastee.com/iced-earl-grey-tea/	0
pistachio matcha latte	general	Food/Recipe	1	34	34	0	0	0	broastee.com/pistachio-matcha-latte/	0
frozen mango daiquiri recipe	food-baking	Food/Recipe	1	31	31	0	0	0	broastee.com/frozen-mango-daiquiri-recipe/	0
matcha drinks at starbucks	general	Food/Recipe	1	30	30	1	3.33	5.14	broastee.com/matcha-drinks-at-starbucks/	1
cake roll recipes	food-baking	Food/Recipe	1	28	28	1	3.57	5.4	broastee.com/cake-roll-recipes/	1
vanilla frozen yogurt	pop-culture	Food/Recipe	1	27	27	0	0	0	broastee.com/vanilla-frozen-yogurt/	0
white chocolate raspberry creamer	general	Food/Recipe	1	27	27	0	0	0	broastee.com/white-chocolate-raspberry-creamer/	0
afternoon tea cookie recipes	food-baking	Food/Recipe	1	24	24	0	0	0	broastee.com/afternoon-tea-cookie-recipes/	0
best sonic drinks	pop-culture	Food/Recipe	1	24	24	0	0	0	broastee.com/best-sonic-drinks/	0
limoncello recipes	food-baking	Food/Recipe	1	23	23	0	0	0	broastee.com/limoncello-recipes/	0
banana coffee cake	food-baking	Food/Recipe	1	22	22	0	0	0	broastee.com/banana-coffee-cake/	0
chocolate orange fudge	general	Food/Recipe	1	22	22	0	0	0	broastee.com/chocolate-orange-fudge/	0
frappe flavors	general	Food/Recipe	1	22	22	0	0	0	broastee.com/frappe-flavors/	0
matcha banana bread	food-baking	Food/Recipe	1	22	22	0	0	0	broastee.com/matcha-banana-bread/	0
keto starbucks drinks	food-recipe	Food/Recipe	1	21	21	0	0	0	broastee.com/keto-starbucks-drinks/	0
pistachio cream cold brew	general	Food/Recipe	1	21	21	0	0	0	broastee.com/pistachio-cream-cold-brew/	0
chocolate coffee drinks	general	Food/Recipe	1	20	20	1	5	6.84	broastee.com/chocolate-coffee-drinks/	1
cocktail shaker recipes	food-baking	Food/Recipe	1	20	20	0	0	0	broastee.com/cocktail-shaker-recipes/	0
javy coffee recipes	food-baking	Food/Recipe	1	20	20	0	0	0	broastee.com/javy-coffee-recipes/	0
strawberry coffee syrup	general	Food/Recipe	1	20	20	0	0	0	broastee.com/strawberry-coffee-syrup/	0
mezcal cocktail recipes	food-baking	Food/Recipe	1	19	19	0	0	0	broastee.com/mezcal-cocktail-recipes/	0
nutella fudge	general	Food/Recipe	1	18	18	0	0	0	broastee.com/nutella-fudge/	0
starbucks low calorie drinks	general	Food/Recipe	1	18	18	0	0	0	broastee.com/starbucks-low-calorie-drinks/	0
blended starbucks drinks	general	Food/Recipe	1	17	17	0	0	0	broastee.com/blended-starbucks-drinks/	0
chocolate lava cupcakes	food-baking	Food/Recipe	1	17	17	0	0	0	broastee.com/chocolate-lava-cupcakes/	0
dirty coffee	general	Food/Recipe	1	17	17	0	0	0	broastee.com/dirty-coffee/	0
salted caramel protein shake	general	Food/Recipe	1	17	17	0	0	0	broastee.com/salted-caramel-protein-shake/	0
whipped coffee recipes	food-baking	Food/Recipe	1	15	15	0	0	0	broastee.com/whipped-coffee-recipes/	0
business casual outfits for work men	outfit-style	Styling	1	291	291	3	1.03	0.78	themaleedit.com/business-casual-outfits-for-work-men/	3
business attire for men office wear	outfit-style	Styling	1	120	120	7	5.83	3.72	themaleedit.com/business-attire-for-men-office-wear/	7
men tattoo ideas with meaning	tattoo	Styling	1	89	89	1	1.12	0.67	themaleedit.com/men-tattoo-ideas-with-meaning/	1
clothes for men over 50	outfit-style	Styling	1	72	72	4	5.56	3.17	themaleedit.com/clothes-for-men-over-50/	4
expensive watches for men luxury	general	Styling	1	70	70	3	4.29	2.43	themaleedit.com/expensive-watches-for-men-luxury/	3
spring wedding guest outfit men	outfit-style	Styling	1	66	66	6	9.09	5.08	themaleedit.com/spring-wedding-guest-outfit-men/	6
miami vice outfit for men	outfit-style	Styling	1	63	63	7	11.11	6.14	themaleedit.com/miami-vice-outfit-for-men/	7
christian tattoo ideas for men	tattoo	Styling	1	59	59	0	0	0	themaleedit.com/christian-tattoo-ideas-for-men/	0
graduation outfit ideas for men	outfit-style	Styling	1	56	56	1	1.79	0.96	themaleedit.com/graduation-outfit-ideas-for-men/	1
beard styles for bald men	outfit-style	Styling	1	47	47	0	0	0	themaleedit.com/beard-styles-for-bald-men/	0
man bags shoulder for men	general	Styling	1	45	45	4	8.89	4.53	themaleedit.com/man-bags-shoulder-for-men/	4
casual wedding attire for men	wedding-event	Styling	1	44	44	3	6.82	3.45	themaleedit.com/casual-wedding-attire-for-men/	3
trending shoes for men casual	outfit-style	Styling	1	43	43	1	2.33	1.17	themaleedit.com/trending-shoes-for-men-casual/	1
first tattoo ideas for men	tattoo	Styling	1	42	42	1	2.38	1.19	themaleedit.com/first-tattoo-ideas-for-men/	1
casual summer outfits for men	outfit-style	Styling	1	41	41	1	2.44	1.21	themaleedit.com/casual-summer-outfits-for-men/	1
finger tattoo designs for men	tattoo	Styling	1	41	41	4	9.76	4.85	themaleedit.com/finger-tattoo-designs-for-men/	4
armor of god tattoo for men	tattoo	Styling	1	40	40	0	0	0	themaleedit.com/armor-of-god-tattoo-for-men/	0
wedding guest men outfit formal	outfit-style	Styling	1	39	39	0	0	0	themaleedit.com/wedding-guest-men-outfit-formal/	0
christian forearm tattoo for men	tattoo	Styling	1	38	38	0	0	0	themaleedit.com/christian-forearm-tattoo-for-men/	0
types of suits for men	general	Styling	1	38	38	0	0	0	themaleedit.com/types-of-suits-for-men/	0
best t shirt for men	general	Styling	1	34	34	3	8.82	4.17	themaleedit.com/best-t-shirt-for-men/	3
mens business casual outfits summer	outfit-style	Styling	1	33	33	0	0	0	themaleedit.com/mens-business-casual-outfits-summer/	0
flow hairstyle men straight hair	hair-beauty	Styling	1	32	32	0	0	0	themaleedit.com/flow-hairstyle-men-straight-hair/	0
arrow tattoo design for men	tattoo	Styling	1	31	31	2	6.45	2.97	themaleedit.com/arrow-tattoo-design-for-men/	2
collar bone tattoo for men	tattoo	Styling	1	31	31	1	3.23	1.49	themaleedit.com/collar-bone-tattoo-for-men/	1
haircut for wavy hair men	hair-beauty	Styling	1	31	31	1	3.23	1.49	themaleedit.com/haircut-for-wavy-hair-men/	1
long hairstyles for men straight hair	hair-beauty	Styling	1	29	29	0	0	0	themaleedit.com/long-hairstyles-for-men-straight-hair/	0
wifes name tattoo ideas for men	tattoo	Styling	1	29	29	0	0	0	themaleedit.com/wifes-name-tattoo-ideas-for-men/	0
fancy cowboy outfits for men	outfit-style	Styling	1	28	28	2	7.14	3.2	themaleedit.com/fancy-cowboy-outfits-for-men/	2
indian beard styles for men	outfit-style	Styling	1	28	28	0	0	0	themaleedit.com/indian-beard-styles-for-men/	0
men smart casual outfit summer	outfit-style	Styling	1	28	28	0	0	0	themaleedit.com/men-smart-casual-outfit-summer/	0
tattoo ideas for men mom	tattoo	Styling	1	28	28	0	0	0	themaleedit.com/tattoo-ideas-for-men-mom/	0
neck tattoo ideas for men	tattoo	Styling	1	27	27	0	0	0	themaleedit.com/neck-tattoo-ideas-for-men/	0
wedding ring tattoo for men	tattoo	Styling	1	27	27	0	0	0	themaleedit.com/wedding-ring-tattoo-for-men/	0
formal color combinations for men	hair-beauty	Styling	1	26	26	0	0	0	themaleedit.com/formal-color-combinations-for-men/	0
cargo pants outfit street style for men	outfit-style	Styling	1	25	25	0	0	0	themaleedit.com/cargo-pants-outfit-street-style-for-men/	0
skirt and shirt outfits	outfit-style	Styling	1	25	25	0	0	0	themaleedit.com/skirt-and-shirt-outfits/	0
wrist tattoo ideas for men	tattoo	Styling	1	25	25	0	0	0	themaleedit.com/wrist-tattoo-ideas-for-men/	0
filler tattoo ideas gap men	tattoo	Styling	1	24	24	0	0	0	themaleedit.com/filler-tattoo-ideas-gap-men/	0
haircut for men with bangs	hair-beauty	Styling	1	24	24	0	0	0	themaleedit.com/haircut-for-men-with-bangs/	0
tattoo ideas for men back	tattoo	Styling	1	24	24	0	0	0	themaleedit.com/tattoo-ideas-for-men-back/	0
date night outfit for men	outfit-style	Styling	1	23	23	0	0	0	themaleedit.com/date-night-outfit-for-men/	0
tattoo ideas for men small hand	tattoo	Styling	1	23	23	2	8.7	3.68	themaleedit.com/tattoo-ideas-for-men-small-hand/	2
men upper arm tattoo ideas	tattoo	Styling	1	22	22	0	0	0	themaleedit.com/men-upper-arm-tattoo-ideas/	0
asian men short hairstyle round faces	hair-beauty	Styling	1	21	21	0	0	0	themaleedit.com/asian-men-short-hairstyle-round-faces/	0
men wedding guest outfit summer	outfit-style	Styling	1	21	21	0	0	0	themaleedit.com/men-wedding-guest-outfit-summer/	0
mexican tattoo ideas for men	tattoo	Styling	1	21	21	0	0	0	themaleedit.com/mexican-tattoo-ideas-for-men/	0
slim fit outfits for men	outfit-style	Styling	1	21	21	0	0	0	themaleedit.com/slim-fit-outfits-for-men/	0
tattoo in hand for men	tattoo	Styling	1	21	21	0	0	0	themaleedit.com/tattoo-in-hand-for-men/	0
garden art ideas from junk	room-ideas	Garden/Outdoor	1	242	242	6	2.48	1.48	slowgardenlife.com/garden-art-ideas-from-junk/	6
grape vine trellis	general	Garden/Outdoor	1	210	210	12	5.71	3.31	slowgardenlife.com/grape-vine-trellis/	12
garden edging stones ideas	room-ideas	Garden/Outdoor	1	156	156	8	5.13	2.81	slowgardenlife.com/garden-edging-stones-ideas/	8
garden ideas florida	room-ideas	Garden/Outdoor	1	100	100	0	0	0	slowgardenlife.com/garden-ideas-florida/	0
ideas for small vegetable garden	room-ideas	Garden/Outdoor	1	90	90	6	6.67	3.26	slowgardenlife.com/ideas-for-small-vegetable-garden/	6
garden drainage ideas	room-ideas	Garden/Outdoor	1	81	81	1	1.23	0.59	slowgardenlife.com/garden-drainage-ideas/	1
garden edging ideas cheap	room-ideas	Garden/Outdoor	1	81	81	8	9.88	4.71	slowgardenlife.com/garden-edging-ideas-cheap/	8
garden screening ideas	room-ideas	Garden/Outdoor	1	77	77	2	2.6	1.23	slowgardenlife.com/garden-screening-ideas/	2
garden hose storage ideas	room-ideas	Garden/Outdoor	1	64	64	20	31.25	14.13	slowgardenlife.com/garden-hose-storage-ideas/	20
garden on a hill ideas	room-ideas	Garden/Outdoor	1	63	63	1	1.59	0.72	slowgardenlife.com/garden-on-a-hill-ideas/	1
front yard vegetable garden ideas	room-ideas	Garden/Outdoor	1	56	56	3	5.36	2.35	slowgardenlife.com/front-yard-vegetable-garden-ideas/	3
ideas for mediterranean garden	room-ideas	Garden/Outdoor	1	56	56	0	0	0	slowgardenlife.com/ideas-for-mediterranean-garden/	0
garden with fountain ideas	room-ideas	Garden/Outdoor	1	51	51	2	3.92	1.68	slowgardenlife.com/garden-with-fountain-ideas/	2
country garden ideas	room-ideas	Garden/Outdoor	1	50	50	0	0	0	slowgardenlife.com/country-garden-ideas/	0
apartment garden ideas	room-ideas	Garden/Outdoor	1	46	46	1	2.17	0.9	slowgardenlife.com/apartment-garden-ideas/	1
gardening for beginners	general	Garden/Outdoor	1	46	46	0	0	0	slowgardenlife.com/gardening-for-beginners/	0
garden name ideas	room-ideas	Garden/Outdoor	1	45	45	1	2.22	0.92	slowgardenlife.com/garden-name-ideas/	1
cut flower garden	room-ideas	Garden/Outdoor	1	42	42	4	9.52	3.88	slowgardenlife.com/cut-flower-garden/	4
easy vegan breakfast	food-recipe	Garden/Outdoor	1	42	42	0	0	0	slowgardenlife.com/easy-vegan-breakfast/	0
fence ideas for vegetable garden	room-ideas	Garden/Outdoor	1	42	42	0	0	0	slowgardenlife.com/fence-ideas-for-vegetable-garden/	0
cactus garden ideas	room-ideas	Garden/Outdoor	1	40	40	0	0	0	slowgardenlife.com/cactus-garden-ideas/	0
desert garden ideas	room-ideas	Garden/Outdoor	1	40	40	0	0	0	slowgardenlife.com/desert-garden-ideas/	0
garden ideas with bricks	room-ideas	Garden/Outdoor	1	38	38	0	0	0	slowgardenlife.com/garden-ideas-with-bricks/	0
ideas for narrow garden	room-ideas	Garden/Outdoor	1	33	33	0	0	0	slowgardenlife.com/ideas-for-narrow-garden/	0
garden vegetable layout ideas	room-ideas	Garden/Outdoor	1	32	32	0	0	0	slowgardenlife.com/garden-vegetable-layout-ideas/	0
hanging garden ideas	room-ideas	Garden/Outdoor	1	32	32	4	12.5	4.73	slowgardenlife.com/hanging-garden-ideas/	4
ideas for memorial garden	room-ideas	Garden/Outdoor	1	32	32	6	18.75	7.1	slowgardenlife.com/ideas-for-memorial-garden/	6
cheap fence ideas for garden	room-ideas	Garden/Outdoor	1	31	31	5	16.13	6.05	slowgardenlife.com/cheap-fence-ideas-for-garden/	5
garden hose hanger ideas	product-specific	Garden/Outdoor	1	31	31	3	9.68	3.63	slowgardenlife.com/garden-hose-hanger-ideas/	3
ideas for decorating garden	room-ideas	Garden/Outdoor	1	31	31	2	6.45	2.42	slowgardenlife.com/ideas-for-decorating-garden/	2
garden obelisk ideas	room-ideas	Garden/Outdoor	1	30	30	2	6.67	2.48	slowgardenlife.com/garden-obelisk-ideas/	2
driveway garden ideas	room-ideas	Garden/Outdoor	1	29	29	0	0	0	slowgardenlife.com/driveway-garden-ideas/	0
front porch garden ideas	room-ideas	Garden/Outdoor	1	29	29	1	3.45	1.27	slowgardenlife.com/front-porch-garden-ideas/	1
ideas for dividing a garden	room-ideas	Garden/Outdoor	1	28	28	3	10.71	3.91	slowgardenlife.com/ideas-for-dividing-a-garden/	3
ideas for rectangular garden	room-ideas	Garden/Outdoor	1	28	28	0	0	0	slowgardenlife.com/ideas-for-rectangular-garden/	0
ideas for a japanese garden	room-ideas	Garden/Outdoor	1	27	27	0	0	0	slowgardenlife.com/ideas-for-a-japanese-garden/	0
ideas for a succulent garden	room-ideas	Garden/Outdoor	1	27	27	2	7.41	2.67	slowgardenlife.com/ideas-for-a-succulent-garden/	2
ideas for borders in garden	room-ideas	Garden/Outdoor	1	27	27	3	11.11	4.01	slowgardenlife.com/ideas-for-borders-in-garden/	3
ideas for l shaped garden	room-ideas	Garden/Outdoor	1	27	27	0	0	0	slowgardenlife.com/ideas-for-l-shaped-garden/	0
ideas for low maintenance garden	room-ideas	Garden/Outdoor	1	27	27	1	3.7	1.34	slowgardenlife.com/ideas-for-low-maintenance-garden/	1
garden patio ideas on a budget	room-ideas	Garden/Outdoor	1	26	26	0	0	0	slowgardenlife.com/garden-patio-ideas-on-a-budget/	0
ideas for planters in garden	room-ideas	Garden/Outdoor	1	26	26	1	3.85	1.37	slowgardenlife.com/ideas-for-planters-in-garden/	1
nail art ideas easy	hair-beauty	Hair/Beauty	1	32	32	0	0	0	nailorae.com/nail-art-ideas-easy/	0
mickey mouse nail ideas	hair-beauty	Hair/Beauty	1	25	25	0	0	0	nailorae.com/mickey-mouse-nail-ideas/	0
april nail ideas	hair-beauty	Hair/Beauty	1	22	22	0	0	0	nailorae.com/april-nail-ideas/	0
pink and white nail ideas	hair-beauty	Hair/Beauty	1	22	22	0	0	0	nailorae.com/pink-and-white-nail-ideas/	0
matching nails and toes ideas	hair-beauty	Hair/Beauty	1	19	19	0	0	0	nailorae.com/matching-nails-and-toes-ideas/	0
natural acrylic nail ideas	hair-beauty	Hair/Beauty	1	18	18	0	0	0	nailorae.com/natural-acrylic-nail-ideas/	0
spring dip nail ideas	hair-beauty	Hair/Beauty	1	16	16	0	0	0	nailorae.com/spring-dip-nail-ideas/	0
baseball nail ideas	hair-beauty	Hair/Beauty	1	14	14	0	0	0	nailorae.com/baseball-nail-ideas/	0
blue nail design ideas	tattoo	Hair/Beauty	1	14	14	0	0	0	nailorae.com/blue-nail-design-ideas/	0
gel nail ideas for short nails	hair-beauty	Hair/Beauty	1	14	14	0	0	0	nailorae.com/gel-nail-ideas-for-short-nails/	0
turquoise nail ideas	hair-beauty	Hair/Beauty	1	13	13	0	0	0	nailorae.com/turquoise-nail-ideas/	0
pink dip nail ideas	hair-beauty	Hair/Beauty	1	12	12	0	0	0	nailorae.com/pink-dip-nail-ideas/	0
2 color nail ideas	hair-beauty	Hair/Beauty	1	11	11	0	0	0	nailorae.com/2-color-nail-ideas/	0
lavender nail ideas	hair-beauty	Hair/Beauty	1	11	11	0	0	0	nailorae.com/lavender-nail-ideas/	0
nail names ideas	hair-beauty	Hair/Beauty	1	11	11	0	0	0	nailorae.com/nail-names-ideas/	0
ombre dip nail ideas	hair-beauty	Hair/Beauty	1	11	11	0	0	0	nailorae.com/ombre-dip-nail-ideas/	0
simple gel nail ideas	hair-beauty	Hair/Beauty	1	11	11	0	0	0	nailorae.com/simple-gel-nail-ideas/	0
frozen italian meatball recipes	food-baking	Food/Recipe	1	315	315	2	0.63	1.63	lolpuns.com/frozen-italian-meatball-recipes/	2
italian easter bread recipes	food-baking	Food/Recipe	1	243	243	7	2.88	7.11	lolpuns.com/italian-easter-bread-recipes/	7
easy italian dessert recipes	food-baking	Food/Recipe	1	222	222	1	0.45	1.09	lolpuns.com/easy-italian-dessert-recipes/	1
non pasta italian recipes	food-baking	Food/Recipe	1	148	148	0	0	0	lolpuns.com/non-pasta-italian-recipes/	0
sweet italian sausage links recipes	food-baking	Food/Recipe	1	129	129	0	0	0	lolpuns.com/sweet-italian-sausage-links-recipes/	0
italian recipes for potluck	food-baking	Food/Recipe	1	83	83	0	0	0	lolpuns.com/italian-recipes-for-potluck/	0
fancy italian dinner recipes	food-baking	Food/Recipe	1	79	79	0	0	0	lolpuns.com/fancy-italian-dinner-recipes/	0
keto bread maker recipes	food-baking	Food/Recipe	1	73	73	0	0	0	lolpuns.com/keto-bread-maker-recipes/	0
hot italian sausage recipes	food-baking	Food/Recipe	1	66	66	1	1.52	2.87	lolpuns.com/hot-italian-sausage-recipes/	1
italian rice salad recipes cold	food-baking	Food/Recipe	1	66	66	0	0	0	lolpuns.com/italian-rice-salad-recipes-cold/	0
cheerio dessert recipes	food-baking	Food/Recipe	1	43	43	0	0	0	lolpuns.com/cheerio-dessert-recipes/	0
pineapple juice recipes healthy	food-baking	Food/Recipe	1	38	38	0	0	0	lolpuns.com/pineapple-juice-recipes-healthy/	0
recipes with italian bread crumbs	food-baking	Food/Recipe	1	32	32	0	0	0	lolpuns.com/recipes-with-italian-bread-crumbs/	0
italian pork loin recipes	food-baking	Food/Recipe	1	27	27	0	0	0	lolpuns.com/italian-pork-loin-recipes/	0
healthy puerto rican recipes	food-baking	Food/Recipe	1	26	26	0	0	0	lolpuns.com/healthy-puerto-rican-recipes/	0
healthy low fodmap recipes	food-baking	Food/Recipe	1	25	25	2	8	11.71	lolpuns.com/healthy-low-fodmap-recipes/	2
italian sausage link recipes	food-baking	Food/Recipe	1	25	25	1	4	5.85	lolpuns.com/italian-sausage-link-recipes/	1
dairy free italian recipes	food-baking	Food/Recipe	1	23	23	0	0	0	lolpuns.com/dairy-free-italian-recipes/	0
italian spaghetti sauce recipes	food-baking	Food/Recipe	1	23	23	0	0	0	lolpuns.com/italian-spaghetti-sauce-recipes/	0
italian ground beef recipes	food-baking	Food/Recipe	1	21	21	0	0	0	lolpuns.com/italian-ground-beef-recipes/	0
keto martini recipes	food-baking	Food/Recipe	1	19	19	0	0	0	lolpuns.com/keto-martini-recipes/	0
quick indian dessert recipes	food-baking	Food/Recipe	1	18	18	0	0	0	lolpuns.com/quick-indian-dessert-recipes/	0
veggie heavy dinner recipes	food-baking	Food/Recipe	1	15	15	0	0	0	lolpuns.com/veggie-heavy-dinner-recipes/	0
gluten free italian recipes	food-baking	Food/Recipe	1	14	14	0	0	0	lolpuns.com/gluten-free-italian-recipes/	0
low carb italian recipes	food-baking	Food/Recipe	1	14	14	0	0	0	lolpuns.com/low-carb-italian-recipes/	0
keto italian sausage recipes	food-baking	Food/Recipe	1	13	13	0	0	0	lolpuns.com/keto-italian-sausage-recipes/	0
dill recipes dinner	food-baking	Food/Recipe	1	12	12	0	0	0	lolpuns.com/dill-recipes-dinner/	0
spicy italian sausage recipes	food-baking	Food/Recipe	1	12	12	0	0	0	lolpuns.com/spicy-italian-sausage-recipes/	0
red wine dinner recipes	food-baking	Food/Recipe	1	11	11	0	0	0	lolpuns.com/red-wine-dinner-recipes/	0
tempeh dinner recipes	food-baking	Food/Recipe	1	11	11	0	0	0	lolpuns.com/tempeh-dinner-recipes/	0
high protein low carb ground beef recipes	food-baking	Food/Recipe	1	787	787	0	0	0	primejokes.com/high-protein-low-carb-ground-beef-recipes/	0
bariatric recipes gastric bypass high protein snacks	food-baking	Food/Recipe	1	732	732	19	2.6	7.7	primejokes.com/bariatric-recipes-gastric-bypass-high-protein-snacks/	19
gluten free dairy free recipes high protein	food-baking	Food/Recipe	1	422	422	6	1.42	3.86	primejokes.com/gluten-free-dairy-free-recipes-high-protein/	6
high protein low carb instant pot recipes	product-specific	Food/Recipe	1	253	253	2	0.79	1.96	primejokes.com/high-protein-low-carb-instant-pot-recipes/	2
eggless keto breakfast recipes	food-baking	Food/Recipe	1	219	219	5	2.28	5.52	primejokes.com/eggless-keto-breakfast-recipes/	5
low calorie high protein dessert recipes	food-baking	Food/Recipe	1	219	219	2	0.91	2.2	primejokes.com/low-calorie-high-protein-dessert-recipes/	2
high protein low fat chicken recipes	food-baking	Food/Recipe	1	168	168	2	1.19	2.74	primejokes.com/high-protein-low-fat-chicken-recipes/	2
high protein low carb shake recipes	food-baking	Food/Recipe	1	131	131	0	0	0	primejokes.com/high-protein-low-carb-shake-recipes/	0
low carb high protein smoothie recipes	food-baking	Food/Recipe	1	126	126	1	0.79	1.72	primejokes.com/low-carb-high-protein-smoothie-recipes/	1
high protein low carb recipes meal prep	food-baking	Food/Recipe	2	183	92	3	1.64	3.33	primejokes.com/high-protein-low-carb-recipes-meal-prep/	3
low carb high protein recipes dinner	food-baking	Food/Recipe	1	116	116	2	1.72	3.68	primejokes.com/low-carb-high-protein-recipes-dinner/	2
low calorie high protein smoothie recipes	food-baking	Food/Recipe	1	112	112	0	0	0	primejokes.com/low-calorie-high-protein-smoothie-recipes/	0
high protein low carb recipes bariatric meal prep	food-baking	Food/Recipe	1	107	107	2	1.87	3.93	primejokes.com/high-protein-low-carb-recipes-bariatric-meal-prep/	2
low carb high protein gluten free recipes	food-baking	Food/Recipe	1	101	101	1	0.99	2.06	primejokes.com/low-carb-high-protein-gluten-free-recipes/	1
high protein low carb dessert recipes	food-baking	Food/Recipe	1	70	70	0	0	0	primejokes.com/high-protein-low-carb-dessert-recipes/	0
healthy liver recipes	food-baking	Food/Recipe	1	68	68	1	1.47	2.8	primejokes.com/healthy-liver-recipes/	1
vegan purple sweet potato recipes	food-baking	Food/Recipe	2	229	115	1	0.44	0.94	eatveganly.com/vegan-purple-sweet-potato-recipes/	1
high protein low carb salmon recipes	food-baking	Food/Recipe	1	67	67	1	1.49	2.82	primejokes.com/high-protein-low-carb-salmon-recipes/	1
high protein low carb dairy free recipes	food-baking	Food/Recipe	1	65	65	2	3.08	5.8	primejokes.com/high-protein-low-carb-dairy-free-recipes/	2
paneer dinner recipes	food-baking	Food/Recipe	1	62	62	0	0	0	primejokes.com/paneer-dinner-recipes/	0
high protein low carb shrimp recipes	food-baking	Food/Recipe	1	58	58	0	0	0	primejokes.com/high-protein-low-carb-shrimp-recipes/	0
firm tofu dessert recipes	food-baking	Food/Recipe	1	57	57	0	0	0	primejokes.com/firm-tofu-dessert-recipes/	0
high protein low carb indian recipes	food-baking	Food/Recipe	1	50	50	0	0	0	primejokes.com/high-protein-low-carb-indian-recipes/	0
low carb high protein recipes vegetarian	food-baking	Food/Recipe	1	48	48	1	2.08	3.64	primejokes.com/low-carb-high-protein-recipes-vegetarian/	1
healthy dinner recipes low carb high protein comfort foods	food-baking	Food/Recipe	1	46	46	3	6.52	11.27	primejokes.com/healthy-dinner-recipes-low-carb-high-protein-comfort-foods/	3
healthy fig recipes	food-baking	Food/Recipe	1	43	43	0	0	0	primejokes.com/healthy-fig-recipes/	0
high protein low carb recipes dinner	food-baking	Food/Recipe	2	103	52	1	0.97	1.73	dinnerlylife.com/high-protein-low-carb-recipes-dinner/	1
healthy high protein dinner recipes for two	food-baking	Food/Recipe	1	39	39	0	0	0	primejokes.com/healthy-high-protein-dinner-recipes-for-two/	0
high protein low carb recipes breakfast greek yogurt	food-baking	Food/Recipe	1	33	33	0	0	0	primejokes.com/high-protein-low-carb-recipes-breakfast-greek-yogurt/	0
high protein low carb vegetarian recipes	food-baking	Food/Recipe	2	79	40	1	1.27	2.11	primejokes.com/high-protein-low-carb-vegetarian-recipes/	1
high protein vegetarian slow cooker recipes	food-baking	Food/Recipe	2	76	38	0	0	0	primejokes.com/high-protein-vegetarian-slow-cooker-recipes/	0
high protein low carb recipes snacks	food-baking	Food/Recipe	1	24	24	0	0	0	primejokes.com/high-protein-low-carb-recipes-snacks/	0
polenta vegan recipes	food-baking	Food/Recipe	1	24	24	0	0	0	primejokes.com/polenta-vegan-recipes/	0
keto pineapple dessert recipes	food-baking	Food/Recipe	1	23	23	0	0	0	primejokes.com/keto-pineapple-dessert-recipes/	0
fruit dinner recipes	food-baking	Food/Recipe	1	22	22	0	0	0	primejokes.com/fruit-dinner-recipes/	0
high protein recipes for weight gain meals	food-baking	Food/Recipe	1	21	21	1	4.76	6.61	primejokes.com/high-protein-recipes-for-weight-gain-meals/	1
high protein high fiber low carb recipes	food-baking	Food/Recipe	1	18	18	0	0	0	primejokes.com/high-protein-high-fiber-low-carb-recipes/	0
high protein low carb air fryer recipes	food-baking	Food/Recipe	1	18	18	1	5.56	7.35	primejokes.com/high-protein-low-carb-air-fryer-recipes/	1
vegetarian recipes healthy low carb high protein breakfast ideas	food-baking	Food/Recipe	2	42	21	0	0	0	primejokes.com/vegetarian-recipes-healthy-low-carb-high-protein-breakfast-ideas/	0
high protein low carb recipes lunch	food-baking	Food/Recipe	1	15	15	0	0	0	primejokes.com/high-protein-low-carb-recipes-lunch/	0
rose dessert recipes	food-baking	Food/Recipe	1	15	15	0	0	0	primejokes.com/rose-dessert-recipes/	0
southern dinner recipes soul food	food-baking	Food/Recipe	1	15	15	0	0	0	primejokes.com/southern-dinner-recipes-soul-food/	0
high protein low carb hamburger recipes	food-baking	Food/Recipe	1	12	12	1	8.33	9.6	primejokes.com/high-protein-low-carb-hamburger-recipes/	1
indian street food recipes	food-baking	Food/Recipe	1	1582	1582	12	0.76	2.51	punsfordays.com/indian-street-food-recipes/	12
indian food appetizers easy recipes	food-baking	Food/Recipe	1	351	351	2	0.57	1.5	punsfordays.com/indian-food-appetizers-easy-recipes/	2
dry snacks recipes indian healthy	food-baking	Food/Recipe	1	271	271	8	2.95	7.43	punsfordays.com/dry-snacks-recipes-indian-healthy/	8
breakfast recipes indian veg	food-baking	Food/Recipe	1	196	196	1	0.51	1.21	punsfordays.com/breakfast-recipes-indian-veg/	1
lemon curd dessert recipes	food-baking	Food/Recipe	1	165	165	3	1.82	4.18	punsfordays.com/lemon-curd-dessert-recipes/	3
buttermilk dinner recipes	food-baking	Food/Recipe	1	164	164	1	0.61	1.4	punsfordays.com/buttermilk-dinner-recipes/	1
easy indian snack recipes	food-baking	Food/Recipe	1	130	130	1	0.77	1.69	punsfordays.com/easy-indian-snack-recipes/	1
south indian chutney recipes	food-baking	Food/Recipe	1	94	94	1	1.06	2.17	punsfordays.com/south-indian-chutney-recipes/	1
indian snack recipes tea time	food-baking	Food/Recipe	2	174	87	5	2.87	5.77	punsfordays.com/indian-snack-recipes-tea-time/	5
food without fire recipes indian	food-baking	Food/Recipe	1	82	82	1	1.22	2.42	punsfordays.com/food-without-fire-recipes-indian/	1
frozen fruit smoothie recipes healthy	food-baking	Food/Recipe	1	76	76	1	1.32	2.57	punsfordays.com/frozen-fruit-smoothie-recipes-healthy/	1
barley recipes dinner	food-baking	Food/Recipe	1	71	71	2	2.82	5.42	punsfordays.com/barley-recipes-dinner/	2
easy veg recipes indian	food-baking	Food/Recipe	1	69	69	0	0	0	punsfordays.com/easy-veg-recipes-indian/	0
high protein indian vegetarian recipes	food-baking	Food/Recipe	1	69	69	0	0	0	punsfordays.com/high-protein-indian-vegetarian-recipes/	0
1 year baby food recipes indian	food-baking	Food/Recipe	1	53	53	0	0	0	punsfordays.com/1-year-baby-food-recipes-indian/	0
indian snack recipes street food	food-baking	Food/Recipe	2	112	56	2	1.79	3.25	punsfordays.com/indian-snack-recipes-street-food/	2
veg salad recipes indian healthy	food-baking	Food/Recipe	1	53	53	1	1.89	3.39	punsfordays.com/veg-salad-recipes-indian-healthy/	1
healthy veg lunch recipes indian	food-baking	Food/Recipe	1	47	47	1	2.13	3.7	punsfordays.com/healthy-veg-lunch-recipes-indian/	1
easy tiffin recipes indian	food-baking	Food/Recipe	1	44	44	0	0	0	punsfordays.com/easy-tiffin-recipes-indian/	0
lunch box recipes indian for office	room-ideas	Food/Recipe	1	40	40	0	0	0	punsfordays.com/lunch-box-recipes-indian-for-office/	0
fasting food recipes indian	food-baking	Food/Recipe	1	34	34	0	0	0	punsfordays.com/fasting-food-recipes-indian/	0
vegan recipes kids	food-baking	Food/Recipe	1	30	30	0	0	0	punsfordays.com/vegan-recipes-kids/	0
onion no garlic recipes indian	food-baking	Food/Recipe	1	28	28	0	0	0	punsfordays.com/no-onion-no-garlic-recipes-indian/	0
indian chicken thigh recipes	food-baking	Food/Recipe	1	21	21	0	0	0	punsfordays.com/indian-chicken-thigh-recipes/	0
one pot indian recipes	product-specific	Food/Recipe	1	21	21	0	0	0	punsfordays.com/one-pot-indian-recipes/	0
chicken dinner party recipes	food-baking	Food/Recipe	1	20	20	0	0	0	punsfordays.com/chicken-dinner-party-recipes/	0
indian lunch recipes vegetarian	food-baking	Food/Recipe	1	20	20	0	0	0	punsfordays.com/indian-lunch-recipes-vegetarian/	0
healthy breakfast indian recipes	food-baking	Food/Recipe	1	19	19	0	0	0	punsfordays.com/healthy-breakfast-indian-recipes/	0
sweet dish recipes indian	food-baking	Food/Recipe	1	18	18	0	0	0	punsfordays.com/sweet-dish-recipes-indian/	0
keto sushi recipes	food-baking	Food/Recipe	1	17	17	0	0	0	punsfordays.com/keto-sushi-recipes/	0
south indian lunch recipes	food-baking	Food/Recipe	1	17	17	0	0	0	punsfordays.com/south-indian-lunch-recipes/	0
gluten free indian recipes	food-baking	Food/Recipe	1	15	15	0	0	0	punsfordays.com/gluten-free-indian-recipes/	0
rice flour dessert recipes	food-baking	Food/Recipe	1	15	15	0	0	0	punsfordays.com/rice-flour-dessert-recipes/	0
south indian non veg recipes	food-baking	Food/Recipe	1	13	13	0	0	0	punsfordays.com/south-indian-non-veg-recipes/	0
keto canning recipes	food-baking	Food/Recipe	1	12	12	1	8.33	9.6	punsfordays.com/keto-canning-recipes/	1
indian recipes	food-baking	Food/Recipe	1	11	11	0	0	0	punsfordays.com/indian-recipes/	0
keto coffee ice cream recipes	food-baking	Food/Recipe	1	10	10	1	10	10.77	punsfordays.com/keto-coffee-ice-cream-recipes/	1
trac off and check engine light toyota	general	Home Decor	1	124	124	3	2.42	1.45	drivecruise.com/trac-off-and-check-engine-light-toyota/	3
toyota land cruiser prado	general	Home Decor	1	118	118	0	0	0	drivecruise.com/toyota-land-cruiser-prado/	0
jeep wrangler interior ideas	general	Home Decor	1	97	97	1	1.03	0.59	drivecruise.com/jeep-wrangler-interior-ideas/	1
honda civic modified	general	Home Decor	1	80	80	2	2.5	1.36	drivecruise.com/honda-civic-modified/	2
mazda cx5 modified	general	Home Decor	1	78	78	8	10.26	5.56	drivecruise.com/mazda-cx5-modified/	8
toyota tacoma mods	general	Home Decor	1	77	77	6	7.79	4.21	drivecruise.com/toyota-tacoma-mods/	6
toyota corolla modified	general	Home Decor	1	71	71	4	5.63	2.99	drivecruise.com/toyota-corolla-modified/	4
rolls royce wallpaper	general	Home Decor	1	68	68	0	0	0	drivecruise.com/rolls-royce-wallpaper/	0
bmw vs mercedes	general	Home Decor	1	66	66	0	0	0	drivecruise.com/bmw-vs-mercedes/	0
trq a good brand	general	Other	3	150	50	0	0	0	drivecruise.com/is-trq-a-good-brand/	0
ram 1500 mods	general	Home Decor	1	57	57	14	24.56	12.37	drivecruise.com/ram-1500-mods/	14
reason why transmission will not shift into overdrive	general	Home Decor	1	55	55	0	0	0	drivecruise.com/reason-why-transmission-will-not-shift-into-overdrive/	0
honda fit modified	general	Home Decor	1	54	54	3	5.56	2.76	drivecruise.com/honda-fit-modified/	3
bmw e90 modified	general	Home Decor	1	51	51	0	0	0	drivecruise.com/bmw-e90-modified/	0
toyota camry modified	general	Home Decor	1	50	50	2	4	1.95	drivecruise.com/toyota-camry-modified/	2
audi a4 tuning	general	Home Decor	1	46	46	0	0	0	drivecruise.com/audi-a4-tuning/	0
mazda 3 hatchback modified	general	Home Decor	1	46	46	4	8.7	4.16	drivecruise.com/mazda-3-hatchback-modified/	4
bmw e36 tuning	general	Home Decor	1	45	45	0	0	0	drivecruise.com/bmw-e36-tuning/	0
honda accord tuning	general	Home Decor	1	45	45	0	0	0	drivecruise.com/honda-accord-tuning/	0
ford mustang logo	general	Home Decor	1	41	41	0	0	0	drivecruise.com/ford-mustang-logo/	0
jeep compass modified	general	Home Decor	1	41	41	5	12.2	5.66	drivecruise.com/jeep-compass-modified/	5
ford f150 lifted	general	Home Decor	1	40	40	2	5	2.3	drivecruise.com/ford-f150-lifted/	2
remove a tire boot	general	Home Decor	1	37	37	0	0	0	drivecruise.com/how-to-remove-a-tire-boot/	0
toyota rav4 offroad	general	Home Decor	1	37	37	0	0	0	drivecruise.com/toyota-rav4-offroad/	0
audi sports car	general	Home Decor	1	35	35	0	0	0	drivecruise.com/audi-sports-car/	0
auto start stop warning light	general	Home Decor	1	35	35	1	2.86	1.27	drivecruise.com/auto-start-stop-warning-light/	1
ford ranger ideas	general	Home Decor	1	35	35	0	0	0	drivecruise.com/ford-ranger-ideas/	0
fiat panda 4x4	general	Home Decor	1	32	32	0	0	0	drivecruise.com/fiat-panda-4x4/	0
kubota dashboard warning lights	general	Home Decor	2	112	56	0	0	0	drivecruise.com/kubota-dashboard-warning-lights/	0
toyota hilux modified	general	Home Decor	1	32	32	0	0	0	drivecruise.com/toyota-hilux-modified/	0
toyota headlight system malfunction	general	Home Decor	1	30	30	0	0	0	drivecruise.com/toyota-headlight-system-malfunction/	0
honda a137 service code	general	Home Decor	1	30	30	0	0	0	drivecruise.com/what-is-honda-a137-service-code/	0
peugeot 206 tuning	general	Home Decor	1	29	29	0	0	0	drivecruise.com/peugeot-206-tuning/	0
toyota land cruiser 100	general	Home Decor	1	29	29	0	0	0	drivecruise.com/toyota-land-cruiser-100/	0
drive system malfunction audi	general	Home Decor	2	59	30	0	0	0	drivecruise.com/drive-system-malfunction-audi/	0
forklift warning light symbols	general	Home Decor	2	98	49	0	0	0	drivecruise.com/forklift-warning-light-symbols/	0
harley davidson dash warning lights meaning	general	Other	3	123	41	0	0	0	drivecruise.com/harley-davidson-dash-warning-lights-meaning/	0
mitsubishi lancer tuning	general	Home Decor	1	27	27	0	0	0	drivecruise.com/mitsubishi-lancer-tuning/	0
side detection temporarily unavailable	general	Home Decor	1	27	27	0	0	0	drivecruise.com/side-detection-temporarily-unavailable/	0
toyota land cruiser 70 series	general	Home Decor	1	27	27	0	0	0	drivecruise.com/toyota-land-cruiser-70-series/	0
hyundai elantra modified	general	Home Decor	1	26	26	11	42.31	17.3	drivecruise.com/hyundai-elantra-modified/	11
mazda rx 7	general	Home Decor	1	25	25	0	0	0	drivecruise.com/mazda-rx-7/	0
toyota yaris tuning	general	Home Decor	1	25	25	0	0	0	drivecruise.com/toyota-yaris-tuning/	0
bobcat warning light symbols meaning	general	Home Decor	2	140	70	0	0	0	drivecruise.com/bobcat-warning-light-symbols-meaning/	0
continental extremecontact dws 06 plus vs michelin pilot sport all season 4	general	Home Decor	1	24	24	0	0	0	drivecruise.com/continental-extremecontact-dws-06-plus-vs-michelin-pilot-sport-all-season-4/	0
hero honda splendor modified	general	Home Decor	1	24	24	0	0	0	drivecruise.com/hero-honda-splendor-modified/	0
mazda rx8 modified	general	Home Decor	1	24	24	0	0	0	drivecruise.com/mazda-rx8-modified/	0
nissan kicks dashboard warning lights	general	Home Decor	1	24	24	0	0	0	drivecruise.com/nissan-kicks-dashboard-warning-lights/	0
toyota 86 modified	general	Home Decor	1	24	24	1	4.17	1.67	drivecruise.com/toyota-86-modified/	1
bird aviary	general	Other	1	117	117	11	9.4	33.43	avianenthusiast.com/bird-aviary/	11
toucan bird	general	Other	1	86	86	1	1.16	3.86	avianenthusiast.com/toucan-bird/	1
bird cage setup	general	Other	1	70	70	2	2.86	9.09	avianenthusiast.com/bird-cage-setup/	2
liver bird	general	Other	1	52	52	0	0	0	avianenthusiast.com/liver-bird/	0
kiwi bird	general	Other	1	48	48	2	4.17	12.1	avianenthusiast.com/kiwi-bird/	2
bird sayings	general	Other	1	42	42	0	0	0	avianenthusiast.com/bird-sayings/	0
stork bird	general	Other	1	32	32	0	0	0	avianenthusiast.com/stork-bird/	0
bird nest	general	Other	1	29	29	0	0	0	avianenthusiast.com/bird-nest/	0
tailor bird	general	Other	1	29	29	0	0	0	avianenthusiast.com/tailor-bird/	0
bird enclosure	general	Other	1	28	28	1	3.57	8.96	avianenthusiast.com/bird-enclosure/	1
bird migration	general	Other	1	28	28	0	0	0	avianenthusiast.com/bird-migration/	0
shima enaga bird	general	Other	1	28	28	0	0	0	avianenthusiast.com/shima-enaga-bird/	0
raven bird drawing	general	Other	1	26	26	0	0	0	avianenthusiast.com/raven-bird-drawing/	0
biggest bird	general	Other	1	25	25	0	0	0	avianenthusiast.com/biggest-bird/	0
white parrot bird	general	Other	1	25	25	0	0	0	avianenthusiast.com/white-parrot-bird/	0
bird wing anatomy	food-recipe	Other	1	24	24	0	0	0	avianenthusiast.com/bird-wing-anatomy/	0
crane bird	general	Other	1	24	24	0	0	0	avianenthusiast.com/crane-bird/	0
frigate bird	general	Other	1	24	24	0	0	0	avianenthusiast.com/frigate-bird/	0
golden bird	general	Other	1	24	24	0	0	0	avianenthusiast.com/golden-bird/	0
green parrot bird	general	Other	1	24	24	0	0	0	avianenthusiast.com/green-parrot-bird/	0
japanese bird	general	Other	1	24	24	0	0	0	avianenthusiast.com/japanese-bird/	0
budgerigar bird	general	Other	1	23	23	0	0	0	avianenthusiast.com/budgerigar-bird/	0
pet bird names	general	Other	1	23	23	0	0	0	avianenthusiast.com/pet-bird-names/	0
mynah bird	general	Other	1	22	22	0	0	0	avianenthusiast.com/mynah-bird/	0
bird footprint	general	Other	1	21	21	0	0	0	avianenthusiast.com/bird-footprint/	0
nightjar bird	general	Other	1	20	20	0	0	0	avianenthusiast.com/nightjar-bird/	0
bird home	general	Other	1	19	19	0	0	0	avianenthusiast.com/bird-home/	0
egret bird	general	Other	1	19	19	1	5.26	11.75	avianenthusiast.com/egret-bird/	1
lark bird	general	Other	1	18	18	0	0	0	avianenthusiast.com/lark-bird/	0
bird feathers	general	Other	1	17	17	0	0	0	avianenthusiast.com/bird-feathers/	0
fluffy bird	general	Other	1	17	17	0	0	0	avianenthusiast.com/fluffy-bird/	0
kea bird	general	Other	1	17	17	0	0	0	avianenthusiast.com/kea-bird/	0
nightingale bird	general	Other	1	17	17	0	0	0	avianenthusiast.com/nightingale-bird/	0
bird bones	general	Other	1	16	16	0	0	0	avianenthusiast.com/bird-bones/	0
bird mask	general	Other	1	16	16	0	0	0	avianenthusiast.com/bird-mask/	0
bird talons	general	Other	1	16	16	0	0	0	avianenthusiast.com/bird-talons/	0
conure bird	general	Other	1	16	16	0	0	0	avianenthusiast.com/conure-bird/	0
dove bird	general	Other	1	16	16	0	0	0	avianenthusiast.com/dove-bird/	0
ptarmigan bird	general	Other	1	16	16	0	0	0	avianenthusiast.com/ptarmigan-bird/	0
bird head	general	Other	1	15	15	0	0	0	avianenthusiast.com/bird-head/	0
clipped bird wings	food-recipe	Other	1	15	15	0	0	0	avianenthusiast.com/clipped-bird-wings/	0
real phoenix bird	general	Other	1	15	15	0	0	0	avianenthusiast.com/real-phoenix-bird/	0
bird flock	general	Other	1	14	14	0	0	0	avianenthusiast.com/bird-flock/	0
condor bird	general	Other	1	14	14	0	0	0	avianenthusiast.com/condor-bird/	0
cute bird	general	Other	1	14	14	0	0	0	avianenthusiast.com/cute-bird/	0
house wren bird	general	Other	1	14	14	1	7.14	14.42	avianenthusiast.com/house-wren-bird/	1
maya bird	general	Other	1	14	14	0	0	0	avianenthusiast.com/maya-bird/	0
woodcock bird	general	Other	1	14	14	0	0	0	avianenthusiast.com/woodcock-bird/	0
5 3 lifter replacement without removing head	general	Other	1	151	151	1	0.66	2.47	jordistireshop.com/5-3-lifter-replacement-without-removing-head/	1
ford outside temperature sensor reset	general	Other	1	128	128	2	1.56	5.65	jordistireshop.com/ford-outside-temperature-sensor-reset/	2
cool cars	general	Other	1	79	79	0	0	0	jordistireshop.com/cool-cars/	0
long do tpms last	general	Other	1	69	69	2	2.9	9.19	jordistireshop.com/how-long-do-tpms-last/	2
7 32 tread	general	Other	1	67	67	0	0	0	jordistireshop.com/7-32-tread/	0
front end of car making popping noise	diy-craft	Other	1	64	64	1	1.56	4.86	jordistireshop.com/front-end-of-car-making-popping-noise/	1
sims 4 cars	general	Other	1	62	62	0	0	0	jordistireshop.com/sims-4-cars/	0
wheel lug nut size chart	general	Other	1	58	58	3	5.17	15.72	jordistireshop.com/wheel-lug-nut-size-chart/	3
stock ram 1500 tire size	general	Other	1	54	54	0	0	0	jordistireshop.com/stock-ram-1500-tire-size/	0
kumho tires review	general	Other	1	51	51	5	9.8	28.87	jordistireshop.com/kumho-tires-review/	5
john deere tractor warning lights meaning	general	Other	2	71	36	2	2.82	7.56	jordistireshop.com/john-deere-tractor-warning-lights-meaning/	2
dextero tires review	general	Other	1	49	49	3	6.12	17.85	jordistireshop.com/dextero-tires-review/	3
115t mean on tires	general	Other	1	49	49	1	2.04	5.95	jordistireshop.com/what-does-115t-mean-on-tires/	1
far will offset stick	general	Other	1	45	45	0	0	0	jordistireshop.com/how-far-will-offset-stick-out/	0
printable 5 lug bolt pattern chart	general	Other	1	45	45	0	0	0	jordistireshop.com/printable-5-lug-bolt-pattern-chart/	0
service tire monitor system mean	general	Other	1	45	45	0	0	0	jordistireshop.com/what-does-service-tire-monitor-system-mean/	0
bypass ford speed limiter	general	Other	1	41	41	1	2.44	6.8	jordistireshop.com/how-to-bypass-ford-speed-limiter/	1
old money cars	general	Other	1	40	40	0	0	0	jordistireshop.com/old-money-cars/	0
jeep wrangler stock tire size	general	Other	1	39	39	0	0	0	jordistireshop.com/jeep-wrangler-stock-tire-size/	0
t press brake to start car	general	Other	1	38	38	0	0	0	jordistireshop.com/can-t-press-brake-to-start-car/	0
new tires make noise	diy-craft	Other	1	37	37	0	0	0	jordistireshop.com/do-new-tires-make-noise/	0
mastercraft tires good	general	Other	1	36	36	0	0	0	jordistireshop.com/are-mastercraft-tires-good/	0
cardboard cars for kids drive	general	Other	1	35	35	0	0	0	jordistireshop.com/cardboard-cars-for-kids-drive-in/	0
rear belt monitor fault ford	general	Other	1	35	35	0	0	0	jordistireshop.com/rear-belt-monitor-fault-ford/	0
undercover police cars	general	Other	1	34	34	1	2.94	7.79	jordistireshop.com/undercover-police-cars/	1
carx street cars	general	Other	1	32	32	0	0	0	jordistireshop.com/carx-street-cars/	0
freightliner dash warning lights and symbols	general	Other	1	32	32	0	0	0	jordistireshop.com/freightliner-dash-warning-lights-and-symbols/	0
sailun tires review	general	Other	1	29	29	0	0	0	jordistireshop.com/sailun-tires-review/	0
tiny cars	general	Other	1	28	28	0	0	0	jordistireshop.com/tiny-cars/	0
size is 33 tires	general	Other	1	28	28	0	0	0	jordistireshop.com/what-size-is-33-tires/	0
model cars building	diy-craft	Other	1	27	27	2	7.41	18.41	jordistireshop.com/model-cars-building/	2
nitto tires manufactured	general	Other	1	25	25	0	0	0	jordistireshop.com/where-are-nitto-tires-manufactured/	0
mazda beeping after locking	general	Other	1	24	24	0	0	0	jordistireshop.com/mazda-beeping-after-locking/	0
purple cars	general	Other	1	23	23	0	0	0	jordistireshop.com/purple-cars/	0
modded cars	general	Other	1	22	22	0	0	0	jordistireshop.com/modded-cars/	0
custom car ideas	general	Other	1	21	21	0	0	0	jordistireshop.com/custom-car-ideas/	0
small cars for women	general	Other	1	21	21	0	0	0	jordistireshop.com/small-cars-for-women/	0
315 75 r16 in inches	general	Other	1	20	20	0	0	0	jordistireshop.com/315-75-r16-in-inches/	0
better tires on front or back	general	Other	1	20	20	0	0	0	jordistireshop.com/better-tires-on-front-or-back/	0
cut tires in half	general	Other	1	20	20	0	0	0	jordistireshop.com/how-to-cut-tires-in-half/	0
mafia cars	general	Other	1	20	20	0	0	0	jordistireshop.com/mafia-cars/	0
91h mean on a tire	general	Other	1	20	20	1	5	11.35	jordistireshop.com/what-does-91h-mean-on-a-tire/	1
35 12 5 r18 equivalent	general	Other	1	19	19	0	0	0	jordistireshop.com/35-12-5-r18-equivalent/	0
case tractor warning lights meaning	general	Other	1	19	19	0	0	0	jordistireshop.com/case-tractor-warning-lights-meaning/	0
signs your sister in law is attracted	general	Other	1	128	128	0	0	0	spiritualwayfarer.com/signs-your-sister-in-law-is-attracted-to-you/	0
it mean spiritually when you see a dead snake	general	Other	1	81	81	0	0	0	spiritualwayfarer.com/what-does-it-mean-spiritually-when-you-see-a-dead-snake/	0
removed books from the bible	general	Other	1	73	73	0	0	0	spiritualwayfarer.com/who-removed-books-from-the-bible/	0
signs of fake speaking in tongues	general	Other	1	72	72	0	0	0	spiritualwayfarer.com/signs-of-fake-speaking-in-tongues/	0
panda symbolism	general	Other	1	67	67	0	0	0	spiritualwayfarer.com/panda-symbolism/	0
complete animal totem list	general	Other	1	57	57	1	1.75	5.3	spiritualwayfarer.com/complete-animal-totem-list/	1
dead crow meaning	general	Other	1	53	53	0	0	0	spiritualwayfarer.com/dead-crow-meaning/	0
vampire turn someone	general	Other	1	51	51	2	3.92	11.55	spiritualwayfarer.com/how-does-a-vampire-turn-someone/	2
god removes you from a job	general	Other	1	50	50	0	0	0	spiritualwayfarer.com/when-god-removes-you-from-a-job/	0
signs you are marked by god	general	Other	1	47	47	0	0	0	spiritualwayfarer.com/signs-you-are-marked-by-god/	0
number of ravens meaning	general	Other	1	46	46	0	0	0	spiritualwayfarer.com/number-of-ravens-meaning/	0
signs of a dog being sexually abused	general	Other	1	45	45	0	0	0	spiritualwayfarer.com/signs-of-a-dog-being-sexually-abused/	0
signs your pastor doesnt like	general	Other	1	45	45	0	0	0	spiritualwayfarer.com/signs-your-pastor-doesnt-like-you/	0
signs your brother in law is attracted	general	Other	1	44	44	2	4.55	12.91	spiritualwayfarer.com/signs-your-brother-in-law-is-attracted-to-you/	2
spiritual meanings of a deer in your path	general	Other	1	41	41	0	0	0	spiritualwayfarer.com/spiritual-meanings-of-a-deer-in-your-path/	0
it mean when a grey dove visits	general	Other	1	41	41	0	0	0	spiritualwayfarer.com/what-does-it-mean-when-a-grey-dove-visits-you/	0
spiritual meaning of left hand itching	general	Other	1	40	40	0	0	0	spiritualwayfarer.com/spiritual-meaning-of-left-hand-itching/	0
spiritual meanings of left ear pain	general	Other	1	40	40	0	0	0	spiritualwayfarer.com/spiritual-meanings-of-left-ear-pain/	0
warning signs from the dead	general	Other	1	40	40	0	0	0	spiritualwayfarer.com/warning-signs-from-the-dead/	0
signs the holy spirit has left	general	Other	1	38	38	0	0	0	spiritualwayfarer.com/signs-the-holy-spirit-has-left/	0
signs your church doesnt want	general	Other	1	38	38	0	0	0	spiritualwayfarer.com/signs-your-church-doesnt-want-you/	0
moth in house meaning	general	Other	1	36	36	0	0	0	spiritualwayfarer.com/moth-in-house-meaning/	0
otter symbolism	general	Other	1	36	36	0	0	0	spiritualwayfarer.com/otter-symbolism/	0
siren head real or fake	general	Other	1	35	35	0	0	0	spiritualwayfarer.com/is-siren-head-real-or-fake/	0
cowlick spiritual meaning	general	Other	1	33	33	0	0	0	spiritualwayfarer.com/cowlick-spiritual-meaning/	0
signs someone is jealous of your looks	outfit-style	Other	1	32	32	0	0	0	spiritualwayfarer.com/signs-someone-is-jealous-of-your-looks/	0
meet mami wata	general	Other	1	31	31	1	3.23	8.35	spiritualwayfarer.com/how-to-meet-mami-wata/	1
two butterflies flying together spiritual meanings	general	Other	1	31	31	0	0	0	spiritualwayfarer.com/two-butterflies-flying-together-spiritual-meanings/	0
upside down crescent moon spiritual meaning	general	Other	1	31	31	0	0	0	spiritualwayfarer.com/upside-down-crescent-moon-spiritual-meaning/	0
signs god is warning you about someone	general	Other	1	30	30	0	0	0	spiritualwayfarer.com/signs-god-is-warning-you-about-someone/	0
signs of an arrogant pastor	general	Other	1	30	30	0	0	0	spiritualwayfarer.com/signs-of-an-arrogant-pastor/	0
spiritual meaning of a snake crossing your path	general	Other	1	30	30	0	0	0	spiritualwayfarer.com/spiritual-meaning-of-a-snake-crossing-your-path/	0
signs an arab girl likes	general	Other	1	29	29	0	0	0	spiritualwayfarer.com/signs-an-arab-girl-likes-you/	0
upside down triangle meaning	general	Other	1	29	29	0	0	0	spiritualwayfarer.com/upside-down-triangle-meaning/	0
spiritual meanings of nose bleeds	general	Other	1	28	28	0	0	0	spiritualwayfarer.com/spiritual-meanings-of-nose-bleeds/	0
spiritual meanings of right eye twitching	general	Other	1	28	28	0	0	0	spiritualwayfarer.com/spiritual-meanings-of-right-eye-twitching/	0
mermaid powers and weaknesses	general	Other	1	28	28	0	0	0	spiritualwayfarer.com/what-are-mermaid-powers-and-weaknesses/	0
black cat your door spiritual meaning	general	Other	1	27	27	0	0	0	spiritualwayfarer.com/black-cat-your-door-spiritual-meaning/	0
central heterochromia spiritual meaning	general	Other	1	27	27	0	0	0	spiritualwayfarer.com/central-heterochromia-spiritual-meaning/	0
dead cat dream meaning	general	Other	1	27	27	0	0	0	spiritualwayfarer.com/dead-cat-dream-meaning/	0
mermaids reproduce	general	Other	1	27	27	0	0	0	spiritualwayfarer.com/how-do-mermaids-reproduce/	0
moon goddess names	general	Other	1	25	25	0	0	0	spiritualwayfarer.com/moon-goddess-names/	0
signs god is preparing you for death	general	Other	1	25	25	0	0	0	spiritualwayfarer.com/signs-god-is-preparing-you-for-death/	0
bumblebee symbolism	general	Other	1	24	24	0	0	0	spiritualwayfarer.com/bumblebee-symbolism/	0
5 crows spiritual meanings	general	Other	1	23	23	0	0	0	spiritualwayfarer.com/5-crows-spiritual-meanings/	0
butterfly landing on you spiritual meaning	general	Other	1	23	23	0	0	0	spiritualwayfarer.com/butterfly-landing-on-you-spiritual-meaning/	0
dead cat outside my house spiritual meaning	general	Other	1	23	23	0	0	0	spiritualwayfarer.com/dead-cat-outside-my-house-spiritual-meaning/	0
male siren	general	Other	1	23	23	0	0	0	spiritualwayfarer.com/male-siren/	0
starfish symbolism and meaning	general	Other	1	23	23	0	0	0	spiritualwayfarer.com/starfish-symbolism-and-meaning/	0
home depot cut wood	general	Home Decor	1	323	323	1	0.31	0.22	woodworkwizardry.com/can-home-depot-cut-wood-for-you/	1
i dump wood for free	general	Home Decor	1	261	261	2	0.77	0.53	woodworkwizardry.com/where-can-i-dump-wood-for-free/	2
dog urine odor out of wood floors	general	Home Decor	1	181	181	11	6.08	3.92	woodworkwizardry.com/how-to-get-dog-urine-odor-out-of-wood-floors/	11
remove mildew on wood	general	Home Decor	1	179	179	0	0	0	woodworkwizardry.com/how-to-remove-mildew-on-wood/	0
cigarette smell out of wood	general	Home Decor	1	162	162	5	3.09	1.95	woodworkwizardry.com/how-to-get-cigarette-smell-out-of-wood/	5
protect wood furniture outside	general	Home Decor	1	161	161	5	3.11	1.96	woodworkwizardry.com/how-to-protect-wood-furniture-outside/	5
pee smell out of wood floors	general	Home Decor	1	151	151	3	1.99	1.24	woodworkwizardry.com/how-to-get-the-pee-smell-out-of-wood-floors/	3
remove musty odor from wood furniture	general	Home Decor	1	148	148	3	2.03	1.26	woodworkwizardry.com/how-to-remove-musty-odor-from-wood-furniture/	3
repaint exterior wood	general	Home Decor	1	143	143	0	0	0	woodworkwizardry.com/how-to-repaint-exterior-wood/	0
oil out of wood	general	Home Decor	1	140	140	1	0.71	0.44	woodworkwizardry.com/how-do-you-get-oil-out-of-wood/	1
long to wait to stain pressure treated wood	general	Home Decor	1	138	138	3	2.17	1.33	woodworkwizardry.com/how-long-to-wait-to-stain-pressure-treated-wood/	3
repair a stripped screw hole in wood	general	Home Decor	1	131	131	9	6.87	4.16	woodworkwizardry.com/how-to-repair-a-stripped-screw-hole-in-wood/	9
cat urine smell out of wood floors	general	Home Decor	1	124	124	6	4.84	2.9	woodworkwizardry.com/how-to-get-cat-urine-smell-out-of-wood-floors/	6
scuff marks off wood floors	general	Home Decor	1	121	121	2	1.65	0.98	woodworkwizardry.com/how-to-get-scuff-marks-off-wood-floors/	2
identify wood	general	Home Decor	1	104	104	0	0	0	woodworkwizardry.com/how-to-identify-wood/	0
fix scratches on wood floor	general	Home Decor	1	97	97	5	5.15	2.93	woodworkwizardry.com/how-to-fix-scratches-on-wood-floor/	5
long does it take wood glue to dry	general	Home Decor	1	91	91	1	1.1	0.62	woodworkwizardry.com/how-long-does-it-take-wood-glue-to-dry/	1
keep wood bees away	general	Home Decor	1	88	88	4	4.55	2.53	woodworkwizardry.com/how-to-keep-wood-bees-away/	4
ink out of wood	tattoo	Home Decor	1	80	80	3	3.75	2.04	woodworkwizardry.com/how-to-get-ink-out-of-wood/	3
clean a wood burning stove	general	Home Decor	1	73	73	0	0	0	woodworkwizardry.com/how-to-clean-a-wood-burning-stove/	0
stain poplar wood	general	Home Decor	1	71	71	0	0	0	woodworkwizardry.com/can-you-stain-poplar-wood/	0
wood stairs less slippery	general	Home Decor	1	71	71	7	9.86	5.23	woodworkwizardry.com/how-to-make-wood-stairs-less-slippery/	7
glue off wood floors	general	Home Decor	1	70	70	0	0	0	woodworkwizardry.com/how-to-get-glue-off-wood-floors/	0
color wood floor with dark cabinets	hair-beauty	Home Decor	1	70	70	0	0	0	woodworkwizardry.com/what-color-wood-floor-with-dark-cabinets/	0
stain douglas fir	general	Home Decor	1	67	67	0	0	0	woodworkwizardry.com/how-to-stain-douglas-fir/	0
remove polyurethane from wood	general	Home Decor	1	66	66	0	0	0	woodworkwizardry.com/how-to-remove-polyurethane-from-wood/	0
stain acacia wood	general	Home Decor	1	66	66	1	1.52	0.79	woodworkwizardry.com/how-to-stain-acacia-wood/	1
fix blotchy stained wood	general	Home Decor	1	64	64	3	4.69	2.43	woodworkwizardry.com/how-to-fix-blotchy-stained-wood/	3
odor out of wood furniture	general	Home Decor	1	62	62	2	3.23	1.66	woodworkwizardry.com/how-to-get-odor-out-of-wood-furniture/	2
disinfect unfinished wood	general	Home Decor	1	60	60	0	0	0	woodworkwizardry.com/how-to-disinfect-unfinished-wood/	0
long does pressure treated wood take to dry	general	Home Decor	1	58	58	0	0	0	woodworkwizardry.com/how-long-does-pressure-treated-wood-take-to-dry/	0
clean engineered wood floor	general	Home Decor	1	58	58	3	5.17	2.62	woodworkwizardry.com/how-to-clean-engineered-wood-floor/	3
beginners guide how to frame a wall corner	product-specific	Home Decor	1	57	57	0	0	0	woodworkwizardry.com/beginners-guide-how-to-frame-a-wall-corner/	0
engineered wood floors be refinished	general	Home Decor	1	57	57	1	1.75	0.88	woodworkwizardry.com/can-engineered-wood-floors-be-refinished/	1
i seal painted wood	general	Home Decor	1	57	57	4	7.02	3.54	woodworkwizardry.com/how-do-i-seal-painted-wood/	4
long does wood take to dry	general	Home Decor	1	57	57	0	0	0	woodworkwizardry.com/how-long-does-wood-take-to-dry/	0
fix warped wood floor	general	Home Decor	1	57	57	0	0	0	woodworkwizardry.com/how-to-fix-warped-wood-floor/	0
direction to lay wood flooring	general	Home Decor	1	57	57	0	0	0	woodworkwizardry.com/which-direction-to-lay-wood-flooring/	0
rid of wood boring bees	general	Home Decor	1	52	52	2	3.85	1.9	woodworkwizardry.com/how-to-get-rid-of-wood-boring-bees/	2
lowes cut wood	general	Home Decor	1	50	50	0	0	0	woodworkwizardry.com/can-lowes-cut-wood-for-you/	0
wood glue out of clothes	outfit-style	Home Decor	1	50	50	0	0	0	woodworkwizardry.com/how-do-you-get-wood-glue-out-of-clothes/	0
wooden ladder	general	Home Decor	1	49	49	0	0	0	woodworkwizardry.com/how-to-make-wooden-ladder/	0
remove carpet tape from wood floor	general	Home Decor	1	48	48	1	2.08	1	woodworkwizardry.com/how-to-remove-carpet-tape-from-wood-floor/	1
big is cord of wood	general	Home Decor	1	46	46	0	0	0	woodworkwizardry.com/how-big-is-cord-of-wood/	0
remove lacquer from wood	general	Home Decor	1	46	46	3	6.52	3.11	woodworkwizardry.com/how-do-you-remove-lacquer-from-wood/	3
refinish wood exterior door	general	Home Decor	1	46	46	0	0	0	woodworkwizardry.com/how-to-refinish-wood-exterior-door/	0
burn pressure treated wood	general	Home Decor	1	45	45	0	0	0	woodworkwizardry.com/can-you-burn-pressure-treated-wood/	0
outdoor wood boiler	general	Home Decor	1	44	44	0	0	0	woodworkwizardry.com/how-does-an-outdoor-wood-boiler-work/	0
milwaukee tools so expensive	general	Home Decor	1	44	44	1	2.27	1.07	woodworkwizardry.com/why-are-milwaukee-tools-so-expensive/	1
ford escape how to open trunk	general	Other	1	90	90	0	0	0	autorepairlebanontn.com/ford-escape-how-to-open-trunk/	0
honda b137 service code	general	Other	1	83	83	0	0	0	autorepairlebanontn.com/what-is-honda-b137-service-code/	0
range rover how to reset stereo system	general	Other	1	69	69	2	2.9	9.19	autorepairlebanontn.com/range-rover-how-to-reset-stereo-system/	2
much does it cost to replace a rear main seal	general	Other	1	61	61	4	6.56	20.19	autorepairlebanontn.com/how-much-does-it-cost-to-replace-a-rear-main-seal/	4
polaris ranger years to avoid	general	Other	1	61	61	0	0	0	autorepairlebanontn.com/polaris-ranger-years-to-avoid/	0
volkswagen atlas how to perform oil reset	general	Other	1	49	49	0	0	0	autorepairlebanontn.com/volkswagen-atlas-how-to-perform-oil-reset/	0
best and worst road king years	general	Other	1	47	47	0	0	0	autorepairlebanontn.com/best-and-worst-road-king-years/	0
best and worst street glide years	general	Other	1	47	47	0	0	0	autorepairlebanontn.com/best-and-worst-street-glide-years/	0
much to replace spark plugs and coils	general	Other	1	45	45	1	2.22	6.34	autorepairlebanontn.com/how-much-to-replace-spark-plugs-and-coils/	1
honda b124 service code	general	Other	1	42	42	0	0	0	autorepairlebanontn.com/what-is-honda-b124-service-code/	0
toyota vsc check engine lights	general	Other	1	39	39	0	0	0	autorepairlebanontn.com/toyota-vsc-check-engine-lights-on/	0
am defender ac problems	general	Other	1	37	37	1	2.7	7.32	autorepairlebanontn.com/can-am-defender-ac-problems/	1
kenworth dash warning lights meaning	general	Other	1	36	36	0	0	0	autorepairlebanontn.com/kenworth-dash-warning-lights-meaning/	0
kawasaki mule sx problems	general	Other	1	35	35	0	0	0	autorepairlebanontn.com/kawasaki-mule-sx-problems/	0
ram pickup reset stereo system	general	Other	1	35	35	0	0	0	autorepairlebanontn.com/ram-pickup-reset-stereo-system/	0
range rover how to open the hood	general	Other	1	34	34	0	0	0	autorepairlebanontn.com/range-rover-how-to-open-the-hood/	0
c0561 71 code	general	Other	1	32	32	0	0	0	autorepairlebanontn.com/c0561-71-code/	0
parts of an engine diagram	general	Other	1	25	25	0	0	0	autorepairlebanontn.com/parts-of-an-engine-diagram/	0
strut on a car	general	Other	1	25	25	0	0	0	autorepairlebanontn.com/what-is-a-strut-on-a-car/	0
jumper cable goes on first	general	Other	1	25	25	0	0	0	autorepairlebanontn.com/which-jumper-cable-goes-on-first/	0
ecu 128 code on freightliner	general	Other	1	24	24	0	0	0	autorepairlebanontn.com/ecu-128-code-on-freightliner/	0
fix service stabilitrak	general	Other	1	24	24	0	0	0	autorepairlebanontn.com/how-to-fix-service-stabilitrak/	0
jetta reset oil light	general	Other	1	23	23	0	0	0	autorepairlebanontn.com/jetta-reset-oil-light/	0
subaru outback reset tpms	general	Other	1	22	22	0	0	0	autorepairlebanontn.com/subaru-outback-reset-tpms/	0
axle in a car	general	Other	1	22	22	0	0	0	autorepairlebanontn.com/what-is-an-axle-in-a-car/	0
chevy malibu reset stereo system	general	Other	1	21	21	0	0	0	autorepairlebanontn.com/chevy-malibu-reset-stereo-system/	0
mercedes benz a3 service	general	Other	1	21	21	0	0	0	autorepairlebanontn.com/mercedes-benz-a3-service/	0
michelin premier ltx vs primacy tour a s	general	Other	1	21	21	0	0	0	autorepairlebanontn.com/michelin-premier-ltx-vs-primacy-tour-a-s/	0
i know if my timing belt is bad	general	Other	1	20	20	0	0	0	autorepairlebanontn.com/how-do-i-know-if-my-timing-belt-is-bad/	0
long can you drive with a rear main seal leak	general	Other	1	20	20	0	0	0	autorepairlebanontn.com/how-long-can-you-drive-with-a-rear-main-seal-leak/	0
harley sportster years to avoid	general	Other	1	19	19	0	0	0	autorepairlebanontn.com/harley-sportster-years-to-avoid/	0
i keep my car battery from dying in cold weather	general	Other	1	19	19	0	0	0	autorepairlebanontn.com/how-do-i-keep-my-car-battery-from-dying-in-cold-weather/	0
check freon level in car without gauge	general	Other	1	19	19	0	0	0	autorepairlebanontn.com/how-to-check-freon-level-in-car-without-gauge/	0
service stabilitrak light meaning and how to reset it	general	Other	1	19	19	1	5.26	11.75	autorepairlebanontn.com/service-stabilitrak-light-meaning-and-how-to-reset-it/	1
year harleys to avoid	general	Other	1	19	19	0	0	0	autorepairlebanontn.com/what-year-harleys-to-avoid/	0
best tires for polaris ranger 1000 xp	general	Other	1	18	18	0	0	0	autorepairlebanontn.com/best-tires-for-polaris-ranger-1000-xp/	0
am defender overheating	general	Other	1	18	18	0	0	0	autorepairlebanontn.com/can-am-defender-overheating/	0
long can you drive with bad lifters	general	Other	1	18	18	0	0	0	autorepairlebanontn.com/how-long-can-you-drive-with-bad-lifters/	0
long does it take for bad gas to affect your car	general	Other	1	18	18	0	0	0	autorepairlebanontn.com/how-long-does-it-take-for-bad-gas-to-affect-your-car/	0
john deere x350 problems	general	Other	1	18	18	0	0	0	autorepairlebanontn.com/john-deere-x350-problems/	0
polaris ranger check engine codes	general	Other	1	18	18	0	0	0	autorepairlebanontn.com/polaris-ranger-check-engine-codes/	0
happens to a car when the serpentine belt breaks	general	Other	1	18	18	0	0	0	autorepairlebanontn.com/what-happens-to-a-car-when-the-serpentine-belt-breaks/	0
common problems with can am defender	general	Other	1	17	17	0	0	0	autorepairlebanontn.com/common-problems-with-can-am-defender/	0
many gallons is a sportster tank	general	Other	1	17	17	0	0	0	autorepairlebanontn.com/how-many-gallons-is-a-sportster-tank/	0
turn off brake light on dashboard	general	Other	1	17	17	0	0	0	autorepairlebanontn.com/how-to-turn-off-brake-light-on-dashboard/	0
mens highlights	hair-beauty	Hair/Beauty	1	78	78	0	0	0	magentahairstudio.com/mens-highlights/	0
choppy pixie cuts	general	Hair/Beauty	1	45	45	0	0	0	magentahairstudio.com/choppy-pixie-cuts/	0
hair colour chart	hair-beauty	Hair/Beauty	1	44	44	0	0	0	magentahairstudio.com/hair-colour-chart/	0
long hair undercut men	hair-beauty	Hair/Beauty	1	35	35	0	0	0	magentahairstudio.com/long-hair-undercut-men/	0
mens taper fade curly hair	hair-beauty	Hair/Beauty	1	34	34	0	0	0	magentahairstudio.com/mens-taper-fade-curly-hair/	0
perms for short hair	hair-beauty	Hair/Beauty	1	34	34	3	8.82	33.54	magentahairstudio.com/perms-for-short-hair/	3
asian men hairstyles	hair-beauty	Hair/Beauty	1	33	33	0	0	0	magentahairstudio.com/asian-men-hairstyles/	0
slick back fade hairstyles for men	hair-beauty	Hair/Beauty	1	32	32	0	0	0	magentahairstudio.com/slick-back-fade-hairstyles-for-men/	0
curtain bangs for straight hair	product-specific	Hair/Beauty	1	28	28	0	0	0	magentahairstudio.com/curtain-bangs-for-straight-hair/	0
cool flat top haircuts	outfit-style	Hair/Beauty	1	27	27	0	0	0	magentahairstudio.com/cool-flat-top-haircuts/	0
avoiding dreaded karen cut	general	Hair/Beauty	1	23	23	0	0	0	magentahairstudio.com/avoiding-dreaded-karen-cut/	0
20 stylish hairstyles and haircuts for teenage girls latest trends	hair-beauty	Hair/Beauty	1	20	20	0	0	0	magentahairstudio.com/20-stylish-hairstyles-and-haircuts-for-teenage-girls-latest-trends/	0
black hair with highlights	hair-beauty	Hair/Beauty	1	20	20	0	0	0	magentahairstudio.com/black-hair-with-highlights/	0
bob with curtain bangs	product-specific	Hair/Beauty	1	20	20	0	0	0	magentahairstudio.com/bob-with-curtain-bangs/	0
inverted bob haircut	hair-beauty	Hair/Beauty	1	20	20	0	0	0	magentahairstudio.com/inverted-bob-haircut/	0
mod haircut for men	hair-beauty	Hair/Beauty	1	20	20	0	0	0	magentahairstudio.com/mod-haircut-for-men/	0
money pieces	general	Hair/Beauty	1	20	20	0	0	0	magentahairstudio.com/money-pieces/	0
shoulder length blonde hair	hair-beauty	Hair/Beauty	1	20	20	0	0	0	magentahairstudio.com/shoulder-length-blonde-hair/	0
copper balayage	hair-beauty	Hair/Beauty	1	18	18	0	0	0	magentahairstudio.com/copper-balayage/	0
20 gorgeous hairstyles for gray hair	hair-beauty	Hair/Beauty	1	17	17	0	0	0	magentahairstudio.com/20-gorgeous-hairstyles-for-gray-hair/	0
hairstyles for thin hair round face	hair-beauty	Hair/Beauty	1	17	17	0	0	0	magentahairstudio.com/hairstyles-for-thin-hair-round-face/	0
half updos	general	Hair/Beauty	1	17	17	0	0	0	magentahairstudio.com/half-updos/	0
15 scrumptious vibrant hues for chocolate brown hair	hair-beauty	Hair/Beauty	1	16	16	0	0	0	magentahairstudio.com/15-scrumptious-vibrant-hues-for-chocolate-brown-hair/	0
french crop haircut	hair-beauty	Hair/Beauty	1	16	16	0	0	0	magentahairstudio.com/french-crop-haircut/	0
hairstyles for thin curly hair	hair-beauty	Hair/Beauty	1	16	16	0	0	0	magentahairstudio.com/hairstyles-for-thin-curly-hair/	0
korean haircut men	hair-beauty	Hair/Beauty	1	16	16	0	0	0	magentahairstudio.com/korean-haircut-men/	0
shag haircuts men	general	Hair/Beauty	1	16	16	0	0	0	magentahairstudio.com/shag-haircuts-men/	0
shaggy mullet	general	Hair/Beauty	1	16	16	0	0	0	magentahairstudio.com/shaggy-mullet/	0
us	general	Hair/Beauty	1	15	15	0	0	0	magentahairstudio.com/about-us/	0
hairstyles for fine straight hair	hair-beauty	Hair/Beauty	1	15	15	0	0	0	magentahairstudio.com/hairstyles-for-fine-straight-hair/	0
medium length brown hairstyles	hair-beauty	Hair/Beauty	1	15	15	0	0	0	magentahairstudio.com/medium-length-brown-hairstyles/	0
shoulder length hair balayage	hair-beauty	Hair/Beauty	1	15	15	0	0	0	magentahairstudio.com/shoulder-length-hair-balayage/	0
15 most delightful prom updos for long hair in 2014	hair-beauty	Hair/Beauty	1	14	14	0	0	0	magentahairstudio.com/15-most-delightful-prom-updos-for-long-hair-in-2014/	0
30 stately long hairstyles for men to sport with dignity	hair-beauty	Hair/Beauty	1	14	14	0	0	0	magentahairstudio.com/30-stately-long-hairstyles-for-men-to-sport-with-dignity/	0
easy hairstyles for short hair	hair-beauty	Hair/Beauty	1	14	14	0	0	0	magentahairstudio.com/easy-hairstyles-for-short-hair/	0
female mullet	general	Hair/Beauty	1	13	13	0	0	0	magentahairstudio.com/female-mullet/	0
french bob	general	Hair/Beauty	1	13	13	0	0	0	magentahairstudio.com/french-bob/	0
low maintenance haircuts for straight hair	hair-beauty	Hair/Beauty	1	13	13	0	0	0	magentahairstudio.com/low-maintenance-haircuts-for-straight-hair/	0
15 trendiest ideas for light brown hair with highlights	hair-beauty	Hair/Beauty	1	12	12	0	0	0	magentahairstudio.com/15-trendiest-ideas-for-light-brown-hair-with-highlights/	0
flattering hairstyles for round faces	hair-beauty	Hair/Beauty	1	12	12	0	0	0	magentahairstudio.com/flattering-hairstyles-for-round-faces/	0
hairstyles for balding men	hair-beauty	Hair/Beauty	1	12	12	0	0	0	magentahairstudio.com/hairstyles-for-balding-men/	0
30 terrific simply cute haircuts for girls to put you on center stage	general	Hair/Beauty	1	11	11	0	0	0	magentahairstudio.com/30-terrific-simply-cute-haircuts-for-girls-to-put-you-on-center-stage/	0
bobs for round faces	general	Hair/Beauty	1	11	11	0	0	0	magentahairstudio.com/bobs-for-round-faces/	0
butterfly haircut	hair-beauty	Hair/Beauty	1	11	11	0	0	0	magentahairstudio.com/butterfly-haircut/	0
hair highlights ideas	hair-beauty	Hair/Beauty	1	11	11	0	0	0	magentahairstudio.com/hair-highlights-ideas/	0
low maintenance medium length hairstyles with bangs	hair-beauty	Hair/Beauty	1	11	11	0	0	0	magentahairstudio.com/low-maintenance-medium-length-hairstyles-with-bangs/	0
subtle men tattoos	tattoo	Tattoo	1	594	594	7	1.18	5.36	tattooradar.com/subtle-men-tattoos/	7
small tattoo placements	tattoo	Tattoo	1	90	90	1	1.11	3.56	tattooradar.com/small-tattoo-placements/	1
tattoos that signify strength	tattoo	Tattoo	1	66	66	1	1.52	4.54	tattooradar.com/tattoos-that-signify-strength/	1
tramp stamp meaning	general	Tattoo	1	53	53	3	5.66	16.04	tattooradar.com/tramp-stamp-meaning/	3
medusa tattoos for females	tattoo	Tattoo	1	40	40	0	0	0	tattooradar.com/medusa-tattoos-for-females/	0
back tattoo ideas for men	tattoo	Tattoo	1	39	39	0	0	0	tattooradar.com/back-tattoo-ideas-for-men/	0
hand tattoos for women	tattoo	Tattoo	1	37	37	0	0	0	tattooradar.com/hand-tattoos-for-women/	0
chest tattoo ideas	tattoo	Tattoo	1	36	36	0	0	0	tattooradar.com/chest-tattoo-ideas/	0
symbolism of arrow tattoo	tattoo	Tattoo	1	36	36	0	0	0	tattooradar.com/symbolism-of-arrow-tattoo/	0
native american arm tattoos	tattoo	Tattoo	1	35	35	0	0	0	tattooradar.com/native-american-arm-tattoos/	0
wrist tattoo for women	tattoo	Tattoo	1	34	34	0	0	0	tattooradar.com/wrist-tattoo-for-women/	0
cross tattoo meaning	tattoo	Tattoo	1	33	33	1	3.03	7.59	tattooradar.com/cross-tattoo-meaning/	1
heart tattoos with names	tattoo	Tattoo	1	33	33	0	0	0	tattooradar.com/heart-tattoos-with-names/	0
motorcycle tattoo ideas	tattoo	Tattoo	1	31	31	1	3.23	7.95	tattooradar.com/motorcycle-tattoo-ideas/	1
yin yang tattoo	tattoo	Tattoo	1	31	31	1	3.23	7.95	tattooradar.com/yin-yang-tattoo/	1
armband tattoos for men	tattoo	Tattoo	1	29	29	0	0	0	tattooradar.com/armband-tattoos-for-men/	0
pine tree tattoo	tattoo	Tattoo	1	29	29	1	3.45	8.34	tattooradar.com/pine-tree-tattoo/	1
bible verse tattoo	tattoo	Tattoo	1	27	27	2	7.41	17.54	tattooradar.com/bible-verse-tattoo/	2
evil eye tattoo	tattoo	Tattoo	1	27	27	0	0	0	tattooradar.com/evil-eye-tattoo/	0
japanese dragon tattoo	tattoo	Tattoo	1	27	27	0	0	0	tattooradar.com/japanese-dragon-tattoo/	0
star tattoo meaning	tattoo	Tattoo	1	27	27	0	0	0	tattooradar.com/star-tattoo-meaning/	0
viking rune tattoo	tattoo	Tattoo	1	27	27	0	0	0	tattooradar.com/viking-rune-tattoo/	0
wildflower tattoo	tattoo	Tattoo	1	27	27	0	0	0	tattooradar.com/wildflower-tattoo/	0
rise phoenix tattoo	tattoo	Tattoo	1	26	26	5	19.23	45.03	tattooradar.com/rise-phoenix-tattoo/	5
compass tattoo meaning	tattoo	Tattoo	1	25	25	0	0	0	tattooradar.com/compass-tattoo-meaning/	0
leg tattoo for men	tattoo	Tattoo	1	25	25	0	0	0	tattooradar.com/leg-tattoo-for-men/	0
star tattoos	tattoo	Tattoo	1	25	25	0	0	0	tattooradar.com/star-tattoos/	0
sword tattoo	tattoo	Tattoo	1	25	25	0	0	0	tattooradar.com/sword-tattoo/	0
vine tattoos	tattoo	Tattoo	1	25	25	0	0	0	tattooradar.com/vine-tattoos/	0
neck tattoos mean	tattoo	Tattoo	1	25	25	0	0	0	tattooradar.com/what-do-neck-tattoos-mean/	0
old do you have to be to get a tattoo	tattoo	Tattoo	1	24	24	0	0	0	tattooradar.com/how-old-do-you-have-to-be-to-get-a-tattoo/	0
viking tattoo	tattoo	Tattoo	1	24	24	2	8.33	19.05	tattooradar.com/viking-tattoo/	2
male first tattoo ideas	tattoo	Tattoo	1	23	23	0	0	0	tattooradar.com/male-first-tattoo-ideas/	0
tattooing for beginners shading	general	Tattoo	1	23	23	0	0	0	tattooradar.com/tattooing-for-beginners-shading/	0
tribal half sleeve tattoo	tattoo	Tattoo	1	23	23	0	0	0	tattooradar.com/tribal-half-sleeve-tattoo/	0
black rose tattoo meaning	tattoo	Tattoo	1	21	21	0	0	0	tattooradar.com/black-rose-tattoo-meaning/	0
masculine tribal tattoos	tattoo	Tattoo	1	21	21	0	0	0	tattooradar.com/masculine-tribal-tattoos/	0
women s feminine arm tattoos	tattoo	Tattoo	1	21	21	0	0	0	tattooradar.com/women-s-feminine-arm-tattoos/	0
american traditional tattoo flash	tattoo	Tattoo	1	20	20	0	0	0	tattooradar.com/american-traditional-tattoo-flash/	0
ghost tattoo meaning	tattoo	Tattoo	1	20	20	0	0	0	tattooradar.com/ghost-tattoo-meaning/	0
sparrow tattoos	tattoo	Tattoo	1	20	20	0	0	0	tattooradar.com/sparrow-tattoos/	0
symbolic bird tattoos	tattoo	Tattoo	1	20	20	0	0	0	tattooradar.com/symbolic-bird-tattoos/	0
elephant tattoo mean	tattoo	Tattoo	1	20	20	0	0	0	tattooradar.com/what-does-a-elephant-tattoo-mean/	0
heart beat tattoo	tattoo	Tattoo	1	19	19	1	5.26	11.2	tattooradar.com/heart-beat-tattoo/	1
rainbow tattoo ideas	tattoo	Tattoo	1	19	19	2	10.53	22.41	tattooradar.com/rainbow-tattoo-ideas/	2
dragonfly tattoo symbolism	tattoo	Tattoo	1	18	18	0	0	0	tattooradar.com/dragonfly-tattoo-symbolism/	0
raven tattoo shoulder	tattoo	Tattoo	1	18	18	0	0	0	tattooradar.com/raven-tattoo-shoulder/	0
celtic cross tattoos	tattoo	Tattoo	1	17	17	0	0	0	tattooradar.com/celtic-cross-tattoos/	0
best chrome spray paint	diy-craft	Home Decor	1	194	194	38	19.59	12.81	homeypaint.com/best-chrome-spray-paint/	38
best paint colors for a small bathroom	room-ideas	Home Decor	1	109	109	0	0	0	homeypaint.com/best-paint-colors-for-a-small-bathroom/	0
porch railing ideas	general	Home Decor	1	96	96	1	1.04	0.59	homeypaint.com/porch-railing-ideas/	1
best paint for basement floor	room-ideas	Home Decor	1	95	95	2	2.11	1.19	homeypaint.com/best-paint-for-basement-floor/	2
best automotive paint remover	diy-craft	Home Decor	1	91	91	19	20.88	11.71	homeypaint.com/best-automotive-paint-remover/	19
wall ideas for japandi style living room	outfit-style	Home Decor	1	85	85	0	0	0	homeypaint.com/wall-ideas-for-japandi-style-living-room/	0
best paint for concrete around pool	diy-craft	Home Decor	1	82	82	20	24.39	13.37	homeypaint.com/best-paint-for-concrete-around-pool/	20
funky wall paint ideas	diy-craft	Home Decor	1	80	80	0	0	0	homeypaint.com/funky-wall-paint-ideas/	0
light gray paint colors sherwin williams	diy-craft	Home Decor	1	65	65	1	1.54	0.8	homeypaint.com/light-gray-paint-colors-sherwin-williams/	1
best stain blocker paint	diy-craft	Home Decor	1	62	62	4	6.45	3.31	homeypaint.com/best-stain-blocker-paint/	4
best paint colors for master bedroom	room-ideas	Home Decor	1	61	61	0	0	0	homeypaint.com/best-paint-colors-for-master-bedroom/	0
best exterior paint for hardie board	diy-craft	Home Decor	1	59	59	0	0	0	homeypaint.com/best-exterior-paint-for-hardie-board/	0
best paint for rv exterior	diy-craft	Home Decor	1	59	59	4	6.78	3.44	homeypaint.com/best-paint-for-rv-exterior/	4
best paint for denim fabric	diy-craft	Home Decor	1	58	58	4	6.9	3.49	homeypaint.com/best-paint-for-denim-fabric/	4
room color ideas for men	hair-beauty	Home Decor	1	54	54	0	0	0	homeypaint.com/room-color-ideas-for-men/	0
best paint for shelves	product-specific	Home Decor	1	52	52	5	9.62	4.74	homeypaint.com/best-paint-for-shelves/	5
best paint for cinder block basement walls	room-ideas	Home Decor	1	51	51	5	9.8	4.8	homeypaint.com/best-paint-for-cinder-block-basement-walls/	5
color to paint kitchen with honey oak cabinets	room-ideas	Home Decor	1	51	51	1	1.96	0.96	homeypaint.com/what-color-to-paint-kitchen-with-honey-oak-cabinets/	1
best green bathroom paint colors	room-ideas	Home Decor	1	47	47	1	2.13	1.02	homeypaint.com/best-green-bathroom-paint-colors/	1
best paint for concrete porch	diy-craft	Home Decor	1	42	42	4	9.52	4.44	homeypaint.com/best-paint-for-concrete-porch/	4
best yellow exterior house paint	diy-craft	Home Decor	1	42	42	0	0	0	homeypaint.com/best-yellow-exterior-house-paint/	0
best paint for metal railings	diy-craft	Home Decor	1	41	41	7	17.07	7.91	homeypaint.com/best-paint-for-metal-railings/	7
best acrylic paint for rocks	diy-craft	Home Decor	1	40	40	4	10	4.61	homeypaint.com/best-acrylic-paint-for-rocks/	4
best airbrush for beginners	general	Home Decor	1	40	40	4	10	4.61	homeypaint.com/best-airbrush-for-beginners/	4
best black auto paint	diy-craft	Home Decor	1	39	39	1	2.56	1.17	homeypaint.com/best-black-auto-paint/	1
orange brick exterior color schemes	hair-beauty	Home Decor	1	37	37	0	0	0	homeypaint.com/orange-brick-exterior-color-schemes/	0
front door paint colors with red brick	diy-craft	Home Decor	1	36	36	0	0	0	homeypaint.com/front-door-paint-colors-with-red-brick/	0
best paint for ceilings	diy-craft	Home Decor	1	35	35	2	5.71	2.54	homeypaint.com/best-paint-for-ceilings/	2
sky blue color combinations	hair-beauty	Home Decor	1	35	35	1	2.86	1.27	homeypaint.com/sky-blue-color-combinations/	1
house color schemes interior	hair-beauty	Home Decor	1	34	34	0	0	0	homeypaint.com/house-color-schemes-interior/	0
modern exterior paint colors	diy-craft	Home Decor	1	33	33	0	0	0	homeypaint.com/modern-exterior-paint-colors/	0
wainscoting panel ideas	general	Home Decor	1	32	32	1	3.13	1.36	homeypaint.com/wainscoting-panel-ideas/	1
best paint for old plaster walls	diy-craft	Home Decor	1	31	31	0	0	0	homeypaint.com/best-paint-for-old-plaster-walls/	0
best paint colors for girls room	diy-craft	Home Decor	1	28	28	0	0	0	homeypaint.com/best-paint-colors-for-girls-room/	0
t v unit design modern	tattoo	Home Decor	1	26	26	0	0	0	homeypaint.com/t-v-unit-design-modern/	0
best paint colors for a bathroom	room-ideas	Home Decor	1	25	25	0	0	0	homeypaint.com/best-paint-colors-for-a-bathroom/	0
best paint for metal roofs	diy-craft	Home Decor	1	25	25	0	0	0	homeypaint.com/best-paint-for-metal-roofs/	0
board and batten accent wall ideas	general	Home Decor	1	25	25	0	0	0	homeypaint.com/board-and-batten-accent-wall-ideas/	0
best metallic acrylic paint for pouring	diy-craft	Home Decor	1	24	24	1	4.17	1.67	homeypaint.com/best-metallic-acrylic-paint-for-pouring/	1
earth tone paint colors	diy-craft	Home Decor	1	24	24	0	0	0	homeypaint.com/earth-tone-paint-colors/	0
small front porch ideas	general	Home Decor	1	24	24	4	16.67	6.66	homeypaint.com/small-front-porch-ideas/	4
best spray paint for wrought iron	product-specific	Home Decor	1	23	23	2	8.7	3.43	homeypaint.com/best-spray-paint-for-wrought-iron/	2
best paint colors for cherry cabinets	diy-craft	Home Decor	1	22	22	0	0	0	homeypaint.com/best-paint-colors-for-cherry-cabinets/	0
double door design ideas	tattoo	Home Decor	1	22	22	0	0	0	homeypaint.com/double-door-design-ideas/	0
best basement paint colors	room-ideas	Home Decor	1	21	21	0	0	0	homeypaint.com/best-basement-paint-colors/	0
office with murphy bed ideas	product-specific	Home Decor	1	21	21	0	0	0	homeypaint.com/office-with-murphy-bed-ideas/	0
best jewel tone paint colors	diy-craft	Home Decor	1	20	20	1	5	1.89	homeypaint.com/best-jewel-tone-paint-colors/	1
best paint colors for a basement	room-ideas	Home Decor	1	20	20	0	0	0	homeypaint.com/best-paint-colors-for-a-basement/	0
outdoor front entrance ideas	general	Garden/Outdoor	1	1186	1186	26	2.19	1.68	yardolio.com/outdoor-front-entrance-ideas/	26
tree log ideas outdoor	general	Garden/Outdoor	1	869	869	17	1.96	1.44	yardolio.com/tree-log-ideas-outdoor/	17
large outdoor planter ideas	product-specific	Garden/Outdoor	2	603	302	7	1.16	0.72	yardolio.com/large-outdoor-planter-ideas/	7
mini pergola ideas	general	Garden/Outdoor	1	237	237	20	8.44	5	yardolio.com/mini-pergola-ideas/	20
cement wall ideas outdoor	general	Garden/Outdoor	1	223	223	2	0.9	0.53	yardolio.com/cement-wall-ideas-outdoor/	2
outdoor sauna ideas backyards	general	Garden/Outdoor	1	210	210	5	2.38	1.38	yardolio.com/outdoor-sauna-ideas-backyards/	5
backyard retaining wall ideas	room-ideas	Garden/Outdoor	1	201	201	3	1.49	0.86	yardolio.com/backyard-retaining-wall-ideas/	3
outside toilet ideas outdoor bathrooms	general	Garden/Outdoor	1	185	185	5	2.7	1.53	yardolio.com/outside-toilet-ideas-outdoor-bathrooms/	5
rustic outdoor shower ideas	general	Garden/Outdoor	1	182	182	0	0	0	yardolio.com/rustic-outdoor-shower-ideas/	0
outdoor wall painting ideas backyards	diy-craft	Garden/Outdoor	1	179	179	0	0	0	yardolio.com/outdoor-wall-painting-ideas-backyards/	0
outdoor privacy screen ideas	general	Garden/Outdoor	1	177	177	25	14.12	7.92	yardolio.com/outdoor-privacy-screen-ideas/	25
well cover ideas outdoor	general	Garden/Outdoor	1	168	168	5	2.98	1.66	yardolio.com/well-cover-ideas-outdoor/	5
outdoor wall covering ideas	general	Garden/Outdoor	1	158	158	4	2.53	1.39	yardolio.com/outdoor-wall-covering-ideas/	4
renter friendly backyard ideas	room-ideas	Garden/Outdoor	1	151	151	2	1.32	0.72	yardolio.com/renter-friendly-backyard-ideas/	2
front yard parking ideas	general	Garden/Outdoor	1	148	148	4	2.7	1.46	yardolio.com/front-yard-parking-ideas/	4
electric box cover up ideas outdoor	general	Garden/Outdoor	1	145	145	15	10.34	5.58	yardolio.com/electric-box-cover-up-ideas-outdoor/	15
rock fountain ideas	general	Garden/Outdoor	1	129	129	9	6.98	3.68	yardolio.com/rock-fountain-ideas/	9
dog run ideas backyard	room-ideas	Garden/Outdoor	1	105	105	7	6.67	3.37	yardolio.com/dog-run-ideas-backyard/	7
picket fence ideas front yard	general	Garden/Outdoor	1	104	104	0	0	0	yardolio.com/picket-fence-ideas-front-yard/	0
front yard fence ideas	general	Garden/Outdoor	1	98	98	4	4.08	2.03	yardolio.com/front-yard-fence-ideas/	4
simple backyard fire pit ideas	room-ideas	Garden/Outdoor	1	95	95	4	4.21	2.08	yardolio.com/simple-backyard-fire-pit-ideas/	4
backyard movie night ideas	room-ideas	Garden/Outdoor	1	91	91	0	0	0	yardolio.com/backyard-movie-night-ideas/	0
acnh front yard ideas	general	Garden/Outdoor	1	90	90	0	0	0	yardolio.com/acnh-front-yard-ideas/	0
slope backyard landscaping ideas	room-ideas	Garden/Outdoor	1	84	84	3	3.57	1.72	yardolio.com/slope-backyard-landscaping-ideas/	3
backyard layout ideas rectangle	room-ideas	Garden/Outdoor	1	83	83	0	0	0	yardolio.com/backyard-layout-ideas-rectangle/	0
backyard memorial garden ideas	room-ideas	Garden/Outdoor	1	82	82	2	2.44	1.17	yardolio.com/backyard-memorial-garden-ideas/	2
tree trunk ideas outdoor	general	Garden/Outdoor	1	80	80	4	5	2.38	yardolio.com/tree-trunk-ideas-outdoor/	4
storage sheds ideas backyard	room-ideas	Garden/Outdoor	1	79	79	4	5.06	2.4	yardolio.com/storage-sheds-ideas-backyard/	4
texas front yard landscaping ideas	general	Garden/Outdoor	1	75	75	0	0	0	yardolio.com/texas-front-yard-landscaping-ideas/	0
outdoor bike storage ideas	general	Garden/Outdoor	1	74	74	14	18.92	8.85	yardolio.com/outdoor-bike-storage-ideas/	14
outdoor brick fireplace ideas	general	Garden/Outdoor	1	74	74	3	4.05	1.89	yardolio.com/outdoor-brick-fireplace-ideas/	3
utility box cover ideas outdoor	general	Garden/Outdoor	1	68	68	2	2.94	1.35	yardolio.com/utility-box-cover-ideas-outdoor/	2
outdoor laundry room ideas small spaces	room-ideas	Garden/Outdoor	1	67	67	3	4.48	2.05	yardolio.com/outdoor-laundry-room-ideas-small-spaces/	3
dog kennel ideas outdoor diy cheap	diy-craft	Garden/Outdoor	1	66	66	1	1.52	0.69	yardolio.com/dog-kennel-ideas-outdoor-diy-cheap/	1
outdoor address sign ideas	general	Garden/Outdoor	1	65	65	10	15.38	6.98	yardolio.com/outdoor-address-sign-ideas/	10
backyard no grass ideas	room-ideas	Garden/Outdoor	1	64	64	1	1.56	0.71	yardolio.com/backyard-no-grass-ideas/	1
outdoor dog kennel ideas backyards	general	Garden/Outdoor	1	63	63	3	4.76	2.14	yardolio.com/outdoor-dog-kennel-ideas-backyards/	3
outdoor pergola lighting ideas	general	Garden/Outdoor	1	62	62	0	0	0	yardolio.com/outdoor-pergola-lighting-ideas/	0
rustic fire pit ideas backyard	room-ideas	Garden/Outdoor	1	61	61	3	4.92	2.2	yardolio.com/rustic-fire-pit-ideas-backyard/	3
outdoor privacy ideas inexpensive	general	Garden/Outdoor	1	59	59	6	10.17	4.51	yardolio.com/outdoor-privacy-ideas-inexpensive/	6
small front yard landscaping ideas low maintenance	general	Garden/Outdoor	1	59	59	0	0	0	yardolio.com/small-front-yard-landscaping-ideas-low-maintenance/	0
stair railing ideas outdoor	general	Garden/Outdoor	1	59	59	3	5.08	2.25	yardolio.com/stair-railing-ideas-outdoor/	3
outdoor wall design ideas	tattoo	Garden/Outdoor	1	57	57	0	0	0	yardolio.com/outdoor-wall-design-ideas/	0
front yard privacy ideas	general	Garden/Outdoor	1	54	54	15	27.78	12.05	yardolio.com/front-yard-privacy-ideas/	15
outdoor shower floor ideas	general	Garden/Outdoor	1	54	54	2	3.7	1.61	yardolio.com/outdoor-shower-floor-ideas/	2
backyard shed bar ideas	room-ideas	Garden/Outdoor	1	52	52	2	3.85	1.66	yardolio.com/backyard-shed-bar-ideas/	2
cheap food ideas for wedding	wedding-event	Wedding/Craft	1	197	197	0	0	0	charmvows.com/cheap-food-ideas-for-wedding/	0
ideas for gifts for 50th wedding anniversary	wedding-event	Wedding/Craft	1	67	67	2	2.99	2.32	charmvows.com/ideas-for-gifts-for-50th-wedding-anniversary/	2
ideas for jeopardy categories	general	Wedding/Craft	1	63	63	0	0	0	charmvows.com/ideas-for-jeopardy-categories/	0
ideas for 50th wedding anniversary	wedding-event	Wedding/Craft	1	55	55	1	1.82	1.35	charmvows.com/ideas-for-50th-wedding-anniversary/	1
own price is right games	general	Wedding/Craft	1	52	52	0	0	0	charmvows.com/how-to-make-your-own-price-is-right-games/	0
ideas to write in a wedding card	wedding-event	Wedding/Craft	1	50	50	2	4	2.89	charmvows.com/ideas-to-write-in-a-wedding-card/	2
brunch ideas for wedding shower	wedding-event	Wedding/Craft	1	45	45	0	0	0	charmvows.com/brunch-ideas-for-wedding-shower/	0
ideas for renewing wedding vows	wedding-event	Wedding/Craft	1	45	45	0	0	0	charmvows.com/ideas-for-renewing-wedding-vows/	0
ideas for a 25th wedding anniversary	wedding-event	Wedding/Craft	1	43	43	0	0	0	charmvows.com/ideas-for-a-25th-wedding-anniversary/	0
bridal shower centerpiece ideas	wedding-event	Wedding/Craft	1	40	40	1	2.5	1.71	charmvows.com/bridal-shower-centerpiece-ideas/	1
ideas for old wedding dresses	wedding-event	Wedding/Craft	1	40	40	0	0	0	charmvows.com/ideas-for-old-wedding-dresses/	0
bridal shower prize ideas	wedding-event	Wedding/Craft	1	38	38	0	0	0	charmvows.com/bridal-shower-prize-ideas/	0
wedding ring engraving ideas	wedding-event	Wedding/Craft	1	37	37	0	0	0	charmvows.com/wedding-ring-engraving-ideas/	0
prizes away at a party	wedding-event	Wedding/Craft	1	34	34	0	0	0	charmvows.com/how-to-give-prizes-away-at-a-party/	0
father daughter dance ideas	general	Wedding/Craft	1	33	33	0	0	0	charmvows.com/father-daughter-dance-ideas/	0
plan a micro wedding	wedding-event	Wedding/Craft	1	31	31	0	0	0	charmvows.com/how-to-plan-a-micro-wedding/	0
ideas for wedding dinner	wedding-event	Wedding/Craft	1	31	31	0	0	0	charmvows.com/ideas-for-wedding-dinner/	0
ideas for couples wedding shower	wedding-event	Wedding/Craft	1	30	30	1	3.33	2.1	charmvows.com/ideas-for-couples-wedding-shower/	1
non traditional wedding venue ideas	wedding-event	Wedding/Craft	1	30	30	0	0	0	charmvows.com/non-traditional-wedding-venue-ideas/	0
ideas for mother son dance at wedding	wedding-event	Wedding/Craft	1	29	29	0	0	0	charmvows.com/ideas-for-mother-son-dance-at-wedding/	0
key party and how does it	wedding-event	Wedding/Craft	1	28	28	0	0	0	charmvows.com/what-is-a-key-party-and-how-does-it-work/	0
breakfast ideas for wedding morning	wedding-event	Wedding/Craft	1	27	27	0	0	0	charmvows.com/breakfast-ideas-for-wedding-morning/	0
wedding send off ideas	wedding-event	Wedding/Craft	1	27	27	0	0	0	charmvows.com/wedding-send-off-ideas/	0
ideas for decorating church pews for wedding	diy-craft	Wedding/Craft	1	25	25	1	4	2.39	charmvows.com/ideas-for-decorating-church-pews-for-wedding/	1
ideas for candy bar at wedding	wedding-event	Wedding/Craft	1	24	24	2	8.33	4.93	charmvows.com/ideas-for-candy-bar-at-wedding/	2
ideas for a fun wedding	wedding-event	Wedding/Craft	1	23	23	0	0	0	charmvows.com/ideas-for-a-fun-wedding/	0
dance with mom at wedding	wedding-event	Wedding/Craft	1	22	22	0	0	0	charmvows.com/how-to-dance-with-mom-at-wedding/	0
ideas for parents 50th wedding anniversary	wedding-event	Wedding/Craft	1	22	22	1	4.55	2.62	charmvows.com/ideas-for-parents-50th-wedding-anniversary/	1
father of the bride outfit ideas	outfit-style	Wedding/Craft	1	21	21	3	14.29	8.11	charmvows.com/father-of-the-bride-outfit-ideas/	3
lyrical dance song ideas	general	Wedding/Craft	1	21	21	0	0	0	charmvows.com/lyrical-dance-song-ideas/	0
wedding gift ideas for sister	wedding-event	Wedding/Craft	1	21	21	0	0	0	charmvows.com/wedding-gift-ideas-for-sister/	0
food station ideas for wedding	wedding-event	Wedding/Craft	1	20	20	0	0	0	charmvows.com/food-station-ideas-for-wedding/	0
ideas for a wedding anniversary	wedding-event	Wedding/Craft	1	20	20	0	0	0	charmvows.com/ideas-for-a-wedding-anniversary/	0
ideas for golden wedding anniversary	wedding-event	Wedding/Craft	1	20	20	0	0	0	charmvows.com/ideas-for-golden-wedding-anniversary/	0
decoration ideas for indian wedding	wedding-event	Wedding/Craft	1	19	19	0	0	0	charmvows.com/decoration-ideas-for-indian-wedding/	0
hustle from the 70 s	general	Wedding/Craft	1	19	19	0	0	0	charmvows.com/how-to-do-the-hustle-from-the-70-s/	0
non traditional wedding	wedding-event	Wedding/Craft	1	19	19	0	0	0	charmvows.com/how-to-have-a-non-traditional-wedding/	0
ideas for something borrowed for wedding	wedding-event	Wedding/Craft	1	19	19	0	0	0	charmvows.com/ideas-for-something-borrowed-for-wedding/	0
bridal shower game ideas free printable	wedding-event	Wedding/Craft	1	18	18	0	0	0	charmvows.com/bridal-shower-game-ideas-free-printable/	0
ideas for 10 year wedding anniversary party	wedding-event	Wedding/Craft	1	18	18	0	0	0	charmvows.com/ideas-for-10-year-wedding-anniversary-party/	0
1 year wedding anniversary ideas	wedding-event	Wedding/Craft	1	17	17	0	0	0	charmvows.com/1-year-wedding-anniversary-ideas/	0
ideas for 5 year wedding anniversary	wedding-event	Wedding/Craft	1	17	17	0	0	0	charmvows.com/ideas-for-5-year-wedding-anniversary/	0
ideas for handmade wedding cards	diy-craft	Wedding/Craft	1	17	17	0	0	0	charmvows.com/ideas-for-handmade-wedding-cards/	0
ideas for jack and jill wedding shower	wedding-event	Wedding/Craft	1	17	17	0	0	0	charmvows.com/ideas-for-jack-and-jill-wedding-shower/	0
love song ideas lyrics	general	Wedding/Craft	1	17	17	1	5.88	3.12	charmvows.com/love-song-ideas-lyrics/	1
cowboy cake ideas	food-baking	Wedding/Craft	1	16	16	1	6.25	3.25	charmvows.com/cowboy-cake-ideas/	1
ideas for non traditional wedding	wedding-event	Wedding/Craft	1	15	15	1	6.67	3.4	charmvows.com/ideas-for-non-traditional-wedding/	1
ideas for silver wedding anniversary	wedding-event	Wedding/Craft	1	15	15	0	0	0	charmvows.com/ideas-for-silver-wedding-anniversary/	0
good coffee at home	general	Food/Recipe	1	296	296	0	0	0	roaffee.com/how-to-make-a-good-coffee-at-home/	0
honey spoons for tea	general	Food/Recipe	1	114	114	13	11.4	24.29	roaffee.com/how-to-make-honey-spoons-for-tea/	13
creme brulee coffee creamer recipe	food-baking	Food/Recipe	1	112	112	0	0	0	roaffee.com/creme-brulee-coffee-creamer-recipe/	0
best coffee at home	general	Food/Recipe	1	102	102	0	0	0	roaffee.com/how-to-make-the-best-coffee-at-home/	0
iced tea with tea bags	general	Food/Recipe	1	101	101	0	0	0	roaffee.com/how-to-make-iced-tea-with-tea-bags/	0
bubble tea	general	Food/Recipe	1	98	98	0	0	0	roaffee.com/how-to-make-bubble-tea/	0
fibroid tea recipe	food-baking	Food/Recipe	1	83	83	7	8.43	16.77	roaffee.com/fibroid-tea-recipe/	7
iced tea recipe	food-baking	Food/Recipe	1	72	72	0	0	0	roaffee.com/iced-tea-recipe/	0
brew tea	general	Food/Recipe	1	66	66	0	0	0	roaffee.com/how-to-brew-tea/	0
clove tea	general	Food/Recipe	1	59	59	0	0	0	roaffee.com/how-to-make-clove-tea/	0
plant based dessert recipes	food-baking	Food/Recipe	2	81	41	0	0	0	roaffee.com/plant-based-dessert-recipes/	0
tiramisu recipe without coffee	food-baking	Food/Recipe	1	57	57	0	0	0	roaffee.com/tiramisu-recipe-without-coffee/	0
bulk cold brew coffee recipe	food-baking	Food/Recipe	1	55	55	0	0	0	roaffee.com/bulk-cold-brew-coffee-recipe/	0
cake box cake recipes	food-baking	Food/Recipe	1	47	47	0	0	0	roaffee.com/cake-box-cake-recipes/	0
instant coffee	general	Food/Recipe	1	47	47	0	0	0	roaffee.com/how-to-make-instant-coffee/	0
own tea blends	general	Food/Recipe	1	42	42	1	2.38	4.02	roaffee.com/how-to-make-your-own-tea-blends/	1
chai tea mix recipe	food-baking	Food/Recipe	1	38	38	2	5.26	8.65	roaffee.com/chai-tea-mix-recipe/	2
bundt cake recipes	food-baking	Food/Recipe	1	37	37	1	2.7	4.41	roaffee.com/bundt-cake-recipes/	1
coffee cake from cake mix recipe	food-baking	Food/Recipe	1	37	37	0	0	0	roaffee.com/coffee-cake-from-cake-mix-recipe/	0
dry coffee grounds	general	Food/Recipe	1	35	35	0	0	0	roaffee.com/how-to-dry-coffee-grounds/	0
singers tea recipe	food-baking	Food/Recipe	1	35	35	2	5.71	9.19	roaffee.com/singers-tea-recipe/	2
iced black tea recipe	food-baking	Food/Recipe	1	34	34	0	0	0	roaffee.com/iced-black-tea-recipe/	0
softasilk cake flour recipes	food-baking	Food/Recipe	1	34	34	1	2.94	4.69	roaffee.com/softasilk-cake-flour-recipes/	1
tea syrup recipe	food-baking	Food/Recipe	1	33	33	0	0	0	roaffee.com/tea-syrup-recipe/	0
tea party sandwiches	wedding-event	Food/Recipe	1	32	32	0	0	0	roaffee.com/how-to-make-tea-party-sandwiches/	0
use a coffee press	general	Food/Recipe	1	32	32	0	0	0	roaffee.com/how-to-use-a-coffee-press/	0
coffee grunge recipe	food-baking	Food/Recipe	1	29	29	0	0	0	roaffee.com/coffee-grunge-recipe/	0
essiac tea recipe	food-baking	Food/Recipe	1	29	29	2	6.9	10.54	roaffee.com/essiac-tea-recipe/	2
homemade coffee	diy-craft	Food/Recipe	1	29	29	0	0	0	roaffee.com/how-to-make-homemade-coffee/	0
chocolate covered coffee beans recipe	food-baking	Food/Recipe	1	27	27	0	0	0	roaffee.com/chocolate-covered-coffee-beans-recipe/	0
banana milk coffee recipe	food-baking	Food/Recipe	1	24	24	0	0	0	roaffee.com/banana-milk-coffee-recipe/	0
coffee frozen yogurt recipe	food-baking	Food/Recipe	1	24	24	0	0	0	roaffee.com/coffee-frozen-yogurt-recipe/	0
cortado coffee recipe	food-baking	Food/Recipe	1	24	24	0	0	0	roaffee.com/cortado-coffee-recipe/	0
dog cookie recipes easy	food-baking	Food/Recipe	1	24	24	0	0	0	roaffee.com/dog-cookie-recipes-easy/	0
caramel sauce for coffee	food-recipe	Food/Recipe	1	24	24	0	0	0	roaffee.com/how-to-make-caramel-sauce-for-coffee/	0
twisted tea recipe	food-baking	Food/Recipe	1	24	24	0	0	0	roaffee.com/twisted-tea-recipe/	0
cookie mix recipes betty crocker	food-baking	Food/Recipe	1	23	23	0	0	0	roaffee.com/cookie-mix-recipes-betty-crocker/	0
coffee paper	general	Food/Recipe	1	23	23	0	0	0	roaffee.com/how-to-make-coffee-paper/	0
serve tea to guests	general	Food/Recipe	1	22	22	0	0	0	roaffee.com/how-to-serve-tea-to-guests/	0
bulk cookie recipes	food-baking	Food/Recipe	1	21	21	0	0	0	roaffee.com/bulk-cookie-recipes/	0
coffee without a coffee pot	product-specific	Food/Recipe	1	21	21	0	0	0	roaffee.com/how-to-make-coffee-without-a-coffee-pot/	0
postpartum tea recipe	food-baking	Food/Recipe	1	21	21	2	9.52	13.22	roaffee.com/postpartum-tea-recipe/	2
coffee jelly recipe filipino	food-baking	Food/Recipe	1	20	20	0	0	0	roaffee.com/coffee-jelly-recipe-filipino/	0
lung tea recipe	food-baking	Food/Recipe	1	20	20	3	15	20.51	roaffee.com/lung-tea-recipe/	3
nettle tea recipe	food-baking	Food/Recipe	1	20	20	0	0	0	roaffee.com/nettle-tea-recipe/	0
booze balls cocktail recipes	food-baking	Food/Recipe	1	19	19	0	0	0	roaffee.com/booze-balls-cocktail-recipes/	0
clean cake recipes	food-baking	Food/Recipe	1	19	19	0	0	0	roaffee.com/clean-cake-recipes/	0
pineapple tea recipe	food-baking	Food/Recipe	1	19	19	0	0	0	roaffee.com/pineapple-tea-recipe/	0
roast beef tea sandwiches recipe	food-baking	Food/Recipe	1	19	19	0	0	0	roaffee.com/roast-beef-tea-sandwiches-recipe/	0
pokemon bedroom ideas	room-ideas	Home Decor	1	32	32	1	3.13	1.36	homedoro.com/pokemon-bedroom-ideas/	1
whole food vegan recipes	food-baking	Food/Recipe	1	19	19	0	0	0	casserolefeast.com/whole-food-vegan-recipes/	0
vegan alkaline recipes	food-baking	Food/Recipe	1	16	16	0	0	0	casserolefeast.com/vegan-alkaline-recipes/	0
lentil dinner recipes	food-baking	Food/Recipe	1	15	15	0	0	0	casserolefeast.com/lentil-dinner-recipes/	0
boneless skinless chicken thigh casserole recipes	food-baking	Food/Recipe	1	12	12	0	0	0	casserolefeast.com/boneless-skinless-chicken-thigh-casserole-recipes/	0
campbells cream of mushroom soup recipes chicken noodle casserole	food-baking	Food/Recipe	1	12	12	0	0	0	casserolefeast.com/campbells-cream-of-mushroom-soup-recipes-chicken-noodle-casserole/	0
pretzel dessert recipes	food-baking	Food/Recipe	1	11	11	0	0	0	casserolefeast.com/pretzel-dessert-recipes/	0
paver patio ideas on a budget	room-ideas	Garden/Outdoor	1	198	198	6	3.03	1.74	patizvo.com/paver-patio-ideas-on-a-budget/	6
deck and patio combo	room-ideas	Garden/Outdoor	1	144	144	0	0	0	patizvo.com/deck-and-patio-combo/	0
patio ceiling ideas	room-ideas	Garden/Outdoor	2	139	70	6	4.32	1.99	patizvo.com/patio-ceiling-ideas/	6
backyard fence decor ideas	room-ideas	Garden/Outdoor	1	85	85	3	3.53	1.7	patizvo.com/backyard-fence-decor-ideas/	3
screened in patio	room-ideas	Garden/Outdoor	1	78	78	1	1.28	0.61	patizvo.com/screened-in-patio/	1
mexican patio ideas	room-ideas	Garden/Outdoor	1	75	75	6	8	3.75	patizvo.com/mexican-patio-ideas/	6
brick patio ideas	room-ideas	Garden/Outdoor	1	71	71	2	2.82	1.31	patizvo.com/brick-patio-ideas/	2
beige bathroom ideas	room-ideas	Garden/Outdoor	1	67	67	2	2.99	1.37	patizvo.com/beige-bathroom-ideas/	2
decorar patio pequeno	room-ideas	Garden/Outdoor	1	64	64	4	6.25	2.83	patizvo.com/decorar-patio-pequeno/	4
french patio	room-ideas	Garden/Outdoor	1	59	59	10	16.95	7.52	patizvo.com/french-patio/	10
small yard patio ideas	room-ideas	Garden/Outdoor	1	51	51	17	33.33	14.26	patizvo.com/small-yard-patio-ideas/	17
patio seating area	room-ideas	Garden/Outdoor	1	44	44	2	4.55	1.88	patizvo.com/patio-seating-area/	2
backyard composite deck ideas	room-ideas	Garden/Outdoor	1	36	36	1	2.78	1.09	patizvo.com/backyard-composite-deck-ideas/	1
patio shade ideas	room-ideas	Garden/Outdoor	1	36	36	5	13.89	5.43	patizvo.com/patio-shade-ideas/	5
backyard sunroom ideas	room-ideas	Garden/Outdoor	1	35	35	0	0	0	patizvo.com/backyard-sunroom-ideas/	0
sunroom addition enclosed patio	room-ideas	Garden/Outdoor	1	35	35	0	0	0	patizvo.com/sunroom-addition-enclosed-patio/	0
patio floor ideas	room-ideas	Garden/Outdoor	1	33	33	0	0	0	patizvo.com/patio-floor-ideas/	0
under deck patio ideas	room-ideas	Garden/Outdoor	1	32	32	3	9.38	3.55	patizvo.com/under-deck-patio-ideas/	3
front patio ideas	room-ideas	Garden/Outdoor	1	24	24	0	0	0	patizvo.com/front-patio-ideas/	0
patio bar ideas	room-ideas	Garden/Outdoor	1	23	23	1	4.35	1.5	patizvo.com/patio-bar-ideas/	1
painted patio	room-ideas	Garden/Outdoor	1	22	22	0	0	0	patizvo.com/painted-patio/	0
wainscoting ideas bathroom	room-ideas	Garden/Outdoor	1	21	21	2	9.52	3.19	patizvo.com/wainscoting-ideas-bathroom/	2
cozy patio ideas	room-ideas	Garden/Outdoor	1	19	19	0	0	0	patizvo.com/cozy-patio-ideas/	0
paver patio designs	room-ideas	Garden/Outdoor	1	18	18	0	0	0	patizvo.com/paver-patio-designs/	0
concrete patio ideas	room-ideas	Garden/Outdoor	1	16	16	1	6.25	1.92	patizvo.com/concrete-patio-ideas/	1
outdoor patio kitchen	room-ideas	Garden/Outdoor	1	16	16	0	0	0	patizvo.com/outdoor-patio-kitchen/	0
round patio	room-ideas	Garden/Outdoor	1	16	16	0	0	0	patizvo.com/round-patio/	0
decorate patio with plants	room-ideas	Garden/Outdoor	1	15	15	0	0	0	patizvo.com/how-to-decorate-patio-with-plants/	0
flagstone patio	room-ideas	Garden/Outdoor	1	12	12	0	0	0	patizvo.com/flagstone-patio/	0
patio with fireplace	room-ideas	Garden/Outdoor	1	11	11	0	0	0	patizvo.com/patio-with-fireplace/	0
covered patio ideas	room-ideas	Garden/Outdoor	1	10	10	2	20	5.19	patizvo.com/covered-patio-ideas/	2
modern patio ideas	room-ideas	Garden/Outdoor	1	9	9	1	11.11	2.77	patizvo.com/modern-patio-ideas/	1
backyard gazebo decorating ideas	room-ideas	Garden/Outdoor	1	5	5	2	40	7.76	patizvo.com/backyard-gazebo-decorating-ideas/	2
front patio decorating ideas	room-ideas	Garden/Outdoor	1	5	5	2	40	7.76	patizvo.com/front-patio-decorating-ideas/	2
diy backyard oasis ideas	room-ideas	Home Decor	1	297	297	23	7.74	5.47	firesidea.com/diy-backyard-oasis-ideas/	23
small living room ideas with fireplace	room-ideas	Home Decor	1	261	261	4	1.53	1.06	firesidea.com/small-living-room-ideas-with-fireplace/	4
fireplace vaulted ceiling	general	Home Decor	1	173	173	2	1.16	0.74	firesidea.com/fireplace-vaulted-ceiling/	2
black fireplace wall	general	Home Decor	1	171	171	1	0.58	0.37	firesidea.com/black-fireplace-wall/	1
fireplace with tv	general	Home Decor	1	141	141	0	0	0	firesidea.com/fireplace-with-tv-above/	0
built in fireplace and tv	general	Home Decor	1	111	111	0	0	0	firesidea.com/built-in-fireplace-and-tv/	0
backyard inflatable hot tub ideas	room-ideas	Home Decor	1	99	99	3	3.03	1.73	firesidea.com/backyard-inflatable-hot-tub-ideas/	3
kitchen fireplace	room-ideas	Home Decor	1	94	94	0	0	0	firesidea.com/kitchen-fireplace/	0
fake fireplace	general	Home Decor	1	88	88	17	19.32	10.76	firesidea.com/fake-fireplace/	17
bedroom wardrobe ideas	room-ideas	Home Decor	1	84	84	1	1.19	0.66	firesidea.com/bedroom-wardrobe-ideas/	1
inside fireplace decor	wedding-event	Home Decor	1	83	83	4	4.82	2.65	firesidea.com/inside-fireplace-decor/	4
painted fireplace	general	Home Decor	1	77	77	1	1.3	0.7	firesidea.com/painted-fireplace/	1
fireplace hearth decor	wedding-event	Home Decor	1	74	74	7	9.46	5.07	firesidea.com/fireplace-hearth-decor/	7
cottage fireplace	general	Home Decor	1	62	62	1	1.61	0.83	firesidea.com/cottage-fireplace/	1
outdoor fireplace ideas	general	Home Decor	1	61	61	1	1.64	0.84	firesidea.com/outdoor-fireplace-ideas/	1
electric fireplace in bedroom	room-ideas	Home Decor	1	59	59	2	3.39	1.72	firesidea.com/electric-fireplace-in-bedroom/	2
craftsman fireplace	general	Home Decor	1	57	57	4	7.02	3.54	firesidea.com/craftsman-fireplace/	4
corner fireplace ideas	general	Home Decor	1	55	55	0	0	0	firesidea.com/corner-fireplace-ideas/	0
fireplace decor	wedding-event	Home Decor	1	51	51	1	1.96	0.96	firesidea.com/above-fireplace-decor/	1
fireplace art	general	Home Decor	1	50	50	11	22	10.73	firesidea.com/fireplace-art/	11
bedroom fireplace	room-ideas	Home Decor	1	48	48	0	0	0	firesidea.com/bedroom-fireplace/	0
media wall with fireplace	general	Home Decor	1	48	48	0	0	0	firesidea.com/media-wall-with-fireplace/	0
tall fireplace	general	Home Decor	1	48	48	0	0	0	firesidea.com/tall-fireplace/	0
kitchen ideas l shaped	room-ideas	Home Decor	1	47	47	0	0	0	firesidea.com/kitchen-ideas-l-shaped/	0
rustic fireplace	general	Home Decor	1	46	46	1	2.17	1.04	firesidea.com/rustic-fireplace/	1
decorate an unused fireplace	diy-craft	Home Decor	1	44	44	0	0	0	firesidea.com/how-to-decorate-an-unused-fireplace/	0
laundry in kitchen ideas	room-ideas	Home Decor	1	44	44	8	18.18	8.58	firesidea.com/laundry-in-kitchen-ideas/	8
brick fireplace	general	Home Decor	1	43	43	1	2.33	1.09	firesidea.com/brick-fireplace/	1
electric fireplace ideas	general	Home Decor	1	40	40	5	12.5	5.76	firesidea.com/electric-fireplace-ideas/	5
fireplace wall ideas	general	Home Decor	1	34	34	0	0	0	firesidea.com/fireplace-wall-ideas/	0
fireplace tile ideas	general	Home Decor	1	31	31	2	6.45	2.77	firesidea.com/fireplace-tile-ideas/	2
built in hot tub ideas backyard	room-ideas	Home Decor	1	29	29	0	0	0	firesidea.com/built-in-hot-tub-ideas-backyard/	0
minecraft fireplace design	tattoo	Home Decor	1	29	29	0	0	0	firesidea.com/minecraft-fireplace-design/	0
two story fireplace	general	Home Decor	1	29	29	0	0	0	firesidea.com/two-story-fireplace/	0
living room without fireplace	room-ideas	Home Decor	1	28	28	0	0	0	firesidea.com/living-room-without-fireplace/	0
fireplace accent wall	general	Home Decor	1	27	27	0	0	0	firesidea.com/fireplace-accent-wall/	0
tv in bedroom ideas	room-ideas	Home Decor	1	26	26	1	3.85	1.57	firesidea.com/tv-in-bedroom-ideas/	1
fireplace ideas	general	Home Decor	1	25	25	0	0	0	firesidea.com/fireplace-ideas/	0
mantel decor	wedding-event	Home Decor	1	23	23	0	0	0	firesidea.com/mantel-decor/	0
mantel decorating ideas christmas	diy-craft	Home Decor	2	44	22	0	0	0	firesidea.com/mantel-decorating-ideas-christmas/	0
decorate a mantel with a tv	diy-craft	Home Decor	1	22	22	0	0	0	firesidea.com/how-to-decorate-a-mantel-with-a-tv/	0
small studio kitchen ideas	room-ideas	Home Decor	1	19	19	0	0	0	firesidea.com/small-studio-kitchen-ideas/	0
fireplace mirror ideas	product-specific	Home Decor	1	17	17	3	17.65	6.33	firesidea.com/fireplace-mirror-ideas/	3
clean eating dessert recipes	food-baking	Food/Recipe	1	464	464	2	0.43	1.19	beanwhisper.com/clean-eating-dessert-recipes/	2
plantain recipes healthy	food-baking	Food/Recipe	1	159	159	0	0	0	beanwhisper.com/plantain-recipes-healthy/	0
dinner for 8 people recipes	food-baking	Food/Recipe	1	119	119	0	0	0	beanwhisper.com/dinner-for-8-people-recipes/	0
greek recipes dessert	food-baking	Food/Recipe	1	113	113	1	0.88	1.87	beanwhisper.com/greek-recipes-dessert/	1
passover dessert recipes	food-baking	Food/Recipe	1	120	120	0	0	0	beanwhisper.com/passover-dessert-recipes/	0
wonton wrapper recipes dessert	food-baking	Food/Recipe	1	96	96	0	0	0	beanwhisper.com/wonton-wrapper-recipes-dessert/	0
recipes using sweetened condensed milk homemade coffee creamer	food-baking	Food/Recipe	1	90	90	1	1.11	2.25	beanwhisper.com/recipes-using-sweetened-condensed-milk-homemade-coffee-creamer/	1
healthy baked oatmeal recipes	food-baking	Food/Recipe	1	84	84	0	0	0	beanwhisper.com/healthy-baked-oatmeal-recipes/	0
healthy sliders recipes	food-baking	Food/Recipe	1	79	79	1	1.27	2.5	beanwhisper.com/healthy-sliders-recipes/	1
healthy homemade coffee creamer recipes	food-baking	Food/Recipe	1	78	78	0	0	0	beanwhisper.com/healthy-homemade-coffee-creamer-recipes/	0
nescafe gold instant coffee recipes	food-baking	Food/Recipe	1	76	76	0	0	0	beanwhisper.com/nescafe-gold-instant-coffee-recipes/	0
flavored powdered coffee creamer recipes	food-baking	Food/Recipe	1	67	67	0	0	0	beanwhisper.com/flavored-powdered-coffee-creamer-recipes/	0
iron rich dinner recipes	product-specific	Food/Recipe	1	64	64	1	1.56	2.92	beanwhisper.com/iron-rich-dinner-recipes/	1
ina garten coffee cake recipes	food-baking	Food/Recipe	1	53	53	0	0	0	beanwhisper.com/ina-garten-coffee-cake-recipes/	0
torani syrup recipes drinks iced coffee	food-baking	Food/Recipe	1	47	47	0	0	0	beanwhisper.com/torani-syrup-recipes-drinks-iced-coffee/	0
caramel syrup for coffee recipes	food-baking	Food/Recipe	1	46	46	0	0	0	beanwhisper.com/caramel-syrup-for-coffee-recipes/	0
vegan panini recipes	food-baking	Food/Recipe	1	44	44	0	0	0	beanwhisper.com/vegan-panini-recipes/	0
brie recipes dinner	food-baking	Food/Recipe	1	41	41	0	0	0	beanwhisper.com/brie-recipes-dinner/	0
almond milk coffee creamer recipes	food-baking	Food/Recipe	1	29	29	0	0	0	beanwhisper.com/almond-milk-coffee-creamer-recipes/	0
healthy banana dessert recipes	food-baking	Food/Recipe	1	25	25	1	4	5.85	beanwhisper.com/healthy-banana-dessert-recipes/	1
non dairy coffee creamer recipes	food-baking	Food/Recipe	1	24	24	0	0	0	beanwhisper.com/non-dairy-coffee-creamer-recipes/	0
half and half coffee recipes	food-baking	Food/Recipe	1	23	23	0	0	0	beanwhisper.com/half-and-half-coffee-recipes/	0
torani salted caramel syrup recipes coffee	food-baking	Food/Recipe	1	23	23	1	4.35	6.21	beanwhisper.com/torani-salted-caramel-syrup-recipes-coffee/	1
bisquick coffee cake recipes easy	food-baking	Food/Recipe	1	22	22	0	0	0	beanwhisper.com/bisquick-coffee-cake-recipes-easy/	0
keto yeast bread recipes	food-baking	Food/Recipe	1	20	20	0	0	0	beanwhisper.com/keto-yeast-bread-recipes/	0
coffee smoothie recipes no banana	food-baking	Food/Recipe	1	19	19	0	0	0	beanwhisper.com/coffee-smoothie-recipes-no-banana/	0
pot roast crock pot recipes with coffee	product-specific	Food/Recipe	1	18	18	0	0	0	beanwhisper.com/pot-roast-crock-pot-recipes-with-coffee/	0
bundt coffee cake recipes from mix boxes	food-baking	Food/Recipe	1	15	15	0	0	0	beanwhisper.com/bundt-coffee-cake-recipes-from-mix-boxes/	0
nescafe instant iced coffee recipes	food-baking	Food/Recipe	1	15	15	0	0	0	beanwhisper.com/nescafe-instant-iced-coffee-recipes/	0
ninja dual brew coffee recipes	food-baking	Food/Recipe	1	15	15	0	0	0	beanwhisper.com/ninja-dual-brew-coffee-recipes/	0
dessert recipes	food-baking	Food/Recipe	1	13	13	0	0	0	beanwhisper.com/dessert-recipes/	0
recipes using pumpkin spice coffee creamer	food-baking	Food/Recipe	1	13	13	0	0	0	beanwhisper.com/recipes-using-pumpkin-spice-coffee-creamer/	0
healthy indian breakfast recipes	food-baking	Food/Recipe	1	7	7	1	14.29	13.34	beanwhisper.com/healthy-indian-breakfast-recipes/	1
unique ice cream recipes	food-baking	Food/Recipe	1	760	760	4	0.53	1.58	toppuns.com/unique-ice-cream-recipes/	4
pie dinner recipes	food-baking	Food/Recipe	1	367	367	0	0	0	toppuns.com/pie-dinner-recipes/	0
healthy juice shots recipes	food-baking	Food/Recipe	1	301	301	4	1.33	3.41	toppuns.com/healthy-juice-shots-recipes/	4
low histamine dessert recipes	food-baking	Food/Recipe	1	209	209	12	5.74	13.78	toppuns.com/low-histamine-dessert-recipes/	12
dip recipes healthy	food-baking	Food/Recipe	1	176	176	1	0.57	1.32	toppuns.com/dip-recipes-healthy/	1
vanilla ice cream protein shake recipes	food-baking	Food/Recipe	1	136	136	0	0	0	toppuns.com/vanilla-ice-cream-protein-shake-recipes/	0
boozy ice cream recipes	food-baking	Food/Recipe	1	123	123	1	0.81	1.75	toppuns.com/boozy-ice-cream-recipes/	1
sundae recipes ice cream	food-baking	Food/Recipe	1	115	115	1	0.87	1.86	toppuns.com/sundae-recipes-ice-cream/	1
vegan high tea recipes	food-baking	Food/Recipe	1	100	100	3	3	6.22	toppuns.com/vegan-high-tea-recipes/	3
oat flour dessert recipes	food-baking	Food/Recipe	1	74	74	1	1.35	2.62	toppuns.com/oat-flour-dessert-recipes/	1
ninja creami ice cream recipes sugar free	food-baking	Food/Recipe	1	66	66	1	1.52	2.87	toppuns.com/ninja-creami-ice-cream-recipes-sugar-free/	1
nostalgia ice cream maker recipes	food-baking	Food/Recipe	1	65	65	0	0	0	toppuns.com/nostalgia-ice-cream-maker-recipes/	0
ninja blender recipes ice cream	product-specific	Food/Recipe	1	63	63	0	0	0	toppuns.com/ninja-blender-recipes-ice-cream/	0
whole 30 ice cream recipes	food-baking	Food/Recipe	1	58	58	1	1.72	3.15	toppuns.com/whole-30-ice-cream-recipes/	1
soft dinner recipes	food-baking	Food/Recipe	1	57	57	0	0	0	toppuns.com/soft-dinner-recipes/	0
healthy ice cream recipes clean eating	food-baking	Food/Recipe	1	54	54	0	0	0	toppuns.com/healthy-ice-cream-recipes-clean-eating/	0
watermelon juicing recipes healthy	food-baking	Food/Recipe	1	52	52	1	1.92	3.42	toppuns.com/watermelon-juicing-recipes-healthy/	1
buckwheat vegan recipes	food-baking	Food/Recipe	1	51	51	0	0	0	toppuns.com/buckwheat-vegan-recipes/	0
ice cream sundae ideas recipes	food-baking	Food/Recipe	1	60	60	0	0	0	toppuns.com/ice-cream-sundae-ideas-recipes/	0
ninja creami ice cream recipes with heavy cream	food-baking	Food/Recipe	1	49	49	0	0	0	toppuns.com/ninja-creami-ice-cream-recipes-with-heavy-cream/	0
recipes with vanilla ice cream	food-baking	Food/Recipe	1	49	49	0	0	0	toppuns.com/recipes-with-vanilla-ice-cream/	0
dash ice cream maker recipes pdf	food-baking	Food/Recipe	1	44	44	0	0	0	toppuns.com/dash-ice-cream-maker-recipes-pdf/	0
keto ice cream recipes	food-baking	Food/Recipe	1	44	44	1	2.27	3.88	toppuns.com/keto-ice-cream-recipes/	1
ice cream sauce recipes	food-baking	Food/Recipe	1	43	43	0	0	0	toppuns.com/ice-cream-sauce-recipes/	0
celiac recipes dinner	food-baking	Food/Recipe	1	38	38	1	2.63	4.33	toppuns.com/celiac-recipes-dinner/	1
strawberry ice cream punch recipes	food-baking	Food/Recipe	1	38	38	0	0	0	toppuns.com/strawberry-ice-cream-punch-recipes/	0
healthy fruit ice cream recipes	food-baking	Food/Recipe	1	33	33	0	0	0	toppuns.com/healthy-fruit-ice-cream-recipes/	0
ice cream pies recipes	food-baking	Food/Recipe	1	32	32	0	0	0	toppuns.com/ice-cream-pies-recipes/	0
protein ice cream recipes	food-baking	Food/Recipe	1	30	30	0	0	0	toppuns.com/protein-ice-cream-recipes/	0
4 ingredient ice cream recipes	food-baking	Food/Recipe	1	28	28	0	0	0	toppuns.com/4-ingredient-ice-cream-recipes/	0
ice cream smoothie recipes	food-baking	Food/Recipe	1	28	28	0	0	0	toppuns.com/ice-cream-smoothie-recipes/	0
vegan ayurvedic recipes	food-baking	Food/Recipe	1	20	20	0	0	0	toppuns.com/vegan-ayurvedic-recipes/	0
dash my pint ice cream maker recipes	food-baking	Food/Recipe	1	19	19	0	0	0	toppuns.com/dash-my-pint-ice-cream-maker-recipes/	0
countertop ice cream maker recipes	food-baking	Food/Recipe	1	18	18	0	0	0	toppuns.com/countertop-ice-cream-maker-recipes/	0
americana ice cream maker recipes	food-baking	Food/Recipe	1	17	17	1	5.88	7.63	toppuns.com/americana-ice-cream-maker-recipes/	1
keto ham steak recipes	food-baking	Food/Recipe	1	17	17	0	0	0	toppuns.com/keto-ham-steak-recipes/	0
raw vegan smoothie recipes	food-baking	Food/Recipe	1	17	17	0	0	0	toppuns.com/raw-vegan-smoothie-recipes/	0
recipes using ice cream sandwiches	food-baking	Food/Recipe	1	17	17	0	0	0	toppuns.com/recipes-using-ice-cream-sandwiches/	0
ninja creami ice cream recipes low sugar	food-baking	Food/Recipe	1	16	16	0	0	0	toppuns.com/ninja-creami-ice-cream-recipes-low-sugar/	0
moroccan dessert recipes	food-baking	Food/Recipe	1	15	15	0	0	0	toppuns.com/moroccan-dessert-recipes/	0
ninja ice cream maker recipes	food-baking	Food/Recipe	1	13	13	0	0	0	toppuns.com/ninja-ice-cream-maker-recipes/	0
pint ice cream maker recipes	food-baking	Food/Recipe	1	13	13	1	7.69	9.11	toppuns.com/pint-ice-cream-maker-recipes/	1
ground pork and beef recipes for dinner	food-baking	Food/Recipe	1	95	95	0	0	0	dinnerlylife.com/ground-pork-and-beef-recipes-for-dinner/	0
vegan cupcake recipes	food-baking	Food/Recipe	1	87	87	0	0	0	dinnerlylife.com/vegan-cupcake-recipes/	0
keto muffins recipes	food-baking	Food/Recipe	1	58	58	1	1.72	3.15	dinnerlylife.com/keto-muffins-recipes/	1
quick healthy dessert recipes	food-baking	Food/Recipe	1	43	43	0	0	0	dinnerlylife.com/quick-healthy-dessert-recipes/	0
ideal protein recipes phase 1 dinner	food-baking	Food/Recipe	1	39	39	0	0	0	dinnerlylife.com/ideal-protein-recipes-phase-1-dinner/	0
healthy dinner recipes for two easy	food-baking	Food/Recipe	1	33	33	0	0	0	dinnerlylife.com/healthy-dinner-recipes-for-two-easy/	0
hawaiian vegetarian recipes	food-baking	Food/Recipe	1	26	26	0	0	0	dinnerlylife.com/hawaiian-vegetarian-recipes/	0
healthy dinner recipes for picky eaters	food-baking	Food/Recipe	1	23	23	0	0	0	dinnerlylife.com/healthy-dinner-recipes-for-picky-eaters/	0
sri lankan vegetarian recipes	food-baking	Food/Recipe	1	23	23	0	0	0	dinnerlylife.com/sri-lankan-vegetarian-recipes/	0
easy casserole recipes for dinner 4 ingredients	food-baking	Food/Recipe	1	19	19	0	0	0	dinnerlylife.com/easy-casserole-recipes-for-dinner-4-ingredients/	0
italian sausage links recipes for dinner	food-baking	Food/Recipe	1	16	16	0	0	0	dinnerlylife.com/italian-sausage-links-recipes-for-dinner/	0
keto ham casserole recipes	food-baking	Food/Recipe	1	13	13	0	0	0	dinnerlylife.com/keto-ham-casserole-recipes/	0
liver recipes healthy	food-baking	Food/Recipe	1	13	13	1	7.69	9.11	dinnerlylife.com/liver-recipes-healthy/	1
sourdough sandwich recipes vegetarian	food-baking	Food/Recipe	1	13	13	0	0	0	dinnerlylife.com/sourdough-sandwich-recipes-vegetarian/	0
ground beef rice recipes for dinner	food-baking	Food/Recipe	1	12	12	0	0	0	dinnerlylife.com/ground-beef-rice-recipes-for-dinner/	0
vegan polish recipes	food-baking	Food/Recipe	1	12	12	1	8.33	9.6	dinnerlylife.com/vegan-polish-recipes/	1
keto drink recipes	food-baking	Food/Recipe	1	11	11	0	0	0	dinnerlylife.com/keto-drink-recipes/	0
vegan egg rolls recipes	food-baking	Food/Recipe	1	11	11	0	0	0	dinnerlylife.com/vegan-egg-rolls-recipes/	0
vegan plum recipes	food-baking	Food/Recipe	1	11	11	0	0	0	dinnerlylife.com/vegan-plum-recipes/	0
vegan richa recipes	food-baking	Food/Recipe	1	10	10	1	10	10.77	dinnerlylife.com/vegan-richa-recipes/	1
keto flaxseed recipes	food-baking	Food/Recipe	1	9	9	1	11.11	11.49	dinnerlylife.com/keto-flaxseed-recipes/	1
canned pear dessert recipes	food-baking	Food/Recipe	1	94	94	0	0	0	chocojoyful.com/canned-pear-dessert-recipes/	0
box cake mix recipes chocolate instant pudding	food-baking	Food/Recipe	1	91	91	1	1.1	2.23	chocojoyful.com/box-cake-mix-recipes-chocolate-instant-pudding/	1
chocolate protein shake recipes no banana	food-baking	Food/Recipe	1	78	78	0	0	0	chocojoyful.com/chocolate-protein-shake-recipes-no-banana/	0
ricotta keto recipes	food-baking	Food/Recipe	1	75	75	3	4	7.78	chocojoyful.com/ricotta-keto-recipes/	3
filipino dinner recipes	food-baking	Food/Recipe	1	69	69	0	0	0	chocojoyful.com/filipino-dinner-recipes/	0
vegan rice cooker recipes	food-baking	Food/Recipe	1	51	51	1	1.96	3.48	chocojoyful.com/vegan-rice-cooker-recipes/	1
healthy panini recipes	food-baking	Food/Recipe	1	44	44	0	0	0	chocojoyful.com/healthy-panini-recipes/	0
healthy smoker recipes	food-baking	Food/Recipe	1	44	44	1	2.27	3.88	chocojoyful.com/healthy-smoker-recipes/	1
spanish dinner recipes	food-baking	Food/Recipe	1	44	44	0	0	0	chocojoyful.com/spanish-dinner-recipes/	0
hot chocolate recipes with cocoa powder	food-baking	Food/Recipe	1	43	43	0	0	0	chocojoyful.com/hot-chocolate-recipes-with-cocoa-powder/	0
doctored up chocolate cake mix recipes	food-baking	Food/Recipe	1	38	38	0	0	0	chocojoyful.com/doctored-up-chocolate-cake-mix-recipes/	0
chocolate chip cookies no eggs recipes	food-baking	Food/Recipe	1	33	33	0	0	0	chocojoyful.com/chocolate-chip-cookies-no-eggs-recipes/	0
recipes using german chocolate cake mix boxes	food-baking	Food/Recipe	1	29	29	1	3.45	5.27	chocojoyful.com/recipes-using-german-chocolate-cake-mix-boxes/	1
chocolate muffins from cake mix recipes	food-baking	Food/Recipe	1	27	27	0	0	0	chocojoyful.com/chocolate-muffins-from-cake-mix-recipes/	0
hot chocolate recipes for a crowd	food-baking	Food/Recipe	1	27	27	0	0	0	chocojoyful.com/hot-chocolate-recipes-for-a-crowd/	0
keto boneless chicken thigh recipes	food-baking	Food/Recipe	1	27	27	0	0	0	chocojoyful.com/keto-boneless-chicken-thigh-recipes/	0
chocolate box cake mix recipes fudge brownies	food-baking	Food/Recipe	1	26	26	0	0	0	chocojoyful.com/chocolate-box-cake-mix-recipes-fudge-brownies/	0
ninja creami ice cream recipes fairlife chocolate milk	food-baking	Food/Recipe	1	26	26	0	0	0	chocojoyful.com/ninja-creami-ice-cream-recipes-fairlife-chocolate-milk/	0
betty crocker chocolate chip cookies bag recipes	outfit-style	Food/Recipe	1	18	18	0	0	0	chocojoyful.com/betty-crocker-chocolate-chip-cookies-bag-recipes/	0
healthy haddock recipes	food-baking	Food/Recipe	1	18	18	0	0	0	chocojoyful.com/healthy-haddock-recipes/	0
low acid dinner recipes	food-baking	Food/Recipe	1	13	13	0	0	0	chocojoyful.com/low-acid-dinner-recipes/	0
chocolate peanut butter chex mix recipes	food-baking	Food/Recipe	1	11	11	0	0	0	chocojoyful.com/chocolate-peanut-butter-chex-mix-recipes/	0
fish aquarium ideas for living room	room-ideas	Home Decor	1	96	96	4	4.17	2.37	seasonrae.com/fish-aquarium-ideas-for-living-room/	4
living room column decor ideas	room-ideas	Home Decor	1	73	73	8	10.96	5.85	seasonrae.com/living-room-column-decor-ideas/	8
kitchen countertops ideas	room-ideas	Home Decor	1	45	45	3	6.67	3.17	seasonrae.com/kitchen-countertops-ideas/	3
day bed bedroom ideas	product-specific	Home Decor	1	12	12	0	0	0	seasonrae.com/day-bed-bedroom-ideas/	0
puertas adornadas de halloween	general	Home Decor	1	12	12	1	8.33	2.65	seasonrae.com/puertas-adornadas-de-halloween/	1
boys bunkbed bedroom ideas	room-ideas	Home Decor	1	11	11	0	0	0	seasonrae.com/boys-bunkbed-bedroom-ideas/	0
colourful kitchen ideas	room-ideas	Home Decor	1	8	8	1	12.5	3.41	seasonrae.com/colourful-kitchen-ideas/	1
organizing ideas kitchen	room-ideas	Home Decor	1	4	4	1	25	4.99	seasonrae.com/organizing-ideas-kitchen/	1
clock decor ideas living room	room-ideas	Home Decor	1	2	2	1	50	6.81	seasonrae.com/clock-decor-ideas-living-room/	1
ikea kitchen cabinets	room-ideas	Kitchen	1	586	586	23	3.92	9.21	cozykitchenia.com/ikea-kitchen-cabinets/	23
kitchen hood ideas	room-ideas	Kitchen	1	185	185	2	1.08	2.08	cozykitchenia.com/kitchen-hood-ideas/	2
small bathroom tile ideas	room-ideas	Kitchen	2	249	125	4	1.61	2.87	cozykitchenia.com/small-bathroom-tile-ideas/	3
kitchen window treatments	room-ideas	Kitchen	1	57	57	7	12.28	18.39	cozykitchenia.com/kitchen-window-treatments/	7
kitchen ceiling ideas	room-ideas	Kitchen	2	142	71	9	6.34	10	ceiloria.com/kitchen-ceiling-ideas/	5
white kitchen	room-ideas	Kitchen	1	54	54	0	0	0	cozykitchenia.com/white-kitchen/	0
modern cottage kitchen	room-ideas	Kitchen	1	47	47	3	6.38	9.11	cozykitchenia.com/modern-cottage-kitchen/	3
small bathroom curtain ideas	product-specific	Kitchen	1	44	44	1	2.27	3.19	cozykitchenia.com/small-bathroom-curtain-ideas/	1
kitchen colours	room-ideas	Kitchen	1	39	39	0	0	0	cozykitchenia.com/kitchen-colours/	0
kitchen colours ideas	room-ideas	Kitchen	1	38	38	0	0	0	cozykitchenia.com/kitchen-colours-ideas/	0
cottage kitchen	room-ideas	Kitchen	1	27	27	0	0	0	cozykitchenia.com/cottage-kitchen/	0
backyard sauna ideas	room-ideas	Kitchen	1	25	25	0	0	0	cozykitchenia.com/backyard-sauna-ideas/	0
narrow window curtain ideas	product-specific	Kitchen	1	25	25	3	12	14.42	cozykitchenia.com/narrow-window-curtain-ideas/	3
tiny guest bedroom ideas	room-ideas	Kitchen	1	21	21	0	0	0	cozykitchenia.com/tiny-guest-bedroom-ideas/	0
l shaped kitchen designs	room-ideas	Kitchen	1	17	17	0	0	0	cozykitchenia.com/l-shaped-kitchen-designs/	0
living room window ideas	room-ideas	Kitchen	1	17	17	0	0	0	cozykitchenia.com/living-room-window-ideas/	0
stitch bedroom ideas	room-ideas	Kitchen	1	16	16	0	0	0	cozykitchenia.com/stitch-bedroom-ideas/	0
kitchen and dining room ideas	room-ideas	Kitchen	1	15	15	0	0	0	cozykitchenia.com/kitchen-and-dining-room-ideas/	0
concrete kitchen	room-ideas	Kitchen	1	14	14	0	0	0	cozykitchenia.com/concrete-kitchen/	0
backyard terrace ideas	room-ideas	Kitchen	1	13	13	0	0	0	cozykitchenia.com/backyard-terrace-ideas/	0
kitchen sink curtain ideas	product-specific	Kitchen	1	12	12	0	0	0	cozykitchenia.com/kitchen-sink-curtain-ideas/	0
backyard movie theater ideas	room-ideas	Kitchen	1	11	11	0	0	0	cozykitchenia.com/backyard-movie-theater-ideas/	0
backyard privacy screen ideas	room-ideas	Kitchen	1	11	11	2	18.18	16.66	cozykitchenia.com/backyard-privacy-screen-ideas/	2
kitchen grey	room-ideas	Kitchen	1	11	11	0	0	0	cozykitchenia.com/kitchen-grey/	0
shower curtain tie back ideas	product-specific	Kitchen	1	11	11	1	9.09	8.33	cozykitchenia.com/shower-curtain-tie-back-ideas/	1
bathroom door curtain ideas	product-specific	Kitchen	1	8	8	1	12.5	10.13	cozykitchenia.com/bathroom-door-curtain-ideas/	1
kitchen cabinet decor ideas	product-specific	Kitchen	1	6	6	1	16.67	11.96	cozykitchenia.com/above-kitchen-cabinet-decor-ideas/	1
farmhouse kitchen	room-ideas	Kitchen	1	6	6	1	16.67	11.96	cozykitchenia.com/farmhouse-kitchen/	1
beads curtain ideas	product-specific	Kitchen	1	5	5	1	20	13.21	cozykitchenia.com/beads-curtain-ideas/	1
twins nursery ideas	room-ideas	Home Decor	1	79	79	2	2.53	1.38	nursora.com/twins-nursery-ideas/	2
nursery office combo	room-ideas	Home Decor	1	75	75	2	2.67	1.43	nursora.com/nursery-office-combo/	2
nursery bookshelf ideas	room-ideas	Home Decor	1	41	41	13	31.71	14.7	nursora.com/nursery-bookshelf-ideas/	13
yellow nursery	room-ideas	Home Decor	1	38	38	0	0	0	nursora.com/yellow-nursery/	0
nursery corner ideas	room-ideas	Home Decor	1	34	34	4	11.76	5.19	nursora.com/nursery-corner-ideas/	4
curtains in nursery	product-specific	Home Decor	1	29	29	6	20.69	8.73	nursora.com/curtains-in-nursery/	6
fairy tale nursery	room-ideas	Home Decor	1	28	28	0	0	0	nursora.com/fairy-tale-nursery/	0
nursery colors	room-ideas	Home Decor	1	26	26	1	3.85	1.57	nursora.com/nursery-colors/	1
nursery ideas boy	room-ideas	Home Decor	1	22	22	0	0	0	nursora.com/nursery-ideas-boy/	0
gothic nursery	room-ideas	Home Decor	1	21	21	0	0	0	nursora.com/gothic-nursery/	0
ralph lauren nursery	room-ideas	Home Decor	1	21	21	0	0	0	nursora.com/ralph-lauren-nursery/	0
wallpaper bathroom ideas	room-ideas	Home Decor	1	20	20	3	15	5.67	nursora.com/wallpaper-bathroom-ideas/	3
rug in nursery	product-specific	Home Decor	1	18	18	3	16.67	6.09	nursora.com/rug-in-nursery/	3
board and batten nursery	room-ideas	Home Decor	1	17	17	0	0	0	nursora.com/board-and-batten-nursery/	0
closet nursery	room-ideas	Home Decor	1	15	15	0	0	0	nursora.com/closet-nursery/	0
nursery theme	room-ideas	Home Decor	1	15	15	0	0	0	nursora.com/nursery-theme/	0
small nursery ideas	room-ideas	Home Decor	1	15	15	1	6.67	2.29	nursora.com/small-nursery-ideas/	1
grey nursery	room-ideas	Home Decor	1	13	13	0	0	0	nursora.com/grey-nursery/	0
nursery in bedroom	room-ideas	Home Decor	1	11	11	1	9.09	2.8	nursora.com/nursery-in-bedroom/	1
nature themed nursery	room-ideas	Home Decor	1	8	8	4	50	13.63	nursora.com/nature-themed-nursery/	4
blush pink nursery	room-ideas	Home Decor	1	7	7	1	14.29	3.69	nursora.com/blush-pink-nursery/	1
unique kitchen island ideas	room-ideas	Home Decor	1	7	7	1	14.29	3.69	nursora.com/unique-kitchen-island-ideas/	1
ocean nursery ideas	room-ideas	Home Decor	1	6	6	1	16.67	4.02	nursora.com/ocean-nursery-ideas/	1
nursery mirror	product-specific	Home Decor	1	5	5	1	20	4.45	nursora.com/nursery-mirror/	1
western nursery ideas	room-ideas	Home Decor	1	4	4	1	25	4.99	nursora.com/western-nursery-ideas/	1
bedroom shelving ideas	room-ideas	Home Decor	1	3	3	1	33.33	5.73	nursora.com/bedroom-shelving-ideas/	1
black and white nursery	room-ideas	Home Decor	1	3	3	3	100	17.2	nursora.com/black-and-white-nursery/	3
leftover pork roast recipes keto	food-baking	Food/Recipe	1	479	479	4	0.84	2.33	popularteamnames.com/leftover-pork-roast-recipes-keto/	4
keto dessert recipes 3 ingredients	food-baking	Food/Recipe	1	262	262	0	0	0	popularteamnames.com/keto-dessert-recipes-3-ingredients/	0
keto recipes for picky eaters	food-baking	Food/Recipe	1	254	254	4	1.57	3.91	popularteamnames.com/keto-recipes-for-picky-eaters/	4
rotisserie chicken recipes keto low carb	food-baking	Food/Recipe	1	94	94	0	0	0	popularteamnames.com/rotisserie-chicken-recipes-keto-low-carb/	0
dash my pint ice cream maker recipes keto	food-baking	Food/Recipe	1	96	96	1	1.04	2.14	popularteamnames.com/dash-my-pint-ice-cream-maker-recipes-keto/	1
silken tofu recipes dinner	food-baking	Food/Recipe	1	89	89	0	0	0	popularteamnames.com/silken-tofu-recipes-dinner/	0
keto dairy free recipes	food-baking	Food/Recipe	1	81	81	2	2.47	4.89	popularteamnames.com/keto-dairy-free-recipes/	2
recipes with pie crust dinner	food-baking	Food/Recipe	1	66	66	0	0	0	popularteamnames.com/recipes-with-pie-crust-dinner/	0
fat bomb snacks keto recipes	food-baking	Food/Recipe	1	60	60	1	1.67	3.08	popularteamnames.com/fat-bomb-snacks-keto-recipes/	1
keto air fryer recipes low carb dessert	food-baking	Food/Recipe	1	56	56	2	3.57	6.48	popularteamnames.com/keto-air-fryer-recipes-low-carb-dessert/	2
keto ground chicken recipes	food-baking	Food/Recipe	1	55	55	3	5.45	9.85	popularteamnames.com/keto-ground-chicken-recipes/	3
keto recipes for one person	food-baking	Food/Recipe	1	44	44	0	0	0	popularteamnames.com/keto-recipes-for-one-person/	0
keto chicken casserole recipes	food-baking	Food/Recipe	1	42	42	0	0	0	popularteamnames.com/keto-chicken-casserole-recipes/	0
king arthur keto flour recipes	food-baking	Food/Recipe	1	38	38	0	0	0	popularteamnames.com/king-arthur-keto-flour-recipes/	0
keto chicken instant pot recipes	product-specific	Food/Recipe	1	34	34	0	0	0	popularteamnames.com/keto-chicken-instant-pot-recipes/	0
keto brunch recipes for a crowd	food-baking	Food/Recipe	1	33	33	1	3.03	4.8	popularteamnames.com/keto-brunch-recipes-for-a-crowd/	1
blood orange dessert recipes	food-baking	Food/Recipe	1	28	28	0	0	0	popularteamnames.com/blood-orange-dessert-recipes/	0
keto almond flour recipes	food-baking	Food/Recipe	1	27	27	0	0	0	popularteamnames.com/keto-almond-flour-recipes/	0
keto coconut flour recipes	food-baking	Food/Recipe	2	29	15	1	3.45	4.25	steaknjoy.com/keto-coconut-flour-recipes/	1
keto gluten free recipes	food-baking	Food/Recipe	1	24	24	1	4.17	6.03	popularteamnames.com/keto-gluten-free-recipes/	1
keto sugar free pudding recipes	food-baking	Food/Recipe	1	24	24	0	0	0	popularteamnames.com/keto-sugar-free-pudding-recipes/	0
tropical dinner recipes	food-baking	Food/Recipe	1	24	24	0	0	0	popularteamnames.com/tropical-dinner-recipes/	0
healthy bread maker recipes	food-baking	Food/Recipe	1	23	23	0	0	0	popularteamnames.com/healthy-bread-maker-recipes/	0
easy keto ground beef recipes	food-baking	Food/Recipe	1	20	20	0	0	0	popularteamnames.com/easy-keto-ground-beef-recipes/	0
egg yolk dessert recipes	food-baking	Food/Recipe	1	20	20	0	0	0	popularteamnames.com/egg-yolk-dessert-recipes/	0
red beet salad recipes	food-baking	Food/Recipe	1	19	19	0	0	0	popularteamnames.com/red-beet-salad-recipes/	0
keto sweet potato recipes	food-baking	Food/Recipe	1	17	17	0	0	0	popularteamnames.com/keto-sweet-potato-recipes/	0
keto cream cheese recipes desserts	food-baking	Food/Recipe	1	16	16	0	0	0	popularteamnames.com/keto-cream-cheese-recipes-desserts/	0
grill dessert recipes	food-baking	Food/Recipe	1	15	15	0	0	0	popularteamnames.com/grill-dessert-recipes/	0
keto chicken and broccoli recipes	food-baking	Food/Recipe	1	14	14	0	0	0	popularteamnames.com/keto-chicken-and-broccoli-recipes/	0
keto chicken breast recipes	food-baking	Food/Recipe	1	14	14	0	0	0	popularteamnames.com/keto-chicken-breast-recipes/	0
keto ground turkey recipes	food-baking	Food/Recipe	1	12	12	0	0	0	popularteamnames.com/keto-ground-turkey-recipes/	0
keto chia pudding recipes	food-baking	Food/Recipe	1	11	11	0	0	0	popularteamnames.com/keto-chia-pudding-recipes/	0
keto crockpot soup recipes	food-baking	Food/Recipe	1	11	11	0	0	0	popularteamnames.com/keto-crockpot-soup-recipes/	0
raw salad dressing recipes	food-baking	Food/Recipe	1	11	11	0	0	0	popularteamnames.com/raw-salad-dressing-recipes/	0
kitchen layout ideas with island floor plans	room-ideas	Home Decor	1	1087	1087	22	2.02	1.75	floorae.com/kitchen-layout-ideas-with-island-floor-plans/	22
tiny house floor plans	general	Home Decor	1	742	742	13	1.75	1.44	floorae.com/tiny-house-floor-plans/	13
concrete floor ideas	general	Home Decor	1	549	549	13	2.37	1.86	floorae.com/concrete-floor-ideas/	13
concrete basement floor ideas	room-ideas	Home Decor	1	499	499	27	5.41	4.17	floorae.com/concrete-basement-floor-ideas/	27
floor vase decorating ideas	product-specific	Home Decor	1	484	484	20	4.13	3.17	floorae.com/floor-vase-decorating-ideas/	20
shower floor tile ideas	general	Home Decor	1	436	436	5	1.15	0.87	floorae.com/shower-floor-tile-ideas/	5
tile floor ideas	general	Home Decor	1	391	391	7	1.79	1.33	floorae.com/tile-floor-ideas/	7
kitchen floor plans	room-ideas	Home Decor	1	346	346	3	0.87	0.63	floorae.com/kitchen-floor-plans/	3
epoxy floor designs	tattoo	Home Decor	1	335	335	5	1.49	1.08	floorae.com/epoxy-floor-designs/	5
grey floor living room ideas	room-ideas	Home Decor	1	202	202	3	1.49	0.98	floorae.com/grey-floor-living-room-ideas/	3
tile floor living room	room-ideas	Home Decor	1	201	201	1	0.5	0.33	floorae.com/tile-floor-living-room/	1
small apartment floor plans	general	Home Decor	1	198	198	1	0.51	0.33	floorae.com/small-apartment-floor-plans/	1
floor ideas	general	Home Decor	1	189	189	4	2.12	1.38	floorae.com/floor-ideas/	4
kitchen floor tile design	room-ideas	Home Decor	1	166	166	6	3.61	2.29	floorae.com/kitchen-floor-tile-design/	6
wooden floor living room	room-ideas	Home Decor	1	160	160	2	1.25	0.79	floorae.com/wooden-floor-living-room/	2
master suite floor plan	general	Home Decor	1	154	154	0	0	0	floorae.com/master-suite-floor-plan/	0
porch floor ideas	general	Home Decor	1	153	153	6	3.92	2.45	floorae.com/porch-floor-ideas/	6
dark wooden floor bedroom	room-ideas	Home Decor	1	139	139	3	2.16	1.32	floorae.com/dark-wooden-floor-bedroom/	3
small bathroom floor tile ideas	room-ideas	Home Decor	1	134	134	5	3.73	2.27	floorae.com/small-bathroom-floor-tile-ideas/	5
bedroom floor tiles	room-ideas	Home Decor	1	125	125	6	4.8	2.88	floorae.com/bedroom-floor-tiles/	6
house floor plans 2 story	general	Home Decor	1	121	121	0	0	0	floorae.com/house-floor-plans-2-story/	0
grey floor bedroom ideas	room-ideas	Home Decor	1	118	118	0	0	0	floorae.com/grey-floor-bedroom-ideas/	0
gray bathroom floor tile	room-ideas	Home Decor	1	101	101	5	4.95	2.84	floorae.com/gray-bathroom-floor-tile/	5
bathroom with black and white tile floor	room-ideas	Home Decor	1	86	86	2	2.33	1.29	floorae.com/bathroom-with-black-and-white-tile-floor/	2
garage floor ideas	room-ideas	Home Decor	1	84	84	14	16.67	9.19	floorae.com/garage-floor-ideas/	14
stenciled floor	general	Home Decor	1	84	84	3	3.57	1.97	floorae.com/stenciled-floor/	3
floor bed ideas	product-specific	Home Decor	1	82	82	9	10.98	6.02	floorae.com/floor-bed-ideas/	9
floor seating ideas	general	Home Decor	1	81	81	13	16.05	8.77	floorae.com/floor-seating-ideas/	13
kitchen floor	room-ideas	Home Decor	1	79	79	3	3.8	2.07	floorae.com/kitchen-floor/	3
finished basement floor plans	room-ideas	Home Decor	1	78	78	0	0	0	floorae.com/finished-basement-floor-plans/	0
floor designs	tattoo	Home Decor	1	75	75	0	0	0	floorae.com/floor-designs/	0
white floor kitchen	room-ideas	Home Decor	1	74	74	1	1.35	0.72	floorae.com/white-floor-kitchen/	1
mudroom floor	general	Home Decor	1	72	72	2	2.78	1.48	floorae.com/mudroom-floor/	2
bathroom grey floor	room-ideas	Home Decor	1	69	69	0	0	0	floorae.com/bathroom-grey-floor/	0
1 story barndominium floor plans	general	Home Decor	1	66	66	1	1.52	0.79	floorae.com/1-story-barndominium-floor-plans/	1
floor decoration	wedding-event	Home Decor	1	64	64	1	1.56	0.81	floorae.com/floor-decoration/	1
basement floor	room-ideas	Home Decor	1	62	62	4	6.45	3.31	floorae.com/basement-floor/	4
bathroom floor tile ideas	room-ideas	Home Decor	1	62	62	2	3.23	1.66	floorae.com/bathroom-floor-tile-ideas/	2
kitchen floor tiles ideas	room-ideas	Home Decor	1	58	58	3	5.17	2.62	floorae.com/kitchen-floor-tiles-ideas/	3
mattress on the floor aesthetic	general	Home Decor	1	45	45	1	2.22	1.05	floorae.com/mattress-on-the-floor-aesthetic/	1
2 bedroom floor plans	room-ideas	Home Decor	1	43	43	0	0	0	floorae.com/2-bedroom-floor-plans/	0
kitchen island ideas	room-ideas	Home Decor	1	34	34	0	0	0	floorae.com/kitchen-island-ideas/	0
bathroom floor ideas	room-ideas	Home Decor	1	32	32	1	3.13	1.36	floorae.com/bathroom-floor-ideas/	1
penny floor	general	Home Decor	1	32	32	4	12.5	5.42	floorae.com/penny-floor/	4
wooden floor bedroom	room-ideas	Home Decor	1	32	32	0	0	0	floorae.com/wooden-floor-bedroom/	0
hexagon floor tile bathroom	room-ideas	Home Decor	1	28	28	1	3.57	1.49	floorae.com/hexagon-floor-tile-bathroom/	1
tall kitchen cabinets ideas	room-ideas	Wedding/Craft	1	5	5	1	20	6.58	homediyra.com/tall-kitchen-cabinets-ideas/	1
diy under bed storage	product-specific	Wedding/Craft	1	4	4	1	25	7.39	homediyra.com/diy-under-bed-storage/	1
dessert cups recipes	food-baking	Food/Recipe	1	230	230	6	2.61	6.38	firesmokers.com/dessert-cups-recipes/	6
pork loin crock pot recipes bbq	product-specific	Food/Recipe	1	108	108	1	0.93	1.96	firesmokers.com/pork-loin-crock-pot-recipes-bbq/	1
carnivore dessert recipes	food-baking	Food/Recipe	1	91	91	2	2.2	4.47	firesmokers.com/carnivore-dessert-recipes/	2
eid dessert recipes	food-baking	Food/Recipe	1	73	73	0	0	0	firesmokers.com/eid-dessert-recipes/	0
rump roast crock pot recipes bbq shredded beef	product-specific	Food/Recipe	1	35	35	0	0	0	firesmokers.com/rump-roast-crock-pot-recipes-bbq-shredded-beef/	0
boston button recipes crockpot bbq easy	food-baking	Food/Recipe	1	21	21	0	0	0	firesmokers.com/boston-button-recipes-crockpot-bbq-easy/	0
north carolina bbq sauce vinegar pulled pork recipes	food-baking	Food/Recipe	1	20	20	0	0	0	firesmokers.com/north-carolina-bbq-sauce-vinegar-pulled-pork-recipes/	0
pulled pork crock pot recipes no bbq	product-specific	Food/Recipe	1	14	14	0	0	0	firesmokers.com/pulled-pork-crock-pot-recipes-no-bbq/	0
vegan chickpea recipes	food-baking	Food/Recipe	1	14	14	0	0	0	firesmokers.com/vegan-chickpea-recipes/	0
meatball recipes bbq grape jelly	food-baking	Food/Recipe	1	11	11	0	0	0	firesmokers.com/meatball-recipes-bbq-grape-jelly/	0
boneless pork chop recipes bbq	food-baking	Food/Recipe	1	9	9	1	11.11	11.49	firesmokers.com/boneless-pork-chop-recipes-bbq/	1
things to sell for a small business	general	Food/Recipe	1	543	543	34	6.26	17.71	vinainvesting.com/things-to-sell-for-a-small-business/	34
baking business ideas	food-baking	Food/Recipe	1	357	357	49	13.73	36.26	vinainvesting.com/baking-business-ideas/	49
small business food ideas	general	Food/Recipe	1	240	240	9	3.75	9.24	vinainvesting.com/small-business-food-ideas/	9
candle business ideas	general	Food/Recipe	1	237	237	20	8.44	20.74	vinainvesting.com/candle-business-ideas/	20
small business cards ideas	general	Food/Recipe	1	84	84	2	2.38	4.75	vinainvesting.com/small-business-cards-ideas/	2
finance bro outfit	outfit-style	Food/Recipe	1	73	73	1	1.37	2.65	vinainvesting.com/finance-bro-outfit/	1
small business marketing	general	Food/Recipe	1	49	49	0	0	0	vinainvesting.com/small-business-marketing/	0
life insurance marketing ideas	general	Food/Recipe	1	29	29	0	0	0	vinainvesting.com/life-insurance-marketing-ideas/	0
profitable small business ideas	general	Food/Recipe	1	27	27	0	0	0	vinainvesting.com/profitable-small-business-ideas/	0
money saving jar	general	Food/Recipe	1	18	18	1	5.56	7.35	vinainvesting.com/money-saving-jar/	1
homemade business ideas	diy-craft	Food/Recipe	1	22	22	0	0	0	vinainvesting.com/homemade-business-ideas/	0
business idea for women	general	Food/Recipe	1	13	13	0	0	0	vinainvesting.com/business-idea-for-women/	0
easy fundraising ideas	general	Food/Recipe	1	13	13	0	0	0	vinainvesting.com/easy-fundraising-ideas/	0
baking business names ideas	food-baking	Food/Recipe	1	12	12	0	0	0	vinainvesting.com/baking-business-names-ideas/	0
finance logo design	tattoo	Food/Recipe	1	12	12	0	0	0	vinainvesting.com/finance-logo-design/	0
diy business ideas	diy-craft	Food/Recipe	1	11	11	0	0	0	vinainvesting.com/diy-business-ideas/	0
life insurance ads	general	Food/Recipe	1	11	11	0	0	0	vinainvesting.com/life-insurance-ads/	0
small business ideas	general	Food/Recipe	1	9	9	2	22.22	22.98	vinainvesting.com/small-business-ideas/	2
small business office ideas	room-ideas	Food/Recipe	1	6	6	1	16.67	14.57	vinainvesting.com/small-business-office-ideas/	1
small business freebies ideas	general	Food/Recipe	1	4	4	1	25	18.07	vinainvesting.com/small-business-freebies-ideas/	1
money making hacks	diy-craft	Food/Recipe	1	3	3	1	33.33	20.75	vinainvesting.com/money-making-hacks/	1
cut up t shirt	general	Styling	1	401	401	5	1.25	1	hugnify.com/blogs/news/cut-up-t-shirt	5
corset over shirt outfits	outfit-style	Styling	1	30	30	2	6.67	3.05	hugnify.com/blogs/news/corset-over-shirt-outfits	2
senior night gift ideas	general	Styling	1	30	30	0	0	0	hugnify.com/blogs/news/senior-night-gift-ideas	0
black polo shirt outfit woman	outfit-style	Styling	2	78	39	0	0	0	hugnify.com/blogs/news/black-polo-shirt-outfit-woman	0
bridal gift wrapping ideas	wedding-event	Styling	1	27	27	0	0	0	hugnify.com/blogs/news/bridal-gift-wrapping-ideas	0
dress with shirt underneath	outfit-style	Styling	1	26	26	0	0	0	hugnify.com/blogs/news/dress-with-shirt-underneath	0
crop a shirt	general	Styling	1	24	24	0	0	0	hugnify.com/blogs/news/how-to-crop-a-shirt	0
white linen shirt outfit women	outfit-style	Styling	1	23	23	0	0	0	hugnify.com/blogs/news/white-linen-shirt-outfit-women	0
olive green shirt outfit men	outfit-style	Styling	1	22	22	0	0	0	hugnify.com/blogs/news/olive-green-shirt-outfit-men	0
black button up shirt outfit	outfit-style	Styling	1	21	21	0	0	0	hugnify.com/blogs/news/black-button-up-shirt-outfit	0
navy blue shirt outfit	outfit-style	Styling	1	19	19	2	10.53	4.19	hugnify.com/blogs/news/navy-blue-shirt-outfit	2
eid baskets gift ideas	general	Styling	1	18	18	4	22.22	8.7	hugnify.com/blogs/news/eid-baskets-gift-ideas	4
red t shirt outfit	outfit-style	Styling	1	18	18	0	0	0	hugnify.com/blogs/news/red-t-shirt-outfit	0
about	general	Styling	1	17	17	0	0	0	hugnify.com/about	0
8th grade graduation gift ideas	general	Styling	1	17	17	0	0	0	hugnify.com/blogs/news/8th-grade-graduation-gift-ideas	0
brown t shirt outfit	outfit-style	Styling	1	16	16	0	0	0	hugnify.com/blogs/news/brown-t-shirt-outfit	0
pink t shirt outfit	outfit-style	Styling	1	16	16	0	0	0	hugnify.com/blogs/news/pink-t-shirt-outfit	0
black and white striped shirt outfit	outfit-style	Styling	1	15	15	1	6.67	2.46	hugnify.com/blogs/news/black-and-white-striped-shirt-outfit	1
1 year anniversary gift ideas for him	wedding-event	Styling	1	14	14	2	14.29	5.14	hugnify.com/blogs/news/1-year-anniversary-gift-ideas-for-him	2
wrap a gift	general	Styling	1	14	14	0	0	0	hugnify.com/blogs/news/how-to-wrap-a-gift	0
beige shirt outfit men	outfit-style	Styling	1	13	13	0	0	0	hugnify.com/blogs/news/beige-shirt-outfit-men	0
black polo shirt outfit men	outfit-style	Styling	1	13	13	0	0	0	hugnify.com/blogs/news/black-polo-shirt-outfit-men	0
tuck in shirt women	general	Styling	1	13	13	0	0	0	hugnify.com/blogs/news/how-to-tuck-in-shirt-women	0
navy blue shirt outfit women	outfit-style	Styling	1	13	13	0	0	0	hugnify.com/blogs/news/navy-blue-shirt-outfit-women	0
birthday gift for husband	general	Styling	1	12	12	1	8.33	2.84	hugnify.com/blogs/news/birthday-gift-for-husband	1
t shirt dress outfit	outfit-style	Styling	1	12	12	0	0	0	hugnify.com/blogs/news/t-shirt-dress-outfit	0
style white shirt	outfit-style	Styling	1	11	11	0	0	0	hugnify.com/blogs/news/how-to-style-white-shirt	0
polo shirt outfit men	outfit-style	Styling	1	11	11	0	0	0	hugnify.com/blogs/news/polo-shirt-outfit-men	0
polo shirt outfit women s	outfit-style	Styling	1	11	11	0	0	0	hugnify.com/blogs/news/polo-shirt-outfit-women-s	0
10 year anniversary gift ideas for him	wedding-event	Styling	1	10	10	3	30	9.56	hugnify.com/blogs/news/10-year-anniversary-gift-ideas-for-him	3
well soon gift ideas	general	Styling	1	10	10	1	10	3.19	hugnify.com/blogs/news/get-well-soon-gift-ideas	1
sweet 16 gift ideas	general	Styling	1	9	9	2	22.22	6.8	hugnify.com/blogs/news/sweet-16-gift-ideas	2
ideas for balcony	room-ideas	Home Decor	1	249	249	22	8.84	6.05	balcivo.com/ideas-for-balcony/	22
decorate a long narrow balcony	room-ideas	Home Decor	1	233	233	1	0.43	0.29	balcivo.com/how-to-decorate-a-long-narrow-balcony/	1
bathroom towel decor ideas	product-specific	Home Decor	1	207	207	14	6.76	4.48	balcivo.com/bathroom-towel-decor-ideas/	14
long narrow balcony ideas	room-ideas	Home Decor	1	106	106	6	5.66	3.28	balcivo.com/long-narrow-balcony-ideas/	6
kitchen banquette ideas	room-ideas	Home Decor	1	101	101	0	0	0	balcivo.com/kitchen-banquette-ideas/	0
narrow balcony ideas	room-ideas	Home Decor	1	90	90	6	6.67	3.73	balcivo.com/narrow-balcony-ideas/	6
luxury balcony	room-ideas	Home Decor	1	59	59	0	0	0	balcivo.com/luxury-balcony/	0
living room with balcony	room-ideas	Home Decor	1	52	52	0	0	0	balcivo.com/living-room-with-balcony/	0
big balcony	room-ideas	Home Decor	1	51	51	2	3.92	1.92	balcivo.com/big-balcony/	2
balcony privacy	room-ideas	Home Decor	1	49	49	3	6.12	2.97	balcivo.com/balcony-privacy/	3
coastal balcony ideas	room-ideas	Home Decor	1	48	48	3	6.25	3.02	balcivo.com/coastal-balcony-ideas/	3
master bedrooms with balcony	room-ideas	Home Decor	1	48	48	0	0	0	balcivo.com/master-bedrooms-with-balcony/	0
balcony design	room-ideas	Home Decor	1	41	41	0	0	0	balcivo.com/balcony-design/	0
olive green sofa living room ideas	product-specific	Home Decor	1	41	41	0	0	0	balcivo.com/olive-green-sofa-living-room-ideas/	0
balcony railing ideas	room-ideas	Home Decor	1	39	39	0	0	0	balcivo.com/balcony-railing-ideas/	0
balcony bar ideas	room-ideas	Home Decor	1	38	38	0	0	0	balcivo.com/balcony-bar-ideas/	0
modern balcony railing	room-ideas	Home Decor	1	38	38	1	2.63	1.2	balcivo.com/modern-balcony-railing/	1
balcony minimalist	room-ideas	Home Decor	1	32	32	3	9.38	4.07	balcivo.com/balcony-minimalist/	3
room with balcony	room-ideas	Home Decor	1	32	32	0	0	0	balcivo.com/room-with-balcony/	0
balcony door	room-ideas	Home Decor	1	29	29	3	10.34	4.36	balcivo.com/balcony-door/	3
balcony grill design	room-ideas	Home Decor	1	29	29	2	6.9	2.91	balcivo.com/balcony-grill-design/	2
balcony makeover ideas	room-ideas	Home Decor	1	29	29	0	0	0	balcivo.com/balcony-makeover-ideas/	0
small balcony ideas on a budget	room-ideas	Home Decor	1	29	29	0	0	0	balcivo.com/small-balcony-ideas-on-a-budget/	0
living room ottoman ideas	room-ideas	Home Decor	1	28	28	7	25	10.44	balcivo.com/living-room-ottoman-ideas/	7
purple bedroom ideas	room-ideas	Home Decor	1	28	28	0	0	0	balcivo.com/purple-bedroom-ideas/	0
backyard shed ideas	room-ideas	Home Decor	2	280	140	21	7.5	4.6	lawnoria.com/backyard-shed-ideas/	20
decorate a balcony with lights	room-ideas	Home Decor	1	26	26	1	3.85	1.57	balcivo.com/how-to-decorate-a-balcony-with-lights/	1
indian kitchen ideas	room-ideas	Home Decor	1	25	25	0	0	0	balcivo.com/indian-kitchen-ideas/	0
bay window ideas bedroom	room-ideas	Home Decor	1	24	24	0	0	0	balcivo.com/bay-window-ideas-bedroom/	0
bedroom with balcony	room-ideas	Home Decor	1	24	24	0	0	0	balcivo.com/bedroom-with-balcony/	0
decorate a balcony for privacy	room-ideas	Home Decor	1	23	23	2	8.7	3.43	balcivo.com/how-to-decorate-a-balcony-for-privacy/	2
kitchen in balcony	room-ideas	Home Decor	1	23	23	0	0	0	balcivo.com/kitchen-in-balcony/	0
wooden balcony	room-ideas	Home Decor	1	22	22	14	63.64	24.75	balcivo.com/wooden-balcony/	14
diwali lighting ideas for balcony	room-ideas	Home Decor	1	21	21	0	0	0	balcivo.com/diwali-lighting-ideas-for-balcony/	0
long narrow bathroom ideas	room-ideas	Home Decor	1	21	21	0	0	0	balcivo.com/long-narrow-bathroom-ideas/	0
brick wall kitchen ideas	room-ideas	Home Decor	1	19	19	1	5.26	1.95	balcivo.com/brick-wall-kitchen-ideas/	1
bedroom ceiling ideas	room-ideas	Home Decor	2	74	37	3	4.05	1.83	ceiloria.com/bedroom-ceiling-ideas/	3
balcony apartment	room-ideas	Home Decor	1	13	13	1	7.69	2.52	balcivo.com/balcony-apartment/	1
balcony floor	room-ideas	Home Decor	1	13	13	1	7.69	2.52	balcivo.com/balcony-floor/	1
indian balcony	room-ideas	Home Decor	1	13	13	0	0	0	balcivo.com/indian-balcony/	0
apartment balcony halloween decor	room-ideas	Home Decor	1	11	11	0	0	0	balcivo.com/apartment-balcony-halloween-decor/	0
kitchen sink window ideas	room-ideas	Home Decor	1	11	11	0	0	0	balcivo.com/kitchen-sink-window-ideas/	0
boho balcony ideas	room-ideas	Home Decor	1	8	8	6	75	20.44	balcivo.com/boho-balcony-ideas/	6
cool backyard	room-ideas	Garden/Outdoor	1	926	926	103	11.12	8.23	lawnoria.com/cool-backyard/	103
sloped backyard ideas	room-ideas	Garden/Outdoor	1	184	184	2	1.09	0.62	lawnoria.com/sloped-backyard-ideas/	2
mexican backyard	room-ideas	Garden/Outdoor	1	161	161	21	13.04	7.18	lawnoria.com/mexican-backyard/	21
small backyard deck ideas	room-ideas	Garden/Outdoor	1	124	124	16	12.9	6.74	lawnoria.com/small-backyard-deck-ideas/	16
backyard remodel	room-ideas	Garden/Outdoor	1	107	107	4	3.74	1.9	lawnoria.com/backyard-remodel/	4
small backyard pools	room-ideas	Garden/Outdoor	1	98	98	1	1.02	0.51	lawnoria.com/small-backyard-pools/	1
sims 4 backyard ideas	room-ideas	Garden/Outdoor	1	94	94	0	0	0	lawnoria.com/sims-4-backyard-ideas/	0
dog areas in backyard	room-ideas	Garden/Outdoor	1	80	80	5	6.25	2.97	lawnoria.com/dog-areas-in-backyard/	5
backyard cement patio ideas	room-ideas	Garden/Outdoor	1	73	73	1	1.37	0.64	lawnoria.com/backyard-cement-patio-ideas/	1
backyard fence ideas	room-ideas	Garden/Outdoor	1	72	72	5	6.94	3.22	lawnoria.com/backyard-fence-ideas/	5
backyard landscaping with pool	room-ideas	Garden/Outdoor	1	69	69	1	1.45	0.67	lawnoria.com/backyard-landscaping-with-pool/	1
backyard retaining walls	room-ideas	Garden/Outdoor	1	69	69	2	2.9	1.33	lawnoria.com/backyard-retaining-walls/	2
backyard entrance ideas	room-ideas	Garden/Outdoor	1	65	65	6	9.23	4.19	lawnoria.com/backyard-entrance-ideas/	6
pergola ideas backyard	room-ideas	Garden/Outdoor	1	58	58	5	8.62	3.81	lawnoria.com/pergola-ideas-backyard/	5
balcony curtain ideas	product-specific	Garden/Outdoor	1	54	54	0	0	0	lawnoria.com/balcony-curtain-ideas/	0
backyard landscaping with fire pit	room-ideas	Garden/Outdoor	1	49	49	3	6.12	2.59	lawnoria.com/backyard-landscaping-with-fire-pit/	3
brick backyard	room-ideas	Garden/Outdoor	1	48	48	0	0	0	lawnoria.com/brick-backyard/	0
backyard jacuzzi	room-ideas	Garden/Outdoor	1	46	46	0	0	0	lawnoria.com/backyard-jacuzzi/	0
backyard wall ideas	room-ideas	Garden/Outdoor	1	46	46	7	15.22	6.35	lawnoria.com/backyard-wall-ideas/	7
backyard porch	room-ideas	Garden/Outdoor	1	45	45	1	2.22	0.92	lawnoria.com/backyard-porch/	1
backyard pool cabana	room-ideas	Garden/Outdoor	1	44	44	1	2.27	0.94	lawnoria.com/backyard-pool-cabana/	1
backyard sidewalk ideas	room-ideas	Garden/Outdoor	1	39	39	1	2.56	1.02	lawnoria.com/backyard-sidewalk-ideas/	1
backyard living spaces	room-ideas	Garden/Outdoor	1	30	30	1	3.33	1.24	lawnoria.com/backyard-living-spaces/	1
backyard oasis	room-ideas	Garden/Outdoor	1	30	30	1	3.33	1.24	lawnoria.com/backyard-oasis/	1
backyard chicken coop	room-ideas	Garden/Outdoor	1	25	25	0	0	0	lawnoria.com/backyard-chicken-coop/	0
tension rod curtain ideas	product-specific	Garden/Outdoor	1	25	25	0	0	0	lawnoria.com/tension-rod-curtain-ideas/	0
backyard bbq area	room-ideas	Garden/Outdoor	1	20	20	0	0	0	lawnoria.com/backyard-bbq-area/	0
backyard patio inspiration	room-ideas	Garden/Outdoor	1	20	20	1	5	1.65	lawnoria.com/backyard-patio-inspiration/	1
backyard deck ideas	room-ideas	Garden/Outdoor	1	19	19	0	0	0	lawnoria.com/backyard-deck-ideas/	0
kitchen cabinet hardware ideas	product-specific	Garden/Outdoor	1	18	18	6	33.33	10.63	lawnoria.com/kitchen-cabinet-hardware-ideas/	6
pool in backyard	room-ideas	Garden/Outdoor	1	18	18	0	0	0	lawnoria.com/pool-in-backyard/	0
kitchen corner cabinet ideas	product-specific	Garden/Outdoor	2	70	35	0	0	0	lawnoria.com/kitchen-corner-cabinet-ideas/	0
galley kitchen ideas	room-ideas	Garden/Outdoor	1	15	15	0	0	0	lawnoria.com/galley-kitchen-ideas/	0
kitchen color ideas	room-ideas	Garden/Outdoor	1	15	15	0	0	0	lawnoria.com/kitchen-color-ideas/	0
gazebo backyard ideas	room-ideas	Garden/Outdoor	1	14	14	2	14.29	4.19	lawnoria.com/gazebo-backyard-ideas/	2
backyard above ground pool ideas	room-ideas	Garden/Outdoor	1	13	13	0	0	0	lawnoria.com/backyard-above-ground-pool-ideas/	0
kitchen flooring ideas	room-ideas	Garden/Outdoor	1	13	13	0	0	0	lawnoria.com/kitchen-flooring-ideas/	0
bay window ideas living room	room-ideas	Garden/Outdoor	1	12	12	0	0	0	lawnoria.com/bay-window-ideas-living-room/	0
pool backyard	room-ideas	Garden/Outdoor	1	12	12	0	0	0	lawnoria.com/pool-backyard/	0
large bedroom ideas	room-ideas	Garden/Outdoor	1	11	11	0	0	0	lawnoria.com/large-bedroom-ideas/	0
backyard sitting area ideas	room-ideas	Garden/Outdoor	1	10	10	2	20	5.19	lawnoria.com/backyard-sitting-area-ideas/	2
backyard diy ideas	room-ideas	Garden/Outdoor	1	9	9	3	33.33	8.31	lawnoria.com/backyard-diy-ideas/	3
living room wall paneling ideas	room-ideas	Garden/Outdoor	1	9	9	4	44.44	11.08	lawnoria.com/living-room-wall-paneling-ideas/	4
bathroom towel hanging ideas	product-specific	Home Decor	1	20	20	0	0	0	homedeza.com/bathroom-towel-hanging-ideas/	0
black bathroom	room-ideas	Home Decor	1	4	4	1	25	4.99	homedeza.com/black-bathroom/	1
swing arm curtain rod ideas	product-specific	Home Decor	1	4	4	3	75	14.97	homedeza.com/swing-arm-curtain-rod-ideas/	3
small bathroom storage	room-ideas	Home Decor	1	2	2	1	50	6.81	homedeza.com/small-bathroom-storage/	1
leftover lamb recipes	food-baking	Food/Recipe	1	280	280	0	0	0	amazingteamnames.com/leftover-lamb-recipes/	0
ground lamb recipes easy	food-baking	Food/Recipe	1	162	162	2	1.23	2.81	amazingteamnames.com/ground-lamb-recipes-easy/	2
lamb sirloin steak recipes	food-baking	Food/Recipe	1	130	130	0	0	0	amazingteamnames.com/lamb-sirloin-steak-recipes/	0
lamb sauce recipes	food-baking	Food/Recipe	1	74	74	0	0	0	amazingteamnames.com/lamb-sauce-recipes/	0
leg of lamb sauce recipes	food-baking	Food/Recipe	2	649	325	16	2.47	6.42	saucybold.com/leg-of-lamb-sauce-recipes/	12
lamb sandwich recipes	food-baking	Food/Recipe	1	61	61	0	0	0	amazingteamnames.com/lamb-sandwich-recipes/	0
vegan high volume low calorie recipes	food-baking	Food/Recipe	1	54	54	3	5.56	10.01	amazingteamnames.com/vegan-high-volume-low-calorie-recipes/	3
recipes with ground lamb meat	food-baking	Food/Recipe	1	46	46	0	0	0	amazingteamnames.com/recipes-with-ground-lamb-meat/	0
lamb steak recipes	food-baking	Food/Recipe	1	44	44	1	2.27	3.88	amazingteamnames.com/lamb-steak-recipes/	1
potatoes recipes healthy	food-baking	Food/Recipe	1	43	43	0	0	0	amazingteamnames.com/potatoes-recipes-healthy/	0
lamb mince recipes	food-baking	Food/Recipe	1	32	32	0	0	0	amazingteamnames.com/lamb-mince-recipes/	0
easy bariatric dinner recipes	food-baking	Food/Recipe	1	29	29	0	0	0	amazingteamnames.com/easy-bariatric-dinner-recipes/	0
lamb soup recipes	food-baking	Food/Recipe	1	28	28	0	0	0	amazingteamnames.com/lamb-soup-recipes/	0
lamb loin recipes	food-baking	Food/Recipe	1	27	27	0	0	0	amazingteamnames.com/lamb-loin-recipes/	0
brazilian salad recipes	food-baking	Food/Recipe	1	23	23	1	4.35	6.21	amazingteamnames.com/brazilian-salad-recipes/	1
lamb liver recipes	food-baking	Food/Recipe	1	23	23	0	0	0	amazingteamnames.com/lamb-liver-recipes/	0
leg of lamb recipes	food-baking	Food/Recipe	1	23	23	0	0	0	amazingteamnames.com/leg-of-lamb-recipes/	0
lamb sirloin recipes	food-baking	Food/Recipe	1	22	22	0	0	0	amazingteamnames.com/lamb-sirloin-recipes/	0
lamb leg steak recipes	food-baking	Food/Recipe	1	21	21	0	0	0	amazingteamnames.com/lamb-leg-steak-recipes/	0
ground lamb dinner recipes	food-baking	Food/Recipe	1	20	20	0	0	0	amazingteamnames.com/ground-lamb-dinner-recipes/	0
leg of lamb marinade recipes	food-baking	Food/Recipe	1	20	20	2	10	13.67	amazingteamnames.com/leg-of-lamb-marinade-recipes/	2
rabbit dinner recipes	food-baking	Food/Recipe	1	20	20	1	5	6.84	amazingteamnames.com/rabbit-dinner-recipes/	1
minced lamb recipes healthy	food-baking	Food/Recipe	1	19	19	0	0	0	amazingteamnames.com/minced-lamb-recipes-healthy/	0
lamb chop and pasta recipes	food-baking	Food/Recipe	1	18	18	0	0	0	amazingteamnames.com/lamb-chop-and-pasta-recipes/	0
ottolenghi lamb recipes	food-baking	Food/Recipe	1	18	18	0	0	0	amazingteamnames.com/ottolenghi-lamb-recipes/	0
healthy sardine recipes	food-baking	Food/Recipe	1	15	15	0	0	0	amazingteamnames.com/healthy-sardine-recipes/	0
lamb pieces recipes	food-baking	Food/Recipe	1	15	15	0	0	0	amazingteamnames.com/lamb-pieces-recipes/	0
middle eastern ground lamb recipes	food-baking	Food/Recipe	1	15	15	0	0	0	amazingteamnames.com/middle-eastern-ground-lamb-recipes/	0
quick lamb recipes	food-baking	Food/Recipe	1	13	13	0	0	0	amazingteamnames.com/quick-lamb-recipes/	0
semi boneless leg of lamb recipes	food-baking	Food/Recipe	1	13	13	0	0	0	amazingteamnames.com/semi-boneless-leg-of-lamb-recipes/	0
healthy lamb chop recipes	food-baking	Food/Recipe	1	12	12	0	0	0	amazingteamnames.com/healthy-lamb-chop-recipes/	0
lamb crockpot recipes	food-baking	Food/Recipe	1	12	12	0	0	0	amazingteamnames.com/lamb-crockpot-recipes/	0
watercress recipes salad	food-baking	Food/Recipe	1	12	12	0	0	0	amazingteamnames.com/watercress-recipes-salad/	0
healthy hearty dinner recipes	food-baking	Food/Recipe	1	11	11	0	0	0	amazingteamnames.com/healthy-hearty-dinner-recipes/	0
healthy jelly recipes	food-baking	Food/Recipe	1	11	11	0	0	0	amazingteamnames.com/healthy-jelly-recipes/	0
vegan ninja creami recipes	food-baking	Food/Recipe	1	57	57	1	1.75	3.19	flavorcurry.com/vegan-ninja-creami-recipes/	1
vegan puff pastry recipes	food-baking	Food/Recipe	1	37	37	0	0	0	flavorcurry.com/vegan-puff-pastry-recipes/	0
trader joes red curry sauce recipes	food-baking	Food/Recipe	1	27	27	0	0	0	flavorcurry.com/trader-joes-red-curry-sauce-recipes/	0
butter dessert recipes	food-baking	Food/Recipe	1	24	24	0	0	0	flavorcurry.com/no-butter-dessert-recipes/	0
pork curry recipes slow cooker	food-baking	Food/Recipe	1	21	21	0	0	0	flavorcurry.com/pork-curry-recipes-slow-cooker/	0
curry recipes without coconut milk	food-baking	Food/Recipe	1	19	19	0	0	0	flavorcurry.com/curry-recipes-without-coconut-milk/	0
dairy free keto recipes	food-baking	Food/Recipe	1	17	17	0	0	0	flavorcurry.com/dairy-free-keto-recipes/	0
sri lankan fish curry recipes	food-baking	Food/Recipe	1	17	17	1	5.88	7.63	flavorcurry.com/sri-lankan-fish-curry-recipes/	1
sri lankan vegetable curry recipes	food-baking	Food/Recipe	1	17	17	0	0	0	flavorcurry.com/sri-lankan-vegetable-curry-recipes/	0
tofu recipes vegan	food-baking	Food/Recipe	1	16	16	0	0	0	flavorcurry.com/tofu-recipes-vegan/	0
air fryer keto recipes	food-baking	Food/Recipe	1	15	15	0	0	0	flavorcurry.com/air-fryer-keto-recipes/	0
curry fish recipes south africa	food-baking	Food/Recipe	1	13	13	0	0	0	flavorcurry.com/curry-fish-recipes-south-africa/	0
lamb curry recipes south africa	food-baking	Food/Recipe	1	13	13	0	0	0	flavorcurry.com/lamb-curry-recipes-south-africa/	0
chicken leg curry recipes	food-baking	Food/Recipe	1	12	12	0	0	0	flavorcurry.com/chicken-leg-curry-recipes/	0
seafood curry recipes coconut milk	food-baking	Food/Recipe	1	12	12	0	0	0	flavorcurry.com/seafood-curry-recipes-coconut-milk/	0
vegan japanese recipes	food-baking	Food/Recipe	1	12	12	0	0	0	flavorcurry.com/vegan-japanese-recipes/	0
curry ramen noodle recipes	food-baking	Food/Recipe	1	11	11	0	0	0	flavorcurry.com/curry-ramen-noodle-recipes/	0
golden curry sauce mix recipes	food-baking	Food/Recipe	1	11	11	0	0	0	flavorcurry.com/golden-curry-sauce-mix-recipes/	0
vegan low calorie recipes	food-baking	Food/Recipe	1	11	11	0	0	0	flavorcurry.com/vegan-low-calorie-recipes/	0
heavy cream recipes dessert	food-baking	Food/Recipe	1	279	279	1	0.36	0.91	flavorcocktail.com/heavy-cream-recipes-dessert/	1
egg dessert recipes	food-baking	Food/Recipe	1	105	105	0	0	0	flavorcocktail.com/egg-dessert-recipes/	0
okra recipes healthy	food-baking	Food/Recipe	1	47	47	0	0	0	flavorcocktail.com/okra-recipes-healthy/	0
paleo recipes dinner easy	food-baking	Food/Recipe	1	44	44	0	0	0	flavorcocktail.com/paleo-recipes-dinner-easy/	0
freezer door cocktail recipes	food-baking	Food/Recipe	1	34	34	0	0	0	flavorcocktail.com/freezer-door-cocktail-recipes/	0
bacardi limon drinks cocktail recipes	food-baking	Food/Recipe	1	26	26	0	0	0	flavorcocktail.com/bacardi-limon-drinks-cocktail-recipes/	0
gin basil smash cocktail recipes	food-baking	Food/Recipe	1	21	21	0	0	0	flavorcocktail.com/gin-basil-smash-cocktail-recipes/	0
mango recipes healthy	food-baking	Food/Recipe	1	20	20	2	10	13.67	flavorcocktail.com/mango-recipes-healthy/	2
canned fruit cocktail recipes	food-baking	Food/Recipe	1	19	19	0	0	0	flavorcocktail.com/canned-fruit-cocktail-recipes/	0
st germain and gin cocktail recipes	food-baking	Food/Recipe	1	19	19	0	0	0	flavorcocktail.com/st-germain-and-gin-cocktail-recipes/	0
cocktail recipes south africa	food-baking	Food/Recipe	1	18	18	0	0	0	flavorcocktail.com/cocktail-recipes-south-africa/	0
absolute mandarin vodka cocktail recipes	food-baking	Food/Recipe	1	16	16	0	0	0	flavorcocktail.com/absolute-mandarin-vodka-cocktail-recipes/	0
keto smoked salmon recipes	food-baking	Food/Recipe	1	14	14	0	0	0	flavorcocktail.com/keto-smoked-salmon-recipes/	0
lake water drink cocktail recipes	food-baking	Food/Recipe	1	13	13	0	0	0	flavorcocktail.com/lake-water-drink-cocktail-recipes/	0
maple old fashioned recipes cocktail	food-baking	Food/Recipe	1	11	11	0	0	0	flavorcocktail.com/maple-old-fashioned-recipes-cocktail/	0
cocktail recipes	food-baking	Food/Recipe	1	20	20	0	0	0	flavorcocktail.com/cocktail-recipes/	0
appetizer recipes for pizza party	food-baking	Food/Recipe	1	36	36	0	0	0	pizzaluno.com/appetizer-recipes-for-pizza-party/	0
ninja pizza oven recipes	food-baking	Food/Recipe	1	34	34	0	0	0	pizzaluno.com/ninja-pizza-oven-recipes/	0
pizza dough self rising flour recipes	food-baking	Food/Recipe	1	18	18	0	0	0	pizzaluno.com/pizza-dough-self-rising-flour-recipes/	0
recipes with pizza sauce	food-baking	Food/Recipe	1	20	20	0	0	0	pizzaluno.com/recipes-with-pizza-sauce/	0
garlic naan pizza recipes	food-baking	Food/Recipe	1	16	16	0	0	0	pizzaluno.com/garlic-naan-pizza-recipes/	0
goat cheese pizza recipes	food-baking	Food/Recipe	1	16	16	0	0	0	pizzaluno.com/goat-cheese-pizza-recipes/	0
ooni recipes not pizza	food-baking	Food/Recipe	1	16	16	0	0	0	pizzaluno.com/ooni-recipes-not-pizza/	0
pillsbury pizza crust recipes appetizers	food-baking	Food/Recipe	1	16	16	0	0	0	pizzaluno.com/pillsbury-pizza-crust-recipes-appetizers/	0
appetizer recipes with pizza dough	food-baking	Food/Recipe	1	15	15	0	0	0	pizzaluno.com/appetizer-recipes-with-pizza-dough/	0
pizza dough dessert recipes	food-baking	Food/Recipe	1	12	12	0	0	0	pizzaluno.com/pizza-dough-dessert-recipes/	0
pizza recipes ideas	food-baking	Food/Recipe	1	12	12	0	0	0	pizzaluno.com/pizza-recipes-ideas/	0
corn tortilla pizza recipes	food-baking	Food/Recipe	1	12	12	0	0	0	pizzaluno.com/corn-tortilla-pizza-recipes/	0
vegan flatbread pizza recipes	food-baking	Food/Recipe	1	11	11	0	0	0	pizzaluno.com/vegan-flatbread-pizza-recipes/	0
paleo recipes high protein	food-baking	Food/Recipe	1	61	61	0	0	0	paleofeul.com/paleo-recipes-high-protein/	0
paleo ground beef recipes	food-baking	Food/Recipe	1	28	28	0	0	0	paleofeul.com/paleo-ground-beef-recipes/	0
paleo low fodmap recipes	food-baking	Food/Recipe	1	28	28	1	3.57	5.4	paleofeul.com/paleo-low-fodmap-recipes/	1
one pot paleo recipes	product-specific	Food/Recipe	1	23	23	0	0	0	paleofeul.com/one-pot-paleo-recipes/	0
paleo chocolate dessert recipes	food-baking	Food/Recipe	1	21	21	0	0	0	paleofeul.com/paleo-chocolate-dessert-recipes/	0
paleo recipes on the go	food-baking	Food/Recipe	1	21	21	1	4.76	6.61	paleofeul.com/paleo-recipes-on-the-go/	1
aip chicken recipes autoimmune paleo	food-baking	Food/Recipe	1	19	19	0	0	0	paleofeul.com/aip-chicken-recipes-autoimmune-paleo/	0
aip ground beef recipes autoimmune paleo	food-baking	Food/Recipe	1	17	17	2	11.76	15.26	paleofeul.com/aip-ground-beef-recipes-autoimmune-paleo/	2
paleo sheet pan recipes 2	product-specific	Food/Recipe	1	17	17	0	0	0	paleofeul.com/paleo-sheet-pan-recipes-2/	0
paleo coconut flour recipes	food-baking	Food/Recipe	1	16	16	0	0	0	paleofeul.com/paleo-coconut-flour-recipes/	0
paleo nightshade free recipes	food-baking	Food/Recipe	1	15	15	0	0	0	paleofeul.com/paleo-nightshade-free-recipes/	0
instant pot recipes paleo whole 30	product-specific	Food/Recipe	1	16	16	0	0	0	paleofeul.com/instant-pot-recipes-paleo-whole-30/	0
paleo sweet potato recipes	food-baking	Food/Recipe	1	14	14	0	0	0	paleofeul.com/paleo-sweet-potato-recipes/	0
aip paleo lunch easy recipes	food-baking	Food/Recipe	1	13	13	0	0	0	paleofeul.com/aip-paleo-lunch-easy-recipes/	0
paleo side dish recipes	food-baking	Food/Recipe	1	12	12	0	0	0	paleofeul.com/paleo-side-dish-recipes/	0
low carb paleo recipes breakfast	food-baking	Food/Recipe	1	11	11	0	0	0	paleofeul.com/low-carb-paleo-recipes-breakfast/	0
paleo ice cream recipes	food-baking	Food/Recipe	1	7	7	1	14.29	13.34	paleofeul.com/paleo-ice-cream-recipes/	1
paleo chicken soup recipes	food-baking	Food/Recipe	1	6	6	1	16.67	14.57	paleofeul.com/paleo-chicken-soup-recipes/	1
ramen noodle casserole recipes	food-baking	Food/Recipe	1	70	70	0	0	0	ramenora.com/ramen-noodle-casserole-recipes/	0
best instant ramen recipes	food-baking	Food/Recipe	1	52	52	0	0	0	ramenora.com/best-instant-ramen-recipes/	0
fancy top ramen recipes	outfit-style	Food/Recipe	1	37	37	0	0	0	ramenora.com/fancy-top-ramen-recipes/	0
ramen soup recipes easy	food-baking	Food/Recipe	1	32	32	0	0	0	ramenora.com/ramen-soup-recipes-easy/	0
rice ramen noodles recipes	food-baking	Food/Recipe	1	32	32	0	0	0	ramenora.com/rice-ramen-noodles-recipes/	0
ramen noodle recipes with egg	food-baking	Food/Recipe	1	29	29	0	0	0	ramenora.com/ramen-noodle-recipes-with-egg/	0
salmon ramen recipes	food-baking	Food/Recipe	1	28	28	0	0	0	ramenora.com/salmon-ramen-recipes/	0
creamy ramen noodle recipes coconut milk	food-baking	Food/Recipe	1	34	34	0	0	0	ramenora.com/creamy-ramen-noodle-recipes-coconut-milk/	0
creamy ramen noodle recipes	food-baking	Food/Recipe	1	23	23	0	0	0	ramenora.com/creamy-ramen-noodle-recipes/	0
lotus foods rice ramen noodle recipes	food-baking	Food/Recipe	1	21	21	0	0	0	ramenora.com/lotus-foods-rice-ramen-noodle-recipes/	0
chicken ramen noodle casserole recipes	food-baking	Food/Recipe	1	16	16	0	0	0	ramenora.com/chicken-ramen-noodle-casserole-recipes/	0
cup of noodles hacks ramen recipes	food-baking	Food/Recipe	1	13	13	0	0	0	ramenora.com/cup-of-noodles-hacks-ramen-recipes/	0
leftover pork roast recipes	food-baking	Food/Recipe	1	290	290	2	0.69	1.76	porkydish.com/leftover-pork-roast-recipes/	2
leftover pork chop recipes	food-baking	Food/Recipe	1	204	204	1	0.49	1.17	porkydish.com/leftover-pork-chop-recipes/	1
leftover pork ribs recipes	food-baking	Food/Recipe	1	141	141	2	1.42	3.16	porkydish.com/leftover-pork-ribs-recipes/	2
pork shoulder steak recipes	food-baking	Food/Recipe	1	144	144	0	0	0	porkydish.com/pork-shoulder-steak-recipes/	0
pork chop casserole recipes	food-baking	Food/Recipe	1	111	111	0	0	0	porkydish.com/pork-chop-casserole-recipes/	0
pork chop sauce recipes	food-baking	Food/Recipe	1	87	87	1	1.15	2.31	porkydish.com/pork-chop-sauce-recipes/	1
ground pork sausage recipes dinner easy meals	food-baking	Food/Recipe	1	95	95	0	0	0	porkydish.com/ground-pork-sausage-recipes-dinner-easy-meals/	0
pork loin brine recipes	food-baking	Food/Recipe	1	72	72	1	1.39	2.68	porkydish.com/pork-loin-brine-recipes/	1
grilled boneless pork chop recipes	food-baking	Food/Recipe	1	65	65	0	0	0	porkydish.com/grilled-boneless-pork-chop-recipes/	0
pork tenderloin soup recipes	food-baking	Food/Recipe	1	62	62	0	0	0	porkydish.com/pork-tenderloin-soup-recipes/	0
baked pork chop recipes boneless	food-baking	Food/Recipe	1	59	59	0	0	0	porkydish.com/baked-pork-chop-recipes-boneless/	0
bbq pork belly recipes	food-baking	Food/Recipe	1	53	53	0	0	0	porkydish.com/bbq-pork-belly-recipes/	0
recipes with pork shoulder	food-baking	Food/Recipe	1	47	47	0	0	0	porkydish.com/recipes-with-pork-shoulder/	0
pork and cabbage recipes	food-baking	Food/Recipe	1	44	44	0	0	0	porkydish.com/pork-and-cabbage-recipes/	0
chinese pork chop recipes	food-baking	Food/Recipe	1	37	37	0	0	0	porkydish.com/chinese-pork-chop-recipes/	0
ground pork pasta recipes	food-baking	Food/Recipe	1	44	44	0	0	0	porkydish.com/ground-pork-pasta-recipes/	0
grilled pork belly recipes	food-baking	Food/Recipe	1	34	34	1	2.94	4.69	porkydish.com/grilled-pork-belly-recipes/	1
healthy ground pork recipes	food-baking	Food/Recipe	1	33	33	0	0	0	porkydish.com/healthy-ground-pork-recipes/	0
ground pork and rice recipes	food-baking	Food/Recipe	1	27	27	0	0	0	porkydish.com/ground-pork-and-rice-recipes/	0
italian pork sausage recipes	food-baking	Food/Recipe	1	25	25	1	4	5.85	porkydish.com/italian-pork-sausage-recipes/	1
healthy pork chop recipes	food-baking	Food/Recipe	1	24	24	1	4.17	6.03	porkydish.com/healthy-pork-chop-recipes/	1
mexican pork loin recipes	food-baking	Food/Recipe	1	22	22	0	0	0	porkydish.com/mexican-pork-loin-recipes/	0
chinese ground pork recipes	food-baking	Food/Recipe	1	20	20	1	5	6.84	porkydish.com/chinese-ground-pork-recipes/	1
healthy pulled pork recipes	food-baking	Food/Recipe	1	18	18	1	5.56	7.35	porkydish.com/healthy-pulled-pork-recipes/	1
pork stir fry recipes	food-baking	Food/Recipe	1	18	18	0	0	0	porkydish.com/pork-stir-fry-recipes/	0
quick pork loin recipes	food-baking	Food/Recipe	1	18	18	0	0	0	porkydish.com/quick-pork-loin-recipes/	0
pulled pork recipes slow cooker	food-baking	Food/Recipe	1	14	14	0	0	0	porkydish.com/pulled-pork-recipes-slow-cooker/	0
pork belly recipes easy	food-baking	Food/Recipe	1	13	13	1	7.69	9.11	porkydish.com/pork-belly-recipes-easy/	1
asian pork shoulder recipes	food-baking	Food/Recipe	1	12	12	1	8.33	9.6	porkydish.com/asian-pork-shoulder-recipes/	1
keto ground pork recipes	food-baking	Food/Recipe	1	12	12	0	0	0	porkydish.com/keto-ground-pork-recipes/	0
recipes with pork chops	food-baking	Food/Recipe	1	12	12	0	0	0	porkydish.com/recipes-with-pork-chops/	0
shredded pork sandwich recipes	food-baking	Food/Recipe	1	12	12	0	0	0	porkydish.com/shredded-pork-sandwich-recipes/	0
sugar free pudding pie recipes	food-baking	Food/Recipe	1	1312	1312	62	4.73	15.25	piejourney.com/sugar-free-pudding-pie-recipes/	62
frozen pie crust recipes dinner	food-baking	Food/Recipe	1	106	106	0	0	0	piejourney.com/frozen-pie-crust-recipes-dinner/	0
bake cheesecake pie recipes	food-baking	Food/Recipe	1	108	108	1	0.93	1.96	piejourney.com/no-bake-cheesecake-pie-recipes/	1
pillsbury mini pie crusts recipes	food-baking	Food/Recipe	1	102	102	1	0.98	2.04	piejourney.com/pillsbury-mini-pie-crusts-recipes/	1
pie recipes with premade crust	food-baking	Food/Recipe	1	88	88	2	2.27	4.58	piejourney.com/pie-recipes-with-premade-crust/	2
gluten free dairy free pie recipes	food-baking	Food/Recipe	1	85	85	1	1.18	2.36	piejourney.com/gluten-free-dairy-free-pie-recipes/	1
appetizer recipes with pie crust	food-baking	Food/Recipe	1	76	76	1	1.32	2.57	piejourney.com/appetizer-recipes-with-pie-crust/	1
pampered chef hand pie maker recipes	food-baking	Food/Recipe	1	75	75	0	0	0	piejourney.com/pampered-chef-hand-pie-maker-recipes/	0
recipes with raspberry pie filling	food-baking	Food/Recipe	1	78	78	3	3.85	7.55	piejourney.com/recipes-with-raspberry-pie-filling/	3
recipes that use pie crust	food-baking	Food/Recipe	1	63	63	1	1.59	2.97	piejourney.com/recipes-that-use-pie-crust/	1
jello lemon pie filling recipes	food-baking	Food/Recipe	1	51	51	0	0	0	piejourney.com/jello-lemon-pie-filling-recipes/	0
dash mini pie maker recipes	food-baking	Food/Recipe	1	48	48	1	2.08	3.64	piejourney.com/dash-mini-pie-maker-recipes/	1
recipes with mini pie crust	food-baking	Food/Recipe	1	45	45	1	2.22	3.82	piejourney.com/recipes-with-mini-pie-crust/	1
recipes using pillsbury pie crust	food-baking	Food/Recipe	1	44	44	0	0	0	piejourney.com/recipes-using-pillsbury-pie-crust/	0
recipes with blueberry pie filling	food-baking	Food/Recipe	1	40	40	0	0	0	piejourney.com/recipes-with-blueberry-pie-filling/	0
recipes with apple pie filling	food-baking	Food/Recipe	1	38	38	0	0	0	piejourney.com/recipes-with-apple-pie-filling/	0
recipes using peach pie filling	food-baking	Food/Recipe	1	38	38	0	0	0	piejourney.com/recipes-using-peach-pie-filling/	0
canned apple pie filling recipes desserts	food-baking	Food/Recipe	1	27	27	1	3.7	5.54	piejourney.com/canned-apple-pie-filling-recipes-desserts/	1
pie recipes	food-baking	Food/Recipe	1	23	23	0	0	0	piejourney.com/pie-recipes/	0
lucky leaf peach pie filling recipes	food-baking	Food/Recipe	1	19	19	2	10.53	14.17	piejourney.com/lucky-leaf-peach-pie-filling-recipes/	2
leftover chicken pot pie recipes	product-specific	Food/Recipe	1	21	21	0	0	0	piejourney.com/leftover-chicken-pot-pie-recipes/	0
spinach quiche recipes easy pie crusts	food-baking	Food/Recipe	1	17	17	0	0	0	piejourney.com/spinach-quiche-recipes-easy-pie-crusts/	0
pie crust recipes for dinner	food-baking	Food/Recipe	1	16	16	0	0	0	piejourney.com/pie-crust-recipes-for-dinner/	0
recipes with cherry pie filling	food-baking	Food/Recipe	1	14	14	0	0	0	piejourney.com/recipes-with-cherry-pie-filling/	0
cream pie recipes no bake	food-baking	Food/Recipe	1	12	12	0	0	0	piejourney.com/cream-pie-recipes-no-bake/	0
canned pumpkin pie filling recipes desserts	food-baking	Food/Recipe	1	10	10	1	10	10.77	piejourney.com/canned-pumpkin-pie-filling-recipes-desserts/	1
lucky leaf lemon pie filling recipes	food-baking	Food/Recipe	1	13	13	0	0	0	piejourney.com/lucky-leaf-lemon-pie-filling-recipes/	0
tart cherry pie filling recipes	food-baking	Food/Recipe	1	6	6	1	16.67	14.57	piejourney.com/tart-cherry-pie-filling-recipes/	1
mediterranean diet recipes no seafood	food-baking	Food/Recipe	1	200	200	0	0	0	seaavor.com/mediterranean-diet-recipes-no-seafood/	0
seafood recipes for a crowd	food-baking	Food/Recipe	1	101	101	0	0	0	seaavor.com/seafood-recipes-for-a-crowd/	0
recipes using seafood broth	food-baking	Food/Recipe	1	68	68	0	0	0	seaavor.com/recipes-using-seafood-broth/	0
shell fish recipes seafood dishes	food-baking	Food/Recipe	1	45	45	0	0	0	seaavor.com/shell-fish-recipes-seafood-dishes/	0
middle eastern seafood recipes	food-baking	Food/Recipe	1	41	41	1	2.44	4.1	seaavor.com/middle-eastern-seafood-recipes/	1
seafood puff pastry recipes	food-baking	Food/Recipe	1	34	34	0	0	0	seaavor.com/seafood-puff-pastry-recipes/	0
ina garten seafood recipes	food-baking	Food/Recipe	1	26	26	0	0	0	seaavor.com/ina-garten-seafood-recipes/	0
seafood recipes for dinner for two	food-baking	Food/Recipe	1	27	27	0	0	0	seaavor.com/seafood-recipes-for-dinner-for-two/	0
aldi seafood mix recipes	food-baking	Food/Recipe	1	23	23	0	0	0	seaavor.com/aldi-seafood-mix-recipes/	0
best seafood platter recipes	food-baking	Food/Recipe	1	23	23	0	0	0	seaavor.com/best-seafood-platter-recipes/	0
seafood dipping sauce recipes	food-baking	Food/Recipe	1	18	18	0	0	0	seaavor.com/seafood-dipping-sauce-recipes/	0
easy seafood recipes for a crowd	food-baking	Food/Recipe	1	17	17	0	0	0	seaavor.com/easy-seafood-recipes-for-a-crowd/	0
seafood and vegetable recipes	food-baking	Food/Recipe	1	14	14	0	0	0	seaavor.com/seafood-and-vegetable-recipes/	0
seafood fettuccine alfredo recipes	food-baking	Food/Recipe	1	14	14	0	0	0	seaavor.com/seafood-fettuccine-alfredo-recipes/	0
sous vide recipes seafood	food-baking	Food/Recipe	1	12	12	1	8.33	9.6	seaavor.com/sous-vide-recipes-seafood/	1
pellet grill seafood recipes	food-baking	Food/Recipe	1	9	9	1	11.11	11.49	seaavor.com/pellet-grill-seafood-recipes/	1
bariatric full liquid soup recipes	food-baking	Food/Recipe	1	432	432	20	4.63	12.62	soupyday.com/bariatric-full-liquid-soup-recipes/	20
recipes with cream of celery soup	food-baking	Food/Recipe	1	171	171	1	0.58	1.34	soupyday.com/recipes-with-cream-of-celery-soup/	1
recipes using canned cheddar cheese soup	food-baking	Food/Recipe	1	155	155	1	0.65	1.47	soupyday.com/recipes-using-canned-cheddar-cheese-soup/	1
mason jar dry soup mix recipes	food-baking	Food/Recipe	1	96	96	2	2.08	4.27	soupyday.com/mason-jar-dry-soup-mix-recipes/	2
ninja blender and soup maker recipes	product-specific	Food/Recipe	1	84	84	0	0	0	soupyday.com/ninja-blender-and-soup-maker-recipes/	0
dried vegetable soup mix recipes	food-baking	Food/Recipe	1	63	63	2	3.17	5.92	soupyday.com/dried-vegetable-soup-mix-recipes/	2
recipes using french onion soup	food-baking	Food/Recipe	1	54	54	0	0	0	soupyday.com/recipes-using-french-onion-soup/	0
recipes using lipton onion soup	food-baking	Food/Recipe	1	45	45	0	0	0	soupyday.com/recipes-using-lipton-onion-soup/	0
recipes with cream of broccoli soup	food-baking	Food/Recipe	1	33	33	0	0	0	soupyday.com/recipes-with-cream-of-broccoli-soup/	0
recipes using broccoli cheese soup	food-baking	Food/Recipe	1	33	33	0	0	0	soupyday.com/recipes-using-broccoli-cheese-soup/	0
optavia lean and green recipes 51 chicken enchilada soup	food-baking	Food/Recipe	1	28	28	0	0	0	soupyday.com/optavia-lean-and-green-recipes-51-chicken-enchilada-soup/	0
pampered chef blender soup recipes	product-specific	Food/Recipe	1	25	25	0	0	0	soupyday.com/pampered-chef-blender-soup-recipes/	0
bread recipes to go with soup	food-baking	Food/Recipe	1	23	23	0	0	0	soupyday.com/bread-recipes-to-go-with-soup/	0
recipes with cream of potato soup	food-baking	Food/Recipe	1	23	23	0	0	0	soupyday.com/recipes-with-cream-of-potato-soup/	0
healthy soup recipes clean eating crock pot	product-specific	Food/Recipe	1	22	22	0	0	0	soupyday.com/healthy-soup-recipes-clean-eating-crock-pot/	0
gluten free crock pot soup recipes	product-specific	Food/Recipe	1	18	18	0	0	0	soupyday.com/gluten-free-crock-pot-soup-recipes/	0
canned french onion soup recipes	food-baking	Food/Recipe	1	17	17	0	0	0	soupyday.com/canned-french-onion-soup-recipes/	0
instant pot soup recipes gluten free	product-specific	Food/Recipe	1	17	17	0	0	0	soupyday.com/instant-pot-soup-recipes-gluten-free/	0
healthy soup recipes for diabetics	food-baking	Food/Recipe	1	16	16	0	0	0	soupyday.com/healthy-soup-recipes-for-diabetics/	0
keto low carb soup recipes	food-baking	Food/Recipe	1	16	16	0	0	0	soupyday.com/keto-low-carb-soup-recipes/	0
fresh green bean soup recipes	food-baking	Food/Recipe	1	12	12	0	0	0	soupyday.com/fresh-green-bean-soup-recipes/	0
old fashioned vegetable soup recipes	food-baking	Food/Recipe	1	12	12	0	0	0	soupyday.com/old-fashioned-vegetable-soup-recipes/	0
leftover taco meat recipes casseroles	food-baking	Food/Recipe	1	59	59	1	1.69	3.11	tacoflair.com/leftover-taco-meat-recipes-casseroles/	1
taco dessert ideas easy recipes	food-baking	Food/Recipe	1	40	40	0	0	0	tacoflair.com/taco-dessert-ideas-easy-recipes/	0
recipes using soft taco shells	food-baking	Food/Recipe	1	31	31	0	0	0	tacoflair.com/recipes-using-soft-taco-shells/	0
recipes with taco shells	food-baking	Food/Recipe	1	28	28	1	3.57	5.4	tacoflair.com/recipes-with-taco-shells/	1
top round steak taco recipes	outfit-style	Food/Recipe	1	27	27	0	0	0	tacoflair.com/top-round-steak-taco-recipes/	0
recipes with taco sauce	food-baking	Food/Recipe	1	19	19	0	0	0	tacoflair.com/recipes-with-taco-sauce/	0
ground beef taco seasoning recipes	food-baking	Food/Recipe	1	16	16	0	0	0	tacoflair.com/ground-beef-taco-seasoning-recipes/	0
mediterranean diet taco recipes	food-baking	Food/Recipe	1	16	16	3	18.75	23.86	tacoflair.com/mediterranean-diet-taco-recipes/	3
recipes taco bake casserole	food-baking	Food/Recipe	1	12	12	0	0	0	tacoflair.com/all-recipes-taco-bake-casserole/	0
easy dinner recipes with taco meat	food-baking	Food/Recipe	1	12	12	0	0	0	tacoflair.com/easy-dinner-recipes-with-taco-meat/	0
taco cabana copycat recipes	food-baking	Food/Recipe	1	12	12	0	0	0	tacoflair.com/taco-cabana-copycat-recipes/	0
ground beef taco skillet recipes	food-baking	Food/Recipe	1	11	11	0	0	0	tacoflair.com/ground-beef-taco-skillet-recipes/	0
recipes with taco meat	food-baking	Food/Recipe	1	11	11	0	0	0	tacoflair.com/recipes-with-taco-meat/	0
vegan taco bowl recipes	product-specific	Food/Recipe	1	11	11	0	0	0	tacoflair.com/vegan-taco-bowl-recipes/	0
chinese stir fry recipes	food-baking	Food/Recipe	1	155	155	2	1.29	2.93	stircrave.com/chinese-stir-fry-recipes/	2
recipes using coleslaw mix stir fry	food-baking	Food/Recipe	1	77	77	0	0	0	stircrave.com/recipes-using-coleslaw-mix-stir-fry/	0
leftover steak stir fry recipes	food-baking	Food/Recipe	1	17	17	0	0	0	stircrave.com/leftover-steak-stir-fry-recipes/	0
chicken broccoli stir fry recipes	food-baking	Food/Recipe	1	13	13	0	0	0	stircrave.com/chicken-broccoli-stir-fry-recipes/	0
pork stir fry recipes easy	food-baking	Food/Recipe	1	12	12	0	0	0	stircrave.com/pork-stir-fry-recipes-easy/	0
low cholesterol meal prep recipes	food-baking	Food/Recipe	1	1436	1436	17	1.18	3.85	mealssavvy.com/low-cholesterol-meal-prep-recipes/	17
meal prep recipes for college students	food-baking	Food/Recipe	1	115	115	0	0	0	mealssavvy.com/meal-prep-recipes-for-college-students/	0
healthy meal prep for picky eaters easy recipes	food-baking	Food/Recipe	1	78	78	0	0	0	mealssavvy.com/healthy-meal-prep-for-picky-eaters-easy-recipes/	0
air fryer meal prep recipes	food-baking	Food/Recipe	1	84	84	0	0	0	mealssavvy.com/air-fryer-meal-prep-recipes/	0
low calorie meal prep lunches easy recipes	food-baking	Food/Recipe	1	68	68	0	0	0	mealssavvy.com/low-calorie-meal-prep-lunches-easy-recipes/	0
bulking meal prep for men recipes	food-baking	Food/Recipe	1	63	63	0	0	0	mealssavvy.com/bulking-meal-prep-for-men-recipes/	0
ftdi recipes the camp meal prep	food-baking	Food/Recipe	1	60	60	0	0	0	mealssavvy.com/ftdi-recipes-the-camp-meal-prep/	0
mediterranean diet recipes meal prep	food-baking	Food/Recipe	1	48	48	1	2.08	3.64	mealssavvy.com/mediterranean-diet-recipes-meal-prep/	1
calorie deficit meal prep recipes	food-baking	Food/Recipe	1	54	54	0	0	0	mealssavvy.com/calorie-deficit-meal-prep-recipes/	0
meal prep to gain weight recipes	food-baking	Food/Recipe	1	35	35	0	0	0	mealssavvy.com/meal-prep-to-gain-weight-recipes/	0
egg white recipes breakfast meal prep	food-baking	Food/Recipe	1	34	34	0	0	0	mealssavvy.com/egg-white-recipes-breakfast-meal-prep/	0
ground turkey recipes healthy meal prep low carb	food-baking	Food/Recipe	1	30	30	0	0	0	mealssavvy.com/ground-turkey-recipes-healthy-meal-prep-low-carb/	0
gluten free dairy free recipes meal prep	food-baking	Food/Recipe	1	29	29	1	3.45	5.27	mealssavvy.com/gluten-free-dairy-free-recipes-meal-prep/	1
low calorie recipes meal prep	food-baking	Food/Recipe	1	28	28	0	0	0	mealssavvy.com/low-calorie-recipes-meal-prep/	0
ground chicken meal prep recipes	food-baking	Food/Recipe	1	22	22	0	0	0	mealssavvy.com/ground-chicken-meal-prep-recipes/	0
high protein vegetarian recipes meal prep	food-baking	Food/Recipe	2	240	120	1	0.42	0.9	veggiekitchenly.com/high-protein-vegetarian-recipes-meal-prep/	1
family meal prep for the week dinner easy recipes	food-baking	Food/Recipe	1	20	20	0	0	0	mealssavvy.com/family-meal-prep-for-the-week-dinner-easy-recipes/	0
high protein low calorie recipes meal prep	food-baking	Food/Recipe	1	20	20	0	0	0	mealssavvy.com/high-protein-low-calorie-recipes-meal-prep/	0
meal prep for diabetics type 2 recipes	food-baking	Food/Recipe	1	18	18	0	0	0	mealssavvy.com/meal-prep-for-diabetics-type-2-recipes/	0
gluten free meal prep recipes	food-baking	Food/Recipe	1	16	16	0	0	0	mealssavvy.com/gluten-free-meal-prep-recipes/	0
low calorie breakfast recipes meal prep	food-baking	Food/Recipe	1	15	15	0	0	0	mealssavvy.com/low-calorie-breakfast-recipes-meal-prep/	0
high protein chicken meal prep recipes	food-baking	Food/Recipe	1	11	11	0	0	0	mealssavvy.com/high-protein-chicken-meal-prep-recipes/	0
meal prep chicken thigh recipes	food-baking	Food/Recipe	1	11	11	0	0	0	mealssavvy.com/meal-prep-chicken-thigh-recipes/	0
meal prep to gain weight recipes men	food-baking	Food/Recipe	1	11	11	0	0	0	mealssavvy.com/meal-prep-to-gain-weight-recipes-men/	0
keto crockpot recipes	food-baking	Food/Recipe	1	3006	3006	22	0.73	2.63	eatlina.com/keto-crockpot-recipes/	22
vegan slow cooker recipes	food-baking	Food/Recipe	1	56	56	0	0	0	eatlina.com/vegan-slow-cooker-recipes/	0
banana recipes healthy	food-baking	Food/Recipe	1	48	48	0	0	0	eatlina.com/banana-recipes-healthy/	0
raw vegan recipes	food-baking	Food/Recipe	1	34	34	0	0	0	eatlina.com/raw-vegan-recipes/	0
fish dinner recipes	food-baking	Food/Recipe	1	33	33	0	0	0	eatlina.com/fish-dinner-recipes/	0
vegan black bean recipes	food-baking	Food/Recipe	1	33	33	0	0	0	eatlina.com/vegan-black-bean-recipes/	0
keto bread recipes	food-baking	Food/Recipe	2	54	27	1	1.85	2.77	eatlina.com/keto-bread-recipes/	1
vegetarian air fryer recipes	food-baking	Food/Recipe	2	134	67	1	0.75	1.42	veggiekitchenly.com/vegetarian-air-fryer-recipes/	1
healthy desserts recipes	food-baking	Food/Recipe	1	22	22	0	0	0	eatlina.com/healthy-desserts-recipes/	0
trim healthy mama recipes	food-baking	Food/Recipe	2	54	27	0	0	0	eatlina.com/trim-healthy-mama-recipes/	0
vegan sandwich recipes	food-baking	Food/Recipe	1	14	14	0	0	0	eatlina.com/vegan-sandwich-recipes/	0
keto healthy recipes	food-baking	Food/Recipe	1	13	13	0	0	0	eatlina.com/keto-healthy-recipes/	0
healthy smoothies recipes	food-baking	Food/Recipe	1	11	11	0	0	0	eatlina.com/healthy-smoothies-recipes/	0
keto greek yogurt recipes	food-baking	Food/Recipe	2	73	37	0	0	0	eatlina.com/keto-greek-yogurt-recipes/	0
vegan cookie recipes	food-baking	Food/Recipe	1	11	11	0	0	0	eatlina.com/vegan-cookie-recipes/	0
keto recipes	food-baking	Food/Recipe	1	20	20	0	0	0	eatlina.com/keto-recipes/	0
healthy easy recipes	food-baking	Food/Recipe	1	4	4	1	25	18.07	eatlina.com/healthy-easy-recipes/	1
circular flower bed ideas	product-specific	Garden/Outdoor	1	123	123	10	8.13	4.24	blossivio.com/circular-flower-bed-ideas/	10
grape trellis ideas backyards	general	Garden/Outdoor	1	77	77	10	12.99	6.13	blossivio.com/grape-trellis-ideas-backyards/	10
outdoor small patio ideas	room-ideas	Garden/Outdoor	1	77	77	5	6.49	3.06	blossivio.com/outdoor-small-patio-ideas/	5
outdoor fence ideas	general	Garden/Outdoor	1	68	68	12	17.65	8.09	blossivio.com/outdoor-fence-ideas/	12
tomato trellis ideas diy	diy-craft	Garden/Outdoor	1	67	67	1	1.49	0.68	blossivio.com/tomato-trellis-ideas-diy/	1
backyard fence landscaping ideas	room-ideas	Garden/Outdoor	1	65	65	2	3.08	1.4	blossivio.com/backyard-fence-landscaping-ideas/	2
barrel planter ideas	product-specific	Garden/Outdoor	1	65	65	1	1.54	0.7	blossivio.com/barrel-planter-ideas/	1
planter ideas front porch	product-specific	Garden/Outdoor	1	58	58	0	0	0	blossivio.com/planter-ideas-front-porch/	0
country farmhouse landscaping ideas	general	Garden/Outdoor	1	54	54	0	0	0	blossivio.com/country-farmhouse-landscaping-ideas/	0
bean trellis ideas	general	Garden/Outdoor	1	49	49	4	8.16	3.46	blossivio.com/bean-trellis-ideas/	4
passion fruit plant trellis garden ideas	room-ideas	Garden/Outdoor	1	42	42	3	7.14	2.91	blossivio.com/passion-fruit-plant-trellis-garden-ideas/	3
large backyard ideas layout	room-ideas	Garden/Outdoor	1	38	38	0	0	0	blossivio.com/large-backyard-ideas-layout/	0
garden trellis ideas diy	room-ideas	Garden/Outdoor	1	37	37	5	13.51	5.32	blossivio.com/garden-trellis-ideas-diy/	5
backyard trellis ideas	room-ideas	Garden/Outdoor	1	33	33	3	9.09	3.47	blossivio.com/backyard-trellis-ideas/	3
trough planter ideas	product-specific	Garden/Outdoor	1	23	23	1	4.35	1.5	blossivio.com/trough-planter-ideas/	1
morning glory trellis ideas diy	diy-craft	Garden/Outdoor	1	22	22	0	0	0	blossivio.com/morning-glory-trellis-ideas-diy/	0
cheap planter ideas	product-specific	Garden/Outdoor	1	21	21	1	4.76	1.59	blossivio.com/cheap-planter-ideas/	1
front flower bed ideas	product-specific	Garden/Outdoor	1	19	19	0	0	0	blossivio.com/front-flower-bed-ideas/	0
swim spa backyard ideas	room-ideas	Garden/Outdoor	1	19	19	0	0	0	blossivio.com/swim-spa-backyard-ideas/	0
garden trellis ideas	room-ideas	Garden/Outdoor	1	18	18	2	11.11	3.54	blossivio.com/garden-trellis-ideas/	2
patio ideas stone	room-ideas	Garden/Outdoor	1	18	18	0	0	0	blossivio.com/patio-ideas-stone/	0
orchid planter ideas	product-specific	Garden/Outdoor	1	15	15	0	0	0	blossivio.com/orchid-planter-ideas/	0
outdoor flower bed ideas	product-specific	Garden/Outdoor	1	15	15	0	0	0	blossivio.com/outdoor-flower-bed-ideas/	0
sloping flower bed ideas	product-specific	Garden/Outdoor	1	15	15	4	26.67	8.01	blossivio.com/sloping-flower-bed-ideas/	4
backyard hillside landscaping ideas	room-ideas	Garden/Outdoor	1	14	14	0	0	0	blossivio.com/backyard-hillside-landscaping-ideas/	0
dog fence ideas	general	Garden/Outdoor	1	14	14	8	57.14	16.76	blossivio.com/dog-fence-ideas/	8
gravel patio ideas	room-ideas	Garden/Outdoor	1	14	14	0	0	0	blossivio.com/gravel-patio-ideas/	0
stone patio ideas	room-ideas	Garden/Outdoor	1	14	14	0	0	0	blossivio.com/stone-patio-ideas/	0
trumpet vine trellis ideas	general	Garden/Outdoor	1	14	14	0	0	0	blossivio.com/trumpet-vine-trellis-ideas/	0
outdoor flagstone patio ideas	room-ideas	Garden/Outdoor	1	12	12	1	8.33	2.31	blossivio.com/outdoor-flagstone-patio-ideas/	1
outside patio ideas	room-ideas	Garden/Outdoor	1	12	12	0	0	0	blossivio.com/outside-patio-ideas/	0
backyard privacy ideas from neighbors	room-ideas	Garden/Outdoor	1	11	11	0	0	0	blossivio.com/backyard-privacy-ideas-from-neighbors/	0
boston fern planter ideas	product-specific	Garden/Outdoor	1	11	11	1	9.09	2.45	blossivio.com/boston-fern-planter-ideas/	1
herb planter ideas	product-specific	Garden/Outdoor	1	10	10	1	10	2.6	blossivio.com/herb-planter-ideas/	1
round wedding table decorations	wedding-event	Wedding/Craft	1	73	73	8	10.96	8.67	marrivon.com/round-wedding-table-decorations/	8
cake table wedding	food-baking	Wedding/Craft	1	64	64	0	0	0	marrivon.com/cake-table-wedding/	0
cool wedding favors	wedding-event	Wedding/Craft	1	56	56	5	8.93	6.63	marrivon.com/cool-wedding-favors/	5
wedding shower favors	wedding-event	Wedding/Craft	1	37	37	6	16.22	10.84	marrivon.com/wedding-shower-favors/	6
dream wedding decorations	wedding-event	Wedding/Craft	1	25	25	1	4	2.39	marrivon.com/dream-wedding-decorations/	1
hens party ideas	wedding-event	Wedding/Craft	1	24	24	1	4.17	2.47	marrivon.com/hens-party-ideas/	1
wedding party ideas games	wedding-event	Wedding/Craft	1	21	21	1	4.76	2.7	marrivon.com/wedding-party-ideas-games/	1
winter wedding favors	wedding-event	Wedding/Craft	1	21	21	0	0	0	marrivon.com/winter-wedding-favors/	0
bridal shower cupcake ideas	food-baking	Wedding/Craft	2	58	29	3	5.17	3.23	eloralove.com/bridal-shower-cupcake-ideas/	2
wedding party favors for guests	wedding-event	Wedding/Craft	1	20	20	2	10	5.59	marrivon.com/wedding-party-favors-for-guests/	2
affordable bachelorette party ideas	wedding-event	Wedding/Craft	1	17	17	0	0	0	marrivon.com/affordable-bachelorette-party-ideas/	0
candy wedding favors	wedding-event	Wedding/Craft	1	17	17	0	0	0	marrivon.com/candy-wedding-favors/	0
classy engagement party	wedding-event	Wedding/Craft	1	17	17	0	0	0	marrivon.com/classy-engagement-party/	0
olive oil wedding favors	wedding-event	Wedding/Craft	1	17	17	0	0	0	marrivon.com/olive-oil-wedding-favors/	0
useful wedding favors for guests	wedding-event	Wedding/Craft	1	17	17	0	0	0	marrivon.com/useful-wedding-favors-for-guests/	0
vintage wedding cake	food-baking	Wedding/Craft	1	15	15	0	0	0	marrivon.com/vintage-wedding-cake/	0
wedding shower decorations	wedding-event	Wedding/Craft	1	15	15	0	0	0	marrivon.com/wedding-shower-decorations/	0
tiramisu wedding cake	food-baking	Wedding/Craft	1	14	14	0	0	0	marrivon.com/tiramisu-wedding-cake/	0
sangeet decoration ideas	wedding-event	Wedding/Craft	1	13	13	0	0	0	marrivon.com/sangeet-decoration-ideas/	0
heart wedding cake	food-baking	Wedding/Craft	1	12	12	0	0	0	marrivon.com/heart-wedding-cake/	0
indian wedding decorations	wedding-event	Wedding/Craft	1	12	12	0	0	0	marrivon.com/indian-wedding-decorations/	0
practical wedding favors	wedding-event	Wedding/Craft	1	12	12	1	8.33	3.92	marrivon.com/practical-wedding-favors/	1
wedding decorations indian	wedding-event	Wedding/Craft	1	12	12	0	0	0	marrivon.com/wedding-decorations-indian/	0
chocolate wedding favors	wedding-event	Wedding/Craft	1	11	11	3	27.27	12.45	marrivon.com/chocolate-wedding-favors/	3
engagement party cake ideas	food-baking	Wedding/Craft	1	11	11	0	0	0	marrivon.com/engagement-party-cake-ideas/	0
i do bbq engagement party	wedding-event	Wedding/Craft	1	11	11	0	0	0	marrivon.com/i-do-bbq-engagement-party/	0
italian wedding cake	food-baking	Wedding/Craft	1	11	11	1	9.09	4.15	marrivon.com/italian-wedding-cake/	1
mexican wedding favors	wedding-event	Wedding/Craft	1	11	11	0	0	0	marrivon.com/mexican-wedding-favors/	0
royal wedding cake	food-baking	Wedding/Craft	1	11	11	0	0	0	marrivon.com/royal-wedding-cake/	0
rustic wedding favors	wedding-event	Wedding/Craft	1	11	11	0	0	0	marrivon.com/rustic-wedding-favors/	0
mandap decoration ideas	wedding-event	Wedding/Craft	1	9	9	1	11.11	4.7	marrivon.com/mandap-decoration-ideas/	1
bride to be gift ideas	wedding-event	Wedding/Craft	1	8	8	2	25	10.09	marrivon.com/bride-to-be-gift-ideas/	2
beat out of waste craft ideas	diy-craft	Wedding/Craft	1	1936	1936	72	3.72	5.17	diyvera.com/beat-out-of-waste-craft-ideas/	72
group craft ideas for adults	diy-craft	Wedding/Craft	1	1308	1308	24	1.83	2.41	diyvera.com/group-craft-ideas-for-adults/	24
vintage junk journal ideas	general	Wedding/Craft	1	1044	1044	62	5.94	7.59	diyvera.com/vintage-junk-journal-ideas/	62
cd decoration ideas	wedding-event	Wedding/Craft	1	941	941	13	1.38	1.74	diyvera.com/cd-decoration-ideas/	13
craft ideas with paper	diy-craft	Wedding/Craft	1	690	690	25	3.62	4.35	diyvera.com/craft-ideas-with-paper/	25
army shadow box ideas	general	Wedding/Craft	1	517	517	15	2.9	3.33	diyvera.com/army-shadow-box-ideas/	15
craft ideas with buttons	diy-craft	Wedding/Craft	1	416	416	18	4.33	4.8	diyvera.com/craft-ideas-with-buttons/	18
cute diary decoration ideas	wedding-event	Wedding/Craft	1	312	312	20	6.41	6.77	diyvera.com/cute-diary-decoration-ideas/	20
crochet decoration ideas	diy-craft	Wedding/Craft	1	305	305	5	1.64	1.72	diyvera.com/crochet-decoration-ideas/	5
creative journal ideas	general	Wedding/Craft	1	264	264	17	6.44	6.6	diyvera.com/creative-journal-ideas/	17
tissue box ideas	general	Wedding/Craft	1	262	262	11	4.2	4.3	diyvera.com/tissue-box-ideas/	11
bottle craft ideas	diy-craft	Wedding/Craft	1	172	172	15	8.72	8.25	diyvera.com/bottle-craft-ideas/	15
wood tool box ideas	general	Wedding/Craft	1	168	168	8	4.76	4.49	diyvera.com/wood-tool-box-ideas/	8
easy junk journal ideas	general	Wedding/Craft	1	147	147	22	14.97	13.74	diyvera.com/easy-junk-journal-ideas/	22
envelopes decoration ideas	wedding-event	Wedding/Craft	1	136	136	6	4.41	3.99	diyvera.com/envelopes-decoration-ideas/	6
diy shadow box ideas	diy-craft	Wedding/Craft	1	131	131	2	1.53	1.37	diyvera.com/diy-shadow-box-ideas/	2
bird house painting ideas	diy-craft	Wedding/Craft	1	123	123	8	6.5	5.76	diyvera.com/bird-house-painting-ideas/	8
instagram journal ideas	general	Wedding/Craft	1	119	119	0	0	0	diyvera.com/instagram-journal-ideas/	0
memory journal ideas	general	Wedding/Craft	1	119	119	22	18.49	16.26	diyvera.com/memory-journal-ideas/	22
couple craft ideas	diy-craft	Wedding/Craft	1	117	117	2	1.71	1.5	diyvera.com/couple-craft-ideas/	2
macrame easy diy craft ideas	diy-craft	Wedding/Craft	1	117	117	0	0	0	diyvera.com/macrame-easy-diy-craft-ideas/	0
tote bag painting ideas	outfit-style	Wedding/Craft	1	115	115	4	3.48	3.04	diyvera.com/tote-bag-painting-ideas/	4
craft ideas wall hanging	diy-craft	Wedding/Craft	1	114	114	9	7.89	6.88	diyvera.com/craft-ideas-wall-hanging/	9
tin can painting ideas	diy-craft	Wedding/Craft	1	93	93	0	0	0	diyvera.com/tin-can-painting-ideas/	0
beer bottle decoration ideas	wedding-event	Wedding/Craft	1	92	92	9	9.78	8.14	diyvera.com/beer-bottle-decoration-ideas/	9
robot valentine box ideas	general	Wedding/Craft	1	85	85	6	7.06	5.78	diyvera.com/robot-valentine-box-ideas/	6
lego shadow box ideas	pop-culture	Wedding/Craft	1	84	84	3	3.57	2.91	diyvera.com/lego-shadow-box-ideas/	3
craft decoration ideas	diy-craft	Wedding/Craft	1	83	83	2	2.41	1.96	diyvera.com/craft-decoration-ideas/	2
knitting journal ideas	diy-craft	Wedding/Craft	1	83	83	7	8.43	6.86	diyvera.com/knitting-journal-ideas/	7
craft ideas with shells	diy-craft	Wedding/Craft	1	79	79	0	0	0	diyvera.com/craft-ideas-with-shells/	0
diy cardboard box ideas	diy-craft	Wedding/Craft	1	79	79	0	0	0	diyvera.com/diy-cardboard-box-ideas/	0
bandsaw box ideas	general	Wedding/Craft	1	76	76	3	3.95	3.15	diyvera.com/bandsaw-box-ideas/	3
paper decoration ideas	wedding-event	Wedding/Craft	1	76	76	6	7.89	6.3	diyvera.com/paper-decoration-ideas/	6
wooden jewelry box painting ideas	diy-craft	Wedding/Craft	1	76	76	0	0	0	diyvera.com/wooden-jewelry-box-painting-ideas/	0
picnic table painting ideas	diy-craft	Wedding/Craft	1	75	75	0	0	0	diyvera.com/picnic-table-painting-ideas/	0
kid craft ideas	diy-craft	Wedding/Craft	1	74	74	4	5.41	4.29	diyvera.com/kid-craft-ideas/	4
painting ideas on glass bottles	diy-craft	Wedding/Craft	1	73	73	0	0	0	diyvera.com/painting-ideas-on-glass-bottles/	0
illustrated journal ideas	general	Wedding/Craft	1	72	72	11	15.28	12.04	diyvera.com/illustrated-journal-ideas/	11
mexican dessert recipes	food-baking	Food/Recipe	1	90	90	0	0	0	bakejoys.com/mexican-dessert-recipes/	0
baking recipes using duck eggs	food-baking	Food/Recipe	1	69	69	0	0	0	bakejoys.com/baking-recipes-using-duck-eggs/	0
baking scones easy recipes	food-baking	Food/Recipe	1	64	64	0	0	0	bakejoys.com/baking-scones-easy-recipes/	0
simple baking recipes with millet	food-baking	Food/Recipe	1	50	50	0	0	0	bakejoys.com/simple-baking-recipes-with-millet/	0
freeze dried strawberry recipes baking	food-baking	Food/Recipe	1	45	45	0	0	0	bakejoys.com/freeze-dried-strawberry-recipes-baking/	0
silicone baking molds recipes	food-baking	Food/Recipe	1	31	31	0	0	0	bakejoys.com/silicone-baking-molds-recipes/	0
best dessert recipes	food-baking	Food/Recipe	1	27	27	0	0	0	bakejoys.com/best-dessert-recipes/	0
dried blueberry recipes baking	food-baking	Food/Recipe	1	26	26	0	0	0	bakejoys.com/dried-blueberry-recipes-baking/	0
kitchen witch baking recipes	room-ideas	Food/Recipe	1	21	21	0	0	0	bakejoys.com/kitchen-witch-baking-recipes/	0
healthy drinks recipes	food-baking	Food/Recipe	1	15	15	0	0	0	bakejoys.com/healthy-drinks-recipes/	0
high protein dinner recipes	food-baking	Food/Recipe	1	12	12	0	0	0	bakejoys.com/high-protein-dinner-recipes/	0
keto breakfast recipes	food-baking	Food/Recipe	1	11	11	0	0	0	bakejoys.com/keto-breakfast-recipes/	0
healthy banana recipes	food-baking	Food/Recipe	1	6	6	1	16.67	14.57	bakejoys.com/healthy-banana-recipes/	1
banking recipes	food-baking	Food/Recipe	1	18	18	0	0	0	bakejoys.com/banking-recipes/	0
healthy juice recipes	food-baking	Food/Recipe	1	2	2	1	50	24.67	bakejoys.com/healthy-juice-recipes/	1
hallway paint colors	room-ideas	Home Decor	1	456	456	3	0.66	0.5	entryzo.com/hallway-paint-colors/	3
blue hallway	room-ideas	Home Decor	1	174	174	5	2.87	1.84	entryzo.com/blue-hallway/	5
entryway colors	room-ideas	Home Decor	1	135	135	0	0	0	entryzo.com/entryway-colors/	0
entryway closet ideas	room-ideas	Home Decor	1	64	64	1	1.56	0.81	entryzo.com/entryway-closet-ideas/	1
split level entryway	room-ideas	Home Decor	1	26	26	0	0	0	entryzo.com/split-level-entryway/	0
wainscoting entryway	room-ideas	Home Decor	1	28	28	1	3.57	1.49	entryzo.com/wainscoting-entryway/	1
entryway ideas with bench	room-ideas	Home Decor	1	20	20	2	10	3.78	entryzo.com/entryway-ideas-with-bench/	2
mid century modern entryway	room-ideas	Home Decor	1	20	20	1	5	1.89	entryzo.com/mid-century-modern-entryway/	1
entry hallway ideas	room-ideas	Home Decor	1	18	18	0	0	0	entryzo.com/entry-hallway-ideas/	0
living room entertainment center ideas	room-ideas	Home Decor	1	14	14	0	0	0	entryzo.com/living-room-entertainment-center-ideas/	0
sage hallway	room-ideas	Home Decor	1	14	14	1	7.14	2.4	entryzo.com/sage-hallway/	1
entryway mirror ideas	product-specific	Home Decor	1	13	13	1	7.69	2.52	entryzo.com/entryway-mirror-ideas/	1
entryway wallpaper	room-ideas	Home Decor	1	13	13	2	15.38	5.03	entryzo.com/entryway-wallpaper/	2
key holder entryway	product-specific	Home Decor	1	13	13	3	23.08	7.56	entryzo.com/key-holder-entryway/	3
victorian hallway	room-ideas	Home Decor	1	13	13	0	0	0	entryzo.com/victorian-hallway/	0
tiled hallway	room-ideas	Home Decor	1	12	12	0	0	0	entryzo.com/tiled-hallway/	0
red kitchen ideas	room-ideas	Home Decor	1	10	10	1	10	2.97	entryzo.com/red-kitchen-ideas/	1
end of hallway decor	room-ideas	Home Decor	1	9	9	1	11.11	3.17	entryzo.com/end-of-hallway-decor/	1
long entryway ideas	room-ideas	Home Decor	1	6	6	1	16.67	4.02	entryzo.com/long-entryway-ideas/	1
panelling hallway	room-ideas	Home Decor	1	4	4	2	50	9.98	entryzo.com/panelling-hallway/	2
coastal entryway	room-ideas	Home Decor	1	3	3	3	100	17.2	entryzo.com/coastal-entryway/	3
chinese dessert recipes	food-baking	Food/Recipe	1	110	110	5	4.55	9.62	easybreakfastly.com/chinese-dessert-recipes/	5
south beach diet phase 1 recipes breakfast	food-baking	Food/Recipe	1	70	70	0	0	0	easybreakfastly.com/south-beach-diet-phase-1-recipes-breakfast/	0
vegan buddha bowl recipes	product-specific	Food/Recipe	1	34	34	0	0	0	easybreakfastly.com/vegan-buddha-bowl-recipes/	0
finger millet recipes for breakfast	food-baking	Food/Recipe	1	25	25	0	0	0	easybreakfastly.com/finger-millet-recipes-for-breakfast/	0
french dinner recipes	food-baking	Food/Recipe	1	23	23	2	8.7	12.42	easybreakfastly.com/french-dinner-recipes/	2
irish dinner recipes	food-baking	Food/Recipe	1	20	20	0	0	0	easybreakfastly.com/irish-dinner-recipes/	0
pistachio dessert recipes	food-baking	Food/Recipe	1	17	17	0	0	0	easybreakfastly.com/pistachio-dessert-recipes/	0
caramel dessert recipes	food-baking	Food/Recipe	1	15	15	0	0	0	easybreakfastly.com/caramel-dessert-recipes/	0
breakfast sausage slow cooker recipes	food-baking	Food/Recipe	1	12	12	0	0	0	easybreakfastly.com/breakfast-sausage-slow-cooker-recipes/	0
breakfast dessert recipes	food-baking	Food/Recipe	1	11	11	0	0	0	easybreakfastly.com/breakfast-dessert-recipes/	0
dinner party recipes vegetarian	food-baking	Food/Recipe	1	196	196	1	0.51	1.21	veggiekitchenly.com/dinner-party-recipes-vegetarian/	1
low carb vegetarian recipes	food-baking	Food/Recipe	1	117	117	1	0.85	1.82	veggiekitchenly.com/low-carb-vegetarian-recipes/	1
gluten free vegetarian recipes	food-baking	Food/Recipe	2	161	81	0	0	0	veggiekitchenly.com/gluten-free-vegetarian-recipes/	0
low fodmap vegetarian recipes	food-baking	Food/Recipe	1	87	87	0	0	0	veggiekitchenly.com/low-fodmap-vegetarian-recipes/	0
middle eastern vegetarian recipes	food-baking	Food/Recipe	1	73	73	1	1.37	2.65	veggiekitchenly.com/middle-eastern-vegetarian-recipes/	1
diet food recipes losing weight meals vegetarian	food-baking	Food/Recipe	1	69	69	0	0	0	veggiekitchenly.com/diet-food-recipes-losing-weight-meals-vegetarian/	0
quick and easy dinner recipes vegetarian indian	food-baking	Food/Recipe	1	68	68	1	1.47	2.8	veggiekitchenly.com/quick-and-easy-dinner-recipes-vegetarian-indian/	1
dinner recipes for two vegetarian	food-baking	Food/Recipe	1	49	49	0	0	0	veggiekitchenly.com/dinner-recipes-for-two-vegetarian/	0
chinese food recipes vegetarian	food-baking	Food/Recipe	1	48	48	0	0	0	veggiekitchenly.com/chinese-food-recipes-vegetarian/	0
high protein vegetarian recipes breakfast	food-baking	Food/Recipe	1	47	47	0	0	0	veggiekitchenly.com/high-protein-vegetarian-recipes-breakfast/	0
vegetarian slow cooker recipes	food-baking	Food/Recipe	1	42	42	0	0	0	veggiekitchenly.com/vegetarian-slow-cooker-recipes/	0
vegetarian salad recipes high protein	food-baking	Food/Recipe	2	52	26	0	0	0	veggiekitchenly.com/vegetarian-salad-recipes-high-protein/	0
veg recipes of india vegetarian indian dishes	food-baking	Food/Recipe	1	40	40	0	0	0	veggiekitchenly.com/veg-recipes-of-india-vegetarian-indian-dishes/	0
puff pastry recipes savory vegetarian	food-baking	Food/Recipe	1	33	33	0	0	0	veggiekitchenly.com/puff-pastry-recipes-savory-vegetarian/	0
filo pastry recipes savoury vegetarian	food-baking	Food/Recipe	1	32	32	1	3.13	4.91	veggiekitchenly.com/filo-pastry-recipes-savoury-vegetarian/	1
egg white dessert recipes	food-baking	Food/Recipe	1	28	28	0	0	0	veggiekitchenly.com/egg-white-dessert-recipes/	0
vegetarian recipes for picky eaters	food-baking	Food/Recipe	1	28	28	0	0	0	veggiekitchenly.com/vegetarian-recipes-for-picky-eaters/	0
vegetarian recipes for meat eaters	food-baking	Food/Recipe	1	26	26	0	0	0	veggiekitchenly.com/vegetarian-recipes-for-meat-eaters/	0
dairy free vegetarian recipes	food-baking	Food/Recipe	1	25	25	0	0	0	veggiekitchenly.com/dairy-free-vegetarian-recipes/	0
low calorie vegetarian recipes	food-baking	Food/Recipe	1	25	25	0	0	0	veggiekitchenly.com/low-calorie-vegetarian-recipes/	0
high protein vegetarian soup recipes	food-baking	Food/Recipe	1	23	23	1	4.35	6.21	veggiekitchenly.com/high-protein-vegetarian-soup-recipes/	1
vegetarian butternut squash recipes	food-baking	Food/Recipe	1	22	22	0	0	0	veggiekitchenly.com/vegetarian-butternut-squash-recipes/	0
one pot indian recipes vegetarian	product-specific	Food/Recipe	1	21	21	0	0	0	veggiekitchenly.com/one-pot-indian-recipes-vegetarian/	0
healthy vegetarian lunch recipes	food-baking	Food/Recipe	1	19	19	0	0	0	veggiekitchenly.com/healthy-vegetarian-lunch-recipes/	0
indian snack recipes vegetarian	food-baking	Food/Recipe	1	19	19	0	0	0	veggiekitchenly.com/indian-snack-recipes-vegetarian/	0
quick and easy vegetarian recipes	food-baking	Food/Recipe	1	19	19	0	0	0	veggiekitchenly.com/quick-and-easy-vegetarian-recipes/	0
south indian recipes vegetarian	food-baking	Food/Recipe	1	19	19	0	0	0	veggiekitchenly.com/south-indian-recipes-vegetarian/	0
dates recipes healthy snacks	food-baking	Food/Recipe	1	14	14	0	0	0	veggiekitchenly.com/dates-recipes-healthy-snacks/	0
whole food vegetarian recipes	food-baking	Food/Recipe	1	13	13	0	0	0	veggiekitchenly.com/whole-food-vegetarian-recipes/	0
vegetarian casserole recipes for dinner	food-baking	Food/Recipe	1	12	12	0	0	0	veggiekitchenly.com/vegetarian-casserole-recipes-for-dinner/	0
healthy dinner recipes vegetarian low carb	food-baking	Food/Recipe	1	11	11	0	0	0	veggiekitchenly.com/healthy-dinner-recipes-vegetarian-low-carb/	0
one pot pasta recipes vegetarian	product-specific	Food/Recipe	1	11	11	0	0	0	veggiekitchenly.com/one-pot-pasta-recipes-vegetarian/	0
recipes for dinner vegetarian indian	food-baking	Food/Recipe	1	11	11	0	0	0	veggiekitchenly.com/recipes-for-dinner-vegetarian-indian/	0
vegetarian breakfast recipes easy	food-baking	Food/Recipe	1	11	11	0	0	0	veggiekitchenly.com/vegetarian-breakfast-recipes-easy/	0
high protein vegetarian snack recipes	food-baking	Food/Recipe	1	10	10	1	10	10.77	veggiekitchenly.com/high-protein-vegetarian-snack-recipes/	1
ikea hack kids	general	Home Decor	1	823	823	49	5.95	4.96	kidlura.com/ikea-hack-kids/	49
small kids room	general	Home Decor	1	504	504	30	5.95	4.59	kidlura.com/small-kids-room/	30
kallax kids room	general	Home Decor	1	300	300	16	5.33	3.77	kidlura.com/kallax-kids-room/	16
unisex kids bathroom ideas	room-ideas	Home Decor	1	247	247	2	0.81	0.55	kidlura.com/unisex-kids-bathroom-ideas/	2
harry potter kids room	pop-culture	Home Decor	1	184	184	27	14.67	9.5	kidlura.com/harry-potter-kids-room/	27
daybed living room ideas	room-ideas	Home Decor	1	176	176	0	0	0	kidlura.com/daybed-living-room-ideas/	0
diy kids room decor	diy-craft	Home Decor	1	132	132	4	3.03	1.84	kidlura.com/diy-kids-room-decor/	4
couch living room ideas	product-specific	Home Decor	1	128	128	5	3.91	2.36	kidlura.com/no-couch-living-room-ideas/	5
kids bathroom ideas shared boy and girl	room-ideas	Home Decor	1	124	124	6	4.84	2.9	kidlura.com/kids-bathroom-ideas-shared-boy-and-girl/	6
small shared kids bedroom	room-ideas	Home Decor	1	90	90	16	17.78	9.95	kidlura.com/small-shared-kids-bedroom/	16
kids desk ideas homework station	general	Home Decor	1	86	86	3	3.49	1.93	kidlura.com/kids-desk-ideas-homework-station/	3
marvel kids bedroom	room-ideas	Home Decor	1	84	84	11	13.1	7.22	kidlura.com/marvel-kids-bedroom/	11
kids room design boys	tattoo	Home Decor	1	81	81	1	1.23	0.67	kidlura.com/kids-room-design-boys/	1
neutral kids room	general	Home Decor	1	79	79	1	1.27	0.69	kidlura.com/neutral-kids-room/	1
purple bedroom ideas for kids	room-ideas	Home Decor	1	79	79	2	2.53	1.38	kidlura.com/purple-bedroom-ideas-for-kids/	2
kids room with bunk bed	product-specific	Home Decor	1	77	77	3	3.9	2.11	kidlura.com/kids-room-with-bunk-bed/	3
divided bedroom kids	room-ideas	Home Decor	1	75	75	4	5.33	2.86	kidlura.com/divided-bedroom-kids/	4
bathroom cabinets ideas	room-ideas	Home Decor	1	67	67	7	10.45	5.47	kidlura.com/bathroom-cabinets-ideas/	7
kids bunk bed ideas	product-specific	Home Decor	1	61	61	9	14.75	7.55	kidlura.com/kids-bunk-bed-ideas/	9
kitchen island pendant lighting ideas	room-ideas	Home Decor	1	61	61	9	14.75	7.55	kidlura.com/kitchen-island-pendant-lighting-ideas/	9
small bathroom ideas with tub	room-ideas	Home Decor	1	61	61	0	0	0	kidlura.com/small-bathroom-ideas-with-tub/	0
kids playhouse interior	general	Home Decor	1	54	54	1	1.85	0.92	kidlura.com/kids-playhouse-interior/	1
kids bathroom themes	room-ideas	Home Decor	1	52	52	0	0	0	kidlura.com/kids-bathroom-themes/	0
rainbow room kids	general	Home Decor	1	50	50	3	6	2.93	kidlura.com/rainbow-room-kids/	3
kids room	general	Home Decor	1	49	49	7	14.29	6.93	kidlura.com/kids-room/	7
floor bed ideas for kids	product-specific	Home Decor	1	48	48	7	14.58	7.04	kidlura.com/floor-bed-ideas-for-kids/	7
pink kids bedrooms	general	Home Decor	1	48	48	0	0	0	kidlura.com/pink-kids-bedrooms/	0
kids room lighting ideas	general	Home Decor	1	39	39	8	20.51	9.39	kidlura.com/kids-room-lighting-ideas/	8
teal kids room	general	Home Decor	1	38	38	4	10.53	4.79	kidlura.com/teal-kids-room/	4
kids living rooms	general	Home Decor	1	37	37	1	2.7	1.22	kidlura.com/kids-living-rooms/	1
amazing kids bedrooms	general	Home Decor	1	35	35	1	2.86	1.27	kidlura.com/amazing-kids-bedrooms/	1
coastal kids bedroom	room-ideas	Home Decor	1	35	35	4	11.43	5.08	kidlura.com/coastal-kids-bedroom/	4
kids beach bathroom	room-ideas	Home Decor	1	35	35	3	8.57	3.81	kidlura.com/kids-beach-bathroom/	3
small rectangle backyard ideas	room-ideas	Home Decor	1	34	34	2	5.88	2.59	kidlura.com/small-rectangle-backyard-ideas/	2
attic bedroom ideas for kids	room-ideas	Home Decor	2	99	50	0	0	0	kidlura.com/attic-bedroom-ideas-for-kids/	0
eclectic kids room	general	Home Decor	1	30	30	0	0	0	kidlura.com/eclectic-kids-room/	0
yellow kids bedroom	room-ideas	Home Decor	1	28	28	2	7.14	2.98	kidlura.com/yellow-kids-bedroom/	2
farmhouse kids bedroom	room-ideas	Home Decor	1	25	25	15	60	24.25	kidlura.com/farmhouse-kids-bedroom/	15
open kitchen cabinets ideas	room-ideas	Home Decor	1	25	25	0	0	0	kidlura.com/open-kitchen-cabinets-ideas/	0
kids room grey	general	Home Decor	1	23	23	0	0	0	kidlura.com/kids-room-grey/	0
kids and guest bathroom ideas	room-ideas	Home Decor	1	22	22	0	0	0	kidlura.com/kids-and-guest-bathroom-ideas/	0
bedroom corner ideas	room-ideas	Home Decor	1	20	20	0	0	0	kidlura.com/bedroom-corner-ideas/	0
kids bathroom paint colors	room-ideas	Home Decor	2	59	30	0	0	0	kidlura.com/kids-bathroom-paint-colors/	0
kids living room ideas	room-ideas	Home Decor	1	20	20	0	0	0	kidlura.com/kids-living-room-ideas/	0
bathroom window ideas	room-ideas	Home Decor	2	29	15	0	0	0	kidlura.com/bathroom-window-ideas/	0
kids shared bedroom boy and girl	room-ideas	Home Decor	1	16	16	0	0	0	kidlura.com/kids-shared-bedroom-boy-and-girl/	0
beef rump roast recipes crock pots	food-baking	Food/Recipe	1	69	69	0	0	0	steaknjoy.com/beef-rump-roast-recipes-crock-pots/	0
vegan quiche recipes	food-baking	Food/Recipe	1	59	59	0	0	0	steaknjoy.com/vegan-quiche-recipes/	0
beef eye of round steak recipes	food-baking	Food/Recipe	1	47	47	0	0	0	steaknjoy.com/beef-eye-of-round-steak-recipes/	0
orange dessert recipes	food-baking	Food/Recipe	1	44	44	0	0	0	steaknjoy.com/orange-dessert-recipes/	0
beef eye of round roast recipes	food-baking	Food/Recipe	1	36	36	0	0	0	steaknjoy.com/beef-eye-of-round-roast-recipes/	0
vegan oyster mushroom recipes	food-baking	Food/Recipe	1	30	30	0	0	0	steaknjoy.com/vegan-oyster-mushroom-recipes/	0
ground beef and cream cheese recipes	food-baking	Food/Recipe	1	27	27	0	0	0	steaknjoy.com/ground-beef-and-cream-cheese-recipes/	0
beef top round roast recipes crock pot	product-specific	Food/Recipe	1	26	26	0	0	0	steaknjoy.com/beef-top-round-roast-recipes-crock-pot/	0
beef bottom round roast recipes crockpot	food-baking	Food/Recipe	2	111	56	0	0	0	steaknjoy.com/beef-bottom-round-roast-recipes-crockpot/	0
beef shoulder roast recipes crock pots	food-baking	Food/Recipe	1	18	18	0	0	0	steaknjoy.com/beef-shoulder-roast-recipes-crock-pots/	0
instant pot stew beef recipes	product-specific	Food/Recipe	1	18	18	0	0	0	steaknjoy.com/instant-pot-stew-beef-recipes/	0
keto mediterranean recipes	food-baking	Food/Recipe	1	17	17	0	0	0	steaknjoy.com/keto-mediterranean-recipes/	0
beef chuck roast recipes instant pot	product-specific	Food/Recipe	1	15	15	0	0	0	steaknjoy.com/beef-chuck-roast-recipes-instant-pot/	0
beef short rib recipes instant pot	product-specific	Food/Recipe	1	12	12	0	0	0	steaknjoy.com/beef-short-rib-recipes-instant-pot/	0
beef sirloin tip roast recipes	food-baking	Food/Recipe	1	12	12	0	0	0	steaknjoy.com/beef-sirloin-tip-roast-recipes/	0
fancy dessert recipes	food-baking	Food/Recipe	1	9	9	1	11.11	11.49	steaknjoy.com/fancy-dessert-recipes/	1
pop false ceiling design	tattoo	Home Decor	1	810	810	2	0.25	0.21	ceiloria.com/pop-false-ceiling-design/	2
cheap ceiling ideas	general	Home Decor	1	767	767	41	5.35	4.41	ceiloria.com/cheap-ceiling-ideas/	41
fabric ceiling	general	Home Decor	1	533	533	38	7.13	5.55	ceiloria.com/fabric-ceiling/	38
sloped ceiling	general	Home Decor	1	391	391	2	0.51	0.38	ceiloria.com/sloped-ceiling/	2
wood on ceiling ideas	general	Home Decor	1	264	264	11	4.17	2.89	ceiloria.com/wood-on-ceiling-ideas/	11
drop ceiling ideas	general	Home Decor	1	254	254	8	3.15	2.17	ceiloria.com/drop-ceiling-ideas/	8
vaulted ceiling bedroom	room-ideas	Home Decor	1	169	169	1	0.59	0.38	ceiloria.com/vaulted-ceiling-bedroom/	1
ceiling paint design	diy-craft	Home Decor	1	166	166	0	0	0	ceiloria.com/ceiling-paint-design/	0
slanted ceiling closet	room-ideas	Home Decor	1	147	147	3	2.04	1.26	ceiloria.com/slanted-ceiling-closet/	3
ceiling beam ideas	general	Home Decor	1	146	146	6	4.11	2.54	ceiloria.com/ceiling-beam-ideas/	6
wooden false ceiling design	tattoo	Home Decor	1	132	132	6	4.55	2.76	ceiloria.com/wooden-false-ceiling-design/	6
sloped ceiling bathroom	room-ideas	Home Decor	1	129	129	2	1.55	0.94	ceiloria.com/sloped-ceiling-bathroom/	2
gypsum ceiling design	tattoo	Home Decor	1	111	111	1	0.9	0.53	ceiloria.com/gypsum-ceiling-design/	1
vaulted ceiling beams	general	Home Decor	1	104	104	0	0	0	ceiloria.com/vaulted-ceiling-beams/	0
vaulted ceiling living room	room-ideas	Home Decor	1	100	100	0	0	0	ceiloria.com/vaulted-ceiling-living-room/	0
porch ceiling ideas	general	Home Decor	1	99	99	2	2.02	1.15	ceiloria.com/porch-ceiling-ideas/	2
molding ceiling	general	Home Decor	1	96	96	3	3.13	1.78	ceiloria.com/molding-ceiling/	3
basement ceiling ideas	room-ideas	Home Decor	1	90	90	4	4.44	2.48	ceiloria.com/basement-ceiling-ideas/	4
living room ceiling lights ideas	room-ideas	Home Decor	1	87	87	2	2.3	1.28	ceiloria.com/living-room-ceiling-lights-ideas/	2
cool ceiling ideas	general	Home Decor	1	86	86	3	3.49	1.93	ceiloria.com/cool-ceiling-ideas/	3
ceiling murals	general	Home Decor	1	80	80	0	0	0	ceiloria.com/ceiling-murals/	0
coffered ceiling ideas	general	Home Decor	1	74	74	0	0	0	ceiloria.com/coffered-ceiling-ideas/	0
backyard ideas for renters	room-ideas	Home Decor	1	70	70	4	5.71	3.02	ceiloria.com/backyard-ideas-for-renters/	4
slanted ceiling bedroom	room-ideas	Home Decor	1	67	67	1	1.49	0.78	ceiloria.com/slanted-ceiling-bedroom/	1
hall false ceiling design	tattoo	Home Decor	1	63	63	0	0	0	ceiloria.com/hall-false-ceiling-design/	0
decorate high ceiling shelves	product-specific	Home Decor	1	58	58	0	0	0	ceiloria.com/how-to-decorate-high-ceiling-shelves/	0
ceiling molding ideas	general	Home Decor	1	55	55	3	5.45	2.72	ceiloria.com/ceiling-molding-ideas/	3
modern coffered ceiling	general	Home Decor	1	51	51	0	0	0	ceiloria.com/modern-coffered-ceiling/	0
painted ceiling	general	Home Decor	1	49	49	2	4.08	1.98	ceiloria.com/painted-ceiling/	2
hall pop ceiling design	tattoo	Home Decor	1	47	47	0	0	0	ceiloria.com/hall-pop-ceiling-design/	0
false ceiling design	tattoo	Home Decor	1	46	46	0	0	0	ceiloria.com/false-ceiling-design/	0
ceiling ideas living room	room-ideas	Home Decor	1	43	43	1	2.33	1.09	ceiloria.com/ceiling-ideas-living-room/	1
high ceiling living room	room-ideas	Home Decor	1	39	39	1	2.56	1.17	ceiloria.com/high-ceiling-living-room/	1
false ceiling bedroom	room-ideas	Home Decor	1	37	37	1	2.7	1.22	ceiloria.com/false-ceiling-bedroom/	1
latest fall ceiling design for bedroom	room-ideas	Home Decor	1	35	35	2	5.71	2.54	ceiloria.com/latest-fall-ceiling-design-for-bedroom/	2
fall ceiling designs for kitchen	room-ideas	Home Decor	1	32	32	4	12.5	5.42	ceiloria.com/fall-ceiling-designs-for-kitchen/	4
ceiling wallpaper ideas	general	Home Decor	1	31	31	0	0	0	ceiloria.com/ceiling-wallpaper-ideas/	0
ceiling design modern	tattoo	Home Decor	1	28	28	1	3.57	1.49	ceiloria.com/ceiling-design-modern/	1
balcony ceiling	room-ideas	Home Decor	1	27	27	0	0	0	ceiloria.com/balcony-ceiling/	0
bedroom ceiling lighting ideas	room-ideas	Home Decor	1	27	27	2	7.41	3.06	ceiloria.com/bedroom-ceiling-lighting-ideas/	2
vaulted ceiling ideas	general	Home Decor	1	27	27	0	0	0	ceiloria.com/vaulted-ceiling-ideas/	0
backyard pool decorating ideas	room-ideas	Home Decor	1	26	26	0	0	0	ceiloria.com/backyard-pool-decorating-ideas/	0
townhouse backyard ideas	room-ideas	Home Decor	1	23	23	0	0	0	ceiloria.com/townhouse-backyard-ideas/	0
kitchen rug ideas	product-specific	Home Decor	1	20	20	0	0	0	ceiloria.com/kitchen-rug-ideas/	0
dining room buffet styling	room-ideas	Home Decor	1	172	172	2	1.16	0.74	dinezoa.com/dining-room-buffet-styling/	2
dining room cabinet ideas	product-specific	Home Decor	1	116	116	9	7.76	4.58	dinezoa.com/dining-room-cabinet-ideas/	9
dining room and office combo	room-ideas	Home Decor	1	70	70	3	4.29	2.27	dinezoa.com/dining-room-and-office-combo/	3
round dining room table decor	room-ideas	Home Decor	1	42	42	0	0	0	dinezoa.com/round-dining-room-table-decor/	0
mirror in dining room	product-specific	Home Decor	1	39	39	3	7.69	3.52	dinezoa.com/mirror-in-dining-room/	3
traditional dining room	room-ideas	Home Decor	1	27	27	1	3.7	1.53	dinezoa.com/traditional-dining-room/	1
dining room corner ideas	room-ideas	Home Decor	1	21	21	1	4.76	1.83	dinezoa.com/dining-room-corner-ideas/	1
living room and dining room partition	room-ideas	Home Decor	1	19	19	0	0	0	dinezoa.com/living-room-and-dining-room-partition/	0
open concept living room and dining room	room-ideas	Home Decor	1	19	19	0	0	0	dinezoa.com/open-concept-living-room-and-dining-room/	0
victorian dining room	room-ideas	Home Decor	1	19	19	1	5.26	1.95	dinezoa.com/victorian-dining-room/	1
dining room with fireplace	room-ideas	Home Decor	1	16	16	0	0	0	dinezoa.com/dining-room-with-fireplace/	0
sunroom dining room	room-ideas	Home Decor	1	16	16	0	0	0	dinezoa.com/sunroom-dining-room/	0
wall decor for dining room	room-ideas	Home Decor	1	16	16	0	0	0	dinezoa.com/wall-decor-for-dining-room/	0
dining room dark	room-ideas	Home Decor	1	14	14	1	7.14	2.4	dinezoa.com/dining-room-dark/	1
gray carpet bedroom ideas	room-ideas	Home Decor	1	14	14	0	0	0	dinezoa.com/gray-carpet-bedroom-ideas/	0
luxury dining room	room-ideas	Home Decor	1	14	14	0	0	0	dinezoa.com/luxury-dining-room/	0
mid century bathroom ideas	room-ideas	Home Decor	1	14	14	0	0	0	dinezoa.com/mid-century-bathroom-ideas/	0
dining room molding	room-ideas	Home Decor	1	13	13	7	53.85	17.63	dinezoa.com/dining-room-molding/	7
huge dining room	room-ideas	Home Decor	1	13	13	0	0	0	dinezoa.com/huge-dining-room/	0
eclectic dining room	room-ideas	Home Decor	1	12	12	0	0	0	dinezoa.com/eclectic-dining-room/	0
backyard sectional ideas	room-ideas	Home Decor	1	11	11	0	0	0	dinezoa.com/backyard-sectional-ideas/	0
blue dining room	room-ideas	Home Decor	1	11	11	0	0	0	dinezoa.com/blue-dining-room/	0
wainscoting dining room	room-ideas	Home Decor	1	11	11	2	18.18	5.6	dinezoa.com/wainscoting-dining-room/	2
farmhouse dining room	room-ideas	Home Decor	1	6	6	1	16.67	4.02	dinezoa.com/farmhouse-dining-room/	1
handicapped bathroom ideas	room-ideas	Home Decor	2	38	19	2	5.26	1.95	dinezoa.com/handicapped-bathroom-ideas/	1
rustic bathroom ideas	room-ideas	Home Decor	1	96	96	7	7.29	4.14	nuvinhome.com/rustic-bathroom-ideas/	7
nursery storage ideas	room-ideas	Home Decor	1	93	93	0	0	0	nuvinhome.com/nursery-storage-ideas/	0
dart board wall ideas	general	Home Decor	1	76	76	9	11.84	6.38	nuvinhome.com/dart-board-wall-ideas/	9
diy accent wall ideas	diy-craft	Home Decor	1	71	71	3	4.23	2.24	nuvinhome.com/diy-accent-wall-ideas/	3
flat fireplace wall ideas	general	Home Decor	1	46	46	0	0	0	nuvinhome.com/flat-fireplace-wall-ideas/	0
ikea kitchen ideas	room-ideas	Home Decor	1	46	46	0	0	0	nuvinhome.com/ikea-kitchen-ideas/	0
minecraft bedroom ideas	room-ideas	Home Decor	1	42	42	5	11.9	5.55	nuvinhome.com/minecraft-bedroom-ideas/	5
interior stone wall ideas	general	Home Decor	1	40	40	1	2.5	1.15	nuvinhome.com/interior-stone-wall-ideas/	1
microwave storage ideas	general	Home Decor	1	38	38	6	15.79	7.18	nuvinhome.com/microwave-storage-ideas/	6
pony wall ideas	general	Home Decor	1	36	36	0	0	0	nuvinhome.com/pony-wall-ideas/	0
stuffed animal storage ideas	general	Home Decor	1	34	34	5	14.71	6.49	nuvinhome.com/stuffed-animal-storage-ideas/	5
slanted ceiling bedroom ideas	room-ideas	Home Decor	1	31	31	2	6.45	2.77	nuvinhome.com/slanted-ceiling-bedroom-ideas/	2
campervan storage ideas	general	Home Decor	1	30	30	12	40	17.04	nuvinhome.com/campervan-storage-ideas/	12
feature wall ideas living room	room-ideas	Home Decor	1	26	26	1	3.85	1.57	nuvinhome.com/feature-wall-ideas-living-room/	1
interior brick wall ideas	general	Home Decor	1	25	25	3	12	4.85	nuvinhome.com/interior-brick-wall-ideas/	3
bike storage ideas	general	Home Decor	1	24	24	3	12.5	4.99	nuvinhome.com/bike-storage-ideas/	3
craft room storage ideas	diy-craft	Home Decor	1	24	24	2	8.33	3.33	nuvinhome.com/craft-room-storage-ideas/	2
grey bathroom ideas	room-ideas	Home Decor	1	24	24	0	0	0	nuvinhome.com/grey-bathroom-ideas/	0
kitchen ideas u shaped	room-ideas	Home Decor	1	23	23	0	0	0	nuvinhome.com/kitchen-ideas-u-shaped/	0
small galley kitchen ideas	room-ideas	Home Decor	1	23	23	0	0	0	nuvinhome.com/small-galley-kitchen-ideas/	0
privacy wall ideas	general	Home Decor	1	22	22	4	18.18	7.07	nuvinhome.com/privacy-wall-ideas/	4
tiny bathroom ideas	room-ideas	Home Decor	1	22	22	0	0	0	nuvinhome.com/tiny-bathroom-ideas/	0
under stair storage ideas	general	Home Decor	1	19	19	0	0	0	nuvinhome.com/under-stair-storage-ideas/	0
beige kitchen ideas	room-ideas	Home Decor	1	18	18	0	0	0	nuvinhome.com/beige-kitchen-ideas/	0
sage green bathroom ideas	room-ideas	Home Decor	1	17	17	0	0	0	nuvinhome.com/sage-green-bathroom-ideas/	0
belt storage ideas	general	Home Decor	1	16	16	7	43.75	15.38	nuvinhome.com/belt-storage-ideas/	7
hallway picture wall ideas	room-ideas	Home Decor	1	16	16	0	0	0	nuvinhome.com/hallway-picture-wall-ideas/	0
vintage gallery wall ideas	general	Home Decor	1	16	16	1	6.25	2.2	nuvinhome.com/vintage-gallery-wall-ideas/	1
colorful bathroom ideas	room-ideas	Home Decor	1	15	15	0	0	0	nuvinhome.com/colorful-bathroom-ideas/	0
wood wall ideas	general	Home Decor	1	15	15	0	0	0	nuvinhome.com/wood-wall-ideas/	0
boys bathroom ideas	room-ideas	Home Decor	1	14	14	0	0	0	nuvinhome.com/boys-bathroom-ideas/	0
knee wall ideas	general	Home Decor	1	14	14	0	0	0	nuvinhome.com/knee-wall-ideas/	0
narrow kitchen ideas	room-ideas	Home Decor	1	14	14	0	0	0	nuvinhome.com/narrow-kitchen-ideas/	0
cottage kitchen ideas	room-ideas	Home Decor	1	13	13	0	0	0	nuvinhome.com/cottage-kitchen-ideas/	0
gas cylinder storage ideas in kitchen	room-ideas	Home Decor	1	13	13	0	0	0	nuvinhome.com/gas-cylinder-storage-ideas-in-kitchen/	0
high ceiling tv wall ideas	general	Home Decor	1	13	13	2	15.38	5.03	nuvinhome.com/high-ceiling-tv-wall-ideas/	2
inexpensive retaining wall ideas	general	Home Decor	1	13	13	0	0	0	nuvinhome.com/inexpensive-retaining-wall-ideas/	0
wooden bathroom ideas	room-ideas	Home Decor	1	13	13	0	0	0	nuvinhome.com/wooden-bathroom-ideas/	0
ikea bedroom ideas	room-ideas	Home Decor	1	12	12	1	8.33	2.65	nuvinhome.com/ikea-bedroom-ideas/	1
pallet wall ideas	general	Home Decor	1	12	12	3	25	7.95	nuvinhome.com/pallet-wall-ideas/	3
board game storage ideas	general	Home Decor	1	11	11	0	0	0	nuvinhome.com/board-game-storage-ideas/	0
outside wall ideas	general	Home Decor	1	11	11	0	0	0	nuvinhome.com/outside-wall-ideas/	0
dessert bar recipes for a crowd	food-baking	Food/Recipe	1	492	492	2	0.41	1.14	dessertcove.com/dessert-bar-recipes-for-a-crowd/	2
dessert recipes with pie crust	food-baking	Food/Recipe	1	215	215	0	0	0	dessertcove.com/dessert-recipes-with-pie-crust/	0
dessert recipes using canned peaches	food-baking	Food/Recipe	1	153	153	1	0.65	1.47	dessertcove.com/dessert-recipes-using-canned-peaches/	1
easy dessert recipes using chocolate cake mixes	food-baking	Food/Recipe	1	118	118	0	0	0	dessertcove.com/easy-dessert-recipes-using-chocolate-cake-mixes/	0
dessert recipes with whipped cream	food-baking	Food/Recipe	1	83	83	1	1.2	2.39	dessertcove.com/dessert-recipes-with-whipped-cream/	1
9 x 13 dessert recipes	food-baking	Food/Recipe	1	79	79	2	2.53	4.98	dessertcove.com/9-x-13-dessert-recipes/	2
dessert bars recipes easy cake mixes	food-baking	Food/Recipe	1	71	71	0	0	0	dessertcove.com/dessert-bars-recipes-easy-cake-mixes/	0
easy dessert recipes quick 3 ingredients no bake	food-baking	Food/Recipe	1	62	62	0	0	0	dessertcove.com/easy-dessert-recipes-quick-3-ingredients-no-bake/	0
dessert recipes with cocoa powder	food-baking	Food/Recipe	1	48	48	0	0	0	dessertcove.com/dessert-recipes-with-cocoa-powder/	0
easy keto dessert recipes 3 ingredients	food-baking	Food/Recipe	1	42	42	2	4.76	8.04	dessertcove.com/easy-keto-dessert-recipes-3-ingredients/	2
healthy no bake dessert recipes	food-baking	Food/Recipe	1	38	38	0	0	0	dessertcove.com/healthy-no-bake-dessert-recipes/	0
easy dessert recipes for a crowd	food-baking	Food/Recipe	1	36	36	0	0	0	dessertcove.com/easy-dessert-recipes-for-a-crowd/	0
strawberry dessert recipes easy no bake	food-baking	Food/Recipe	1	36	36	0	0	0	dessertcove.com/strawberry-dessert-recipes-easy-no-bake/	0
dessert recipes using evaporated milk	food-baking	Food/Recipe	1	37	37	0	0	0	dessertcove.com/dessert-recipes-using-evaporated-milk/	0
angel food cake dessert recipes	food-baking	Food/Recipe	1	28	28	1	3.57	5.4	dessertcove.com/angel-food-cake-dessert-recipes/	1
gluten free mexican dessert recipes	food-baking	Food/Recipe	2	40	20	1	2.5	3.42	dessertcove.com/gluten-free-mexican-dessert-recipes/	1
easy dessert recipes with chocolate chips	food-baking	Food/Recipe	1	25	25	0	0	0	dessertcove.com/easy-dessert-recipes-with-chocolate-chips/	0
vegan dessert recipes easy 4 ingredients	food-baking	Food/Recipe	1	22	22	0	0	0	dessertcove.com/vegan-dessert-recipes-easy-4-ingredients/	0
easy dessert recipes peanut butter	food-baking	Food/Recipe	1	20	20	0	0	0	dessertcove.com/easy-dessert-recipes-peanut-butter/	0
strawberry cream cheese dessert recipes	food-baking	Food/Recipe	1	20	20	0	0	0	dessertcove.com/strawberry-cream-cheese-dessert-recipes/	0
keto dessert recipes easy cream cheeses	food-baking	Food/Recipe	1	19	19	0	0	0	dessertcove.com/keto-dessert-recipes-easy-cream-cheeses/	0
cookies and cream dessert recipes	food-baking	Food/Recipe	1	15	15	0	0	0	dessertcove.com/cookies-and-cream-dessert-recipes/	0
apple dessert recipes gluten free	food-baking	Food/Recipe	1	13	13	0	0	0	dessertcove.com/apple-dessert-recipes-gluten-free/	0
baked apple dessert recipes easy	food-baking	Food/Recipe	1	12	12	0	0	0	dessertcove.com/baked-apple-dessert-recipes-easy/	0
low carb low calorie recipes dessert	food-baking	Food/Recipe	1	5	5	1	20	16.09	dessertcove.com/low-carb-low-calorie-recipes-dessert/	1
high protein raw vegan recipes	food-baking	Food/Recipe	1	185	185	5	2.7	6.34	eatveganly.com/high-protein-raw-vegan-recipes/	5
vegan gluten free recipes appetizers	food-baking	Food/Recipe	1	181	181	1	0.55	1.29	eatveganly.com/vegan-gluten-free-recipes-appetizers/	1
raw vegan food recipes	food-baking	Food/Recipe	1	115	115	2	1.74	3.71	eatveganly.com/raw-vegan-food-recipes/	2
vegan recipes for a crowd	food-baking	Food/Recipe	1	98	98	0	0	0	eatveganly.com/vegan-recipes-for-a-crowd/	0
vegan salad dressing recipes	food-baking	Food/Recipe	1	86	86	4	4.65	9.33	eatveganly.com/vegan-salad-dressing-recipes/	4
high protein vegan soup recipes	food-baking	Food/Recipe	1	68	68	0	0	0	eatveganly.com/high-protein-vegan-soup-recipes/	0
vegan high protein low carb recipes	food-baking	Food/Recipe	1	65	65	2	3.08	5.8	eatveganly.com/vegan-high-protein-low-carb-recipes/	2
vegan recipes with lentils	food-baking	Food/Recipe	1	59	59	1	1.69	3.11	eatveganly.com/vegan-recipes-with-lentils/	1
vegan one pot recipes	product-specific	Food/Recipe	1	58	58	2	3.45	6.32	eatveganly.com/vegan-one-pot-recipes/	2
vegan chicken pot pie recipes	product-specific	Food/Recipe	1	44	44	0	0	0	eatveganly.com/vegan-chicken-pot-pie-recipes/	0
vegan pinto bean recipes	food-baking	Food/Recipe	1	39	39	0	0	0	eatveganly.com/vegan-pinto-bean-recipes/	0
vegan thanksgiving recipes main dishes	food-baking	Food/Recipe	1	39	39	1	2.56	4.24	eatveganly.com/vegan-thanksgiving-recipes-main-dishes/	1
vegan air fryer recipes	food-baking	Food/Recipe	1	38	38	0	0	0	eatveganly.com/vegan-air-fryer-recipes/	0
gluten free vegan breakfast recipes	food-baking	Food/Recipe	1	39	39	1	2.56	4.24	eatveganly.com/gluten-free-vegan-breakfast-recipes/	1
vegan garbanzo bean recipes	food-baking	Food/Recipe	1	36	36	0	0	0	eatveganly.com/vegan-garbanzo-bean-recipes/	0
low calorie vegan recipes	food-baking	Food/Recipe	1	34	34	0	0	0	eatveganly.com/low-calorie-vegan-recipes/	0
vegan hearts of palm recipes	food-baking	Food/Recipe	1	30	30	0	0	0	eatveganly.com/vegan-hearts-of-palm-recipes/	0
vegan dutch oven recipes	food-baking	Food/Recipe	1	23	23	0	0	0	eatveganly.com/vegan-dutch-oven-recipes/	0
vegan gluten free soup recipes	food-baking	Food/Recipe	1	23	23	4	17.39	24.82	eatveganly.com/vegan-gluten-free-soup-recipes/	4
vegan gluten free recipes	food-baking	Food/Recipe	1	19	19	0	0	0	eatveganly.com/vegan-gluten-free-recipes/	0
vegan instant pot recipes	product-specific	Food/Recipe	1	17	17	0	0	0	eatveganly.com/vegan-instant-pot-recipes/	0
vegan dairy free gluten free recipes	food-baking	Food/Recipe	1	16	16	0	0	0	eatveganly.com/vegan-dairy-free-gluten-free-recipes/	0
vegan gluten free crockpot recipes	food-baking	Food/Recipe	1	16	16	2	12.5	15.9	eatveganly.com/vegan-gluten-free-crockpot-recipes/	2
vegan sausage recipes for dinner	food-baking	Food/Recipe	1	14	14	0	0	0	eatveganly.com/vegan-sausage-recipes-for-dinner/	0
vegan sweet potato dessert recipes	food-baking	Food/Recipe	1	14	14	0	0	0	eatveganly.com/vegan-sweet-potato-dessert-recipes/	0
vegan crock pot recipes	product-specific	Food/Recipe	1	12	12	0	0	0	eatveganly.com/vegan-crock-pot-recipes/	0
vegan meal prep recipes	food-baking	Food/Recipe	1	12	12	0	0	0	eatveganly.com/vegan-meal-prep-recipes/	0
vegan sweet potato recipes	food-baking	Food/Recipe	1	12	12	2	16.67	19.2	eatveganly.com/vegan-sweet-potato-recipes/	2
best vegan dinner recipes	food-baking	Food/Recipe	1	11	11	0	0	0	eatveganly.com/best-vegan-dinner-recipes/	0
recipes for afternoon tea parties food	food-baking	Food/Recipe	1	424	424	5	1.18	3.21	tealeafcup.com/recipes-for-afternoon-tea-parties-food/	5
gluten free high tea recipes	food-baking	Food/Recipe	1	364	364	9	2.47	6.54	tealeafcup.com/gluten-free-high-tea-recipes/	9
tea party sandwiches recipes	food-baking	Food/Recipe	1	201	201	12	5.97	14.23	tealeafcup.com/tea-party-sandwiches-recipes/	12
tea sandwiches recipes bridal showers	food-baking	Food/Recipe	1	135	135	1	0.74	1.63	tealeafcup.com/tea-sandwiches-recipes-bridal-showers/	1
30 amazing iced tea recipes	food-baking	Food/Recipe	1	80	80	0	0	0	tealeafcup.com/30-amazing-iced-tea-recipes/	0
flavored iced tea recipes	food-baking	Food/Recipe	1	73	73	0	0	0	tealeafcup.com/flavored-iced-tea-recipes/	0
matcha green tea cookies recipes	food-baking	Food/Recipe	1	67	67	0	0	0	tealeafcup.com/matcha-green-tea-cookies-recipes/	0
loaded tea recipes without herbalife	food-baking	Food/Recipe	1	58	58	4	6.9	12.64	tealeafcup.com/loaded-tea-recipes-without-herbalife/	4
herbal tea recipes for energy	food-baking	Food/Recipe	1	55	55	0	0	0	tealeafcup.com/herbal-tea-recipes-for-energy/	0
herbalife tea recipes with pineapple liftoff	food-baking	Food/Recipe	1	51	51	3	5.88	10.43	tealeafcup.com/herbalife-tea-recipes-with-pineapple-liftoff/	3
herbalife tea recipes with whip cream	food-baking	Food/Recipe	1	48	48	2	4.17	7.29	tealeafcup.com/herbalife-tea-recipes-with-whip-cream/	2
herbalife tea recipes with liftoff	food-baking	Food/Recipe	1	36	36	0	0	0	tealeafcup.com/herbalife-tea-recipes-with-liftoff/	0
home made tea recipes	food-baking	Food/Recipe	1	28	28	1	3.57	5.4	tealeafcup.com/home-made-tea-recipes/	1
herbalife tea recipes with blackberry liftoff	food-baking	Food/Recipe	1	24	24	0	0	0	tealeafcup.com/herbalife-tea-recipes-with-blackberry-liftoff/	0
green tea cocktail recipes	food-baking	Food/Recipe	1	23	23	0	0	0	tealeafcup.com/green-tea-cocktail-recipes/	0
herbalife tea recipes with pomegranate liftoff	food-baking	Food/Recipe	1	22	22	2	9.09	12.8	tealeafcup.com/herbalife-tea-recipes-with-pomegranate-liftoff/	2
herbalife tea recipes valentines day	food-baking	Food/Recipe	1	19	19	0	0	0	tealeafcup.com/herbalife-tea-recipes-valentines-day/	0
earl grey tea recipes	food-baking	Food/Recipe	1	18	18	0	0	0	tealeafcup.com/earl-grey-tea-recipes/	0
sore throat tea recipes	food-baking	Food/Recipe	1	17	17	1	5.88	7.63	tealeafcup.com/sore-throat-tea-recipes/	1
tea party dessert recipes	food-baking	Food/Recipe	1	17	17	0	0	0	tealeafcup.com/tea-party-dessert-recipes/	0
hot tea recipes for tea party	food-baking	Food/Recipe	1	16	16	0	0	0	tealeafcup.com/hot-tea-recipes-for-tea-party/	0
12 summer iced tea recipes	food-baking	Food/Recipe	1	14	14	0	0	0	tealeafcup.com/12-summer-iced-tea-recipes/	0
caffeine free loaded tea recipes	food-baking	Food/Recipe	1	13	13	0	0	0	tealeafcup.com/caffeine-free-loaded-tea-recipes/	0
silver lining lessons loaded tea recipes	food-baking	Food/Recipe	1	13	13	1	7.69	9.11	tealeafcup.com/silver-lining-lessons-loaded-tea-recipes/	1
herbalife tea recipes with best defense	food-baking	Food/Recipe	1	12	12	0	0	0	tealeafcup.com/herbalife-tea-recipes-with-best-defense/	0
herbalife tea recipes with liftoff and beauty booster	food-baking	Food/Recipe	1	11	11	1	9.09	10.14	tealeafcup.com/herbalife-tea-recipes-with-liftoff-and-beauty-booster/	1
easy mediterranean diet recipes dinners	food-baking	Food/Recipe	1	115	115	1	0.87	1.86	medtasto.com/easy-mediterranean-diet-recipes-dinners/	1
mediterranean sheet pan recipes	product-specific	Food/Recipe	1	102	102	3	2.94	6.12	medtasto.com/mediterranean-sheet-pan-recipes/	3
mediterranean salad dressing recipes	food-baking	Food/Recipe	1	40	40	0	0	0	medtasto.com/mediterranean-salad-dressing-recipes/	0
mediterranean diet meal prep recipes	food-baking	Food/Recipe	1	32	32	0	0	0	medtasto.com/mediterranean-diet-meal-prep-recipes/	0
mediterranean diet recipes without tomatoes	food-baking	Food/Recipe	1	29	29	0	0	0	medtasto.com/mediterranean-diet-recipes-without-tomatoes/	0
mediterranean diet for beginners recipes	food-baking	Food/Recipe	1	24	24	0	0	0	medtasto.com/mediterranean-diet-for-beginners-recipes/	0
mediterranean crock pot recipes	product-specific	Food/Recipe	1	27	27	0	0	0	medtasto.com/mediterranean-crock-pot-recipes/	0
mediterranean sea bass recipes	food-baking	Food/Recipe	1	23	23	0	0	0	medtasto.com/mediterranean-sea-bass-recipes/	0
mediterranean recipes for kids	food-baking	Food/Recipe	1	26	26	0	0	0	medtasto.com/mediterranean-recipes-for-kids/	0
mediterranean diet recipes dairy free	food-baking	Food/Recipe	1	19	19	1	5.26	7.08	medtasto.com/mediterranean-diet-recipes-dairy-free/	1
mediterranean side dish recipes	food-baking	Food/Recipe	1	19	19	0	0	0	medtasto.com/mediterranean-side-dish-recipes/	0
mediterranean diet recipes cottage cheese	food-baking	Food/Recipe	1	13	13	0	0	0	medtasto.com/mediterranean-diet-recipes-cottage-cheese/	0
mediterranean diet recipes with mushrooms	food-baking	Food/Recipe	1	15	15	0	0	0	medtasto.com/mediterranean-diet-recipes-with-mushrooms/	0
mediterranean garbanzo bean recipes	food-baking	Food/Recipe	1	13	13	0	0	0	medtasto.com/mediterranean-garbanzo-bean-recipes/	0
mediterranean diet recipes gluten free low carb	food-baking	Food/Recipe	1	12	12	0	0	0	medtasto.com/mediterranean-diet-recipes-gluten-free-low-carb/	0
mediterranean diet recipes snacks	food-baking	Food/Recipe	1	16	16	0	0	0	medtasto.com/mediterranean-diet-recipes-snacks/	0
mediterranean diet recipes with salmon	food-baking	Food/Recipe	1	12	12	0	0	0	medtasto.com/mediterranean-diet-recipes-with-salmon/	0
mediterranean one pan recipes	product-specific	Food/Recipe	1	11	11	0	0	0	medtasto.com/mediterranean-one-pan-recipes/	0
weight watchers mediterranean recipes	food-baking	Food/Recipe	1	11	11	0	0	0	medtasto.com/weight-watchers-mediterranean-recipes/	0
mediterranean salad in a jar recipes	food-baking	Food/Recipe	1	9	9	1	11.11	11.49	medtasto.com/mediterranean-salad-in-a-jar-recipes/	1
easy fruit smoothie recipes	food-baking	Food/Recipe	1	554	554	5	0.9	2.55	blendvera.com/easy-fruit-smoothie-recipes/	5
smoothie recipes with greek yogurt	food-baking	Food/Recipe	1	262	262	0	0	0	blendvera.com/smoothie-recipes-with-greek-yogurt/	0
smoothie recipes with chia seeds	food-baking	Food/Recipe	1	159	159	1	0.63	1.44	blendvera.com/smoothie-recipes-with-chia-seeds/	1
beet powder smoothie recipes	food-baking	Food/Recipe	1	150	150	7	4.67	10.52	blendvera.com/beet-powder-smoothie-recipes/	7
dinner smoothie recipes healthy	food-baking	Food/Recipe	1	114	114	1	0.88	1.88	blendvera.com/dinner-smoothie-recipes-healthy/	1
protein smoothie recipes without powder	food-baking	Food/Recipe	1	100	100	0	0	0	blendvera.com/protein-smoothie-recipes-without-powder/	0
spinach smoothie recipes for kids	food-baking	Food/Recipe	1	84	84	1	1.19	2.37	blendvera.com/spinach-smoothie-recipes-for-kids/	1
easy smoothie recipes 3 ingredients	food-baking	Food/Recipe	1	84	84	1	1.19	2.37	blendvera.com/easy-smoothie-recipes-3-ingredients/	1
smoothie recipes weight gain healthy	food-baking	Food/Recipe	1	80	80	1	1.25	2.47	blendvera.com/smoothie-recipes-weight-gain-healthy/	1
strawberry banana mango smoothie recipes	food-baking	Food/Recipe	1	48	48	0	0	0	blendvera.com/strawberry-banana-mango-smoothie-recipes/	0
healthy low carb smoothie recipes	food-baking	Food/Recipe	1	44	44	3	6.82	11.66	blendvera.com/healthy-low-carb-smoothie-recipes/	3
smoothie recipes with almond milk	food-baking	Food/Recipe	1	44	44	0	0	0	blendvera.com/smoothie-recipes-with-almond-milk/	0
banana kale smoothie recipes	food-baking	Food/Recipe	1	42	42	0	0	0	blendvera.com/banana-kale-smoothie-recipes/	0
chocolate protein smoothie recipes	food-baking	Food/Recipe	1	37	37	0	0	0	blendvera.com/chocolate-protein-smoothie-recipes/	0
smoothie recipes with coconut water	food-baking	Food/Recipe	1	34	34	0	0	0	blendvera.com/smoothie-recipes-with-coconut-water/	0
easy smoothie recipes with frozen fruit protein shakes	food-baking	Food/Recipe	1	40	40	3	7.5	12.51	blendvera.com/easy-smoothie-recipes-with-frozen-fruit-protein-shakes/	3
pea protein powder smoothie recipes	food-baking	Food/Recipe	1	31	31	0	0	0	blendvera.com/pea-protein-powder-smoothie-recipes/	0
fruit smoothie recipes with yogurt	food-baking	Food/Recipe	1	28	28	0	0	0	blendvera.com/fruit-smoothie-recipes-with-yogurt/	0
beast blender smoothie recipes	product-specific	Food/Recipe	1	26	26	2	7.69	11.38	blendvera.com/beast-blender-smoothie-recipes/	2
lemon ginger smoothie recipes	food-baking	Food/Recipe	1	25	25	0	0	0	blendvera.com/lemon-ginger-smoothie-recipes/	0
fruit smoothie recipes healthy	food-baking	Food/Recipe	1	26	26	0	0	0	blendvera.com/fruit-smoothie-recipes-healthy/	0
frozen banana smoothie recipes	food-baking	Food/Recipe	1	21	21	1	4.76	6.61	blendvera.com/frozen-banana-smoothie-recipes/	1
best protein smoothie recipes	food-baking	Food/Recipe	1	18	18	0	0	0	blendvera.com/best-protein-smoothie-recipes/	0
banana pineapple smoothie recipes	food-baking	Food/Recipe	1	15	15	0	0	0	blendvera.com/banana-pineapple-smoothie-recipes/	0
smoothie recipes for hormone balance	food-baking	Food/Recipe	1	13	13	0	0	0	blendvera.com/smoothie-recipes-for-hormone-balance/	0
peanut butter protein smoothie recipes	food-baking	Food/Recipe	1	11	11	0	0	0	blendvera.com/peanut-butter-protein-smoothie-recipes/	0
beet juice smoothie recipes	food-baking	Food/Recipe	1	9	9	1	11.11	11.49	blendvera.com/beet-juice-smoothie-recipes/	1
smoothie recipes with apple juice	food-baking	Food/Recipe	1	7	7	1	14.29	13.34	blendvera.com/smoothie-recipes-with-apple-juice/	1
easy mexican food recipes appetizers	food-baking	Food/Recipe	1	199	199	1	0.5	1.19	mexifork.com/easy-mexican-food-recipes-appetizers/	1
mexican food recipes easy dessert	food-baking	Food/Recipe	1	162	162	1	0.62	1.42	mexifork.com/mexican-food-recipes-easy-dessert/	1
easy mexican food recipes ground beef	food-baking	Food/Recipe	1	126	126	0	0	0	mexifork.com/easy-mexican-food-recipes-ground-beef/	0
mexican food recipes party	food-baking	Food/Recipe	1	118	118	0	0	0	mexifork.com/mexican-food-recipes-party/	0
mexican food recipes with corn tortillas	food-baking	Food/Recipe	1	116	116	0	0	0	mexifork.com/mexican-food-recipes-with-corn-tortillas/	0
mexican drink recipes non alcoholic	food-baking	Food/Recipe	1	90	90	3	3.33	6.75	mexifork.com/mexican-drink-recipes-non-alcoholic/	3
mexican dip recipes easy	food-baking	Food/Recipe	1	68	68	1	1.47	2.8	mexifork.com/mexican-dip-recipes-easy/	1
mexican pinto bean recipes	food-baking	Food/Recipe	1	73	73	4	5.48	10.59	mexifork.com/mexican-pinto-bean-recipes/	4
mexican chorizo recipes dinners	food-baking	Food/Recipe	1	64	64	0	0	0	mexifork.com/mexican-chorizo-recipes-dinners/	0
mexican chicken breast recipes	food-baking	Food/Recipe	1	61	61	0	0	0	mexifork.com/mexican-chicken-breast-recipes/	0
mexican recipes for a crowd	food-baking	Food/Recipe	1	53	53	0	0	0	mexifork.com/mexican-recipes-for-a-crowd/	0
recipes with mexican crema	food-baking	Food/Recipe	1	56	56	3	5.36	9.73	mexifork.com/recipes-with-mexican-crema/	3
mexican food recipes dessert	food-baking	Food/Recipe	1	49	49	1	2.04	3.58	mexifork.com/mexican-food-recipes-dessert/	1
mexican bean dip recipes	food-baking	Food/Recipe	1	51	51	0	0	0	mexifork.com/mexican-bean-dip-recipes/	0
healthy mexican dinner recipes	food-baking	Food/Recipe	1	43	43	3	6.98	11.86	mexifork.com/healthy-mexican-dinner-recipes/	3
mexican corn recipes side dishes	food-baking	Food/Recipe	1	42	42	2	4.76	8.04	mexifork.com/mexican-corn-recipes-side-dishes/	2
high protein low carb mexican recipes	food-baking	Food/Recipe	1	37	37	1	2.7	4.41	mexifork.com/high-protein-low-carb-mexican-recipes/	1
mexican poblano pepper recipes	food-baking	Food/Recipe	1	31	31	0	0	0	mexifork.com/mexican-poblano-pepper-recipes/	0
mexican sirloin steak recipes	food-baking	Food/Recipe	1	25	25	0	0	0	mexifork.com/mexican-sirloin-steak-recipes/	0
low carb mexican recipes	food-baking	Food/Recipe	1	24	24	1	4.17	6.03	mexifork.com/low-carb-mexican-recipes/	1
mexican food recipes for party	food-baking	Food/Recipe	1	24	24	0	0	0	mexifork.com/mexican-food-recipes-for-party/	0
mexican green juice recipes	food-baking	Food/Recipe	1	24	24	0	0	0	mexifork.com/mexican-green-juice-recipes/	0
whole 30 mexican recipes	food-baking	Food/Recipe	1	22	22	0	0	0	mexifork.com/whole-30-mexican-recipes/	0
high protein mexican recipes	food-baking	Food/Recipe	1	21	21	0	0	0	mexifork.com/high-protein-mexican-recipes/	0
dairy free mexican recipes	food-baking	Food/Recipe	1	11	11	0	0	0	mexifork.com/dairy-free-mexican-recipes/	0
hot mexican dip recipes	food-baking	Food/Recipe	1	6	6	1	16.67	14.57	mexifork.com/hot-mexican-dip-recipes/	1
recipes with raos alfredo sauce	food-baking	Food/Recipe	1	201	201	1	0.5	1.19	saucybold.com/recipes-with-raos-alfredo-sauce/	1
recipes with marinara sauce	food-baking	Food/Recipe	1	163	163	0	0	0	saucybold.com/recipes-with-marinara-sauce/	0
recipes using canned nacho cheese sauce	food-baking	Food/Recipe	1	146	146	4	2.74	6.14	saucybold.com/recipes-using-canned-nacho-cheese-sauce/	4
low calorie pasta sauce recipes	food-baking	Food/Recipe	1	146	146	0	0	0	saucybold.com/low-calorie-pasta-sauce-recipes/	0
leftover pasta sauce recipes	food-baking	Food/Recipe	1	91	91	0	0	0	saucybold.com/leftover-pasta-sauce-recipes/	0
recipes with sweet chili sauce	food-baking	Food/Recipe	1	91	91	2	2.2	4.47	saucybold.com/recipes-with-sweet-chili-sauce/	2
pork chop recipes with sauce	food-baking	Food/Recipe	1	90	90	0	0	0	saucybold.com/pork-chop-recipes-with-sauce/	0
non tomato pasta sauce recipes	food-baking	Food/Recipe	1	81	81	1	1.23	2.43	saucybold.com/non-tomato-pasta-sauce-recipes/	1
chicken in white sauce recipes	food-baking	Food/Recipe	1	62	62	0	0	0	saucybold.com/chicken-in-white-sauce-recipes/	0
recipes with chili garlic sauce	food-baking	Food/Recipe	1	45	45	0	0	0	saucybold.com/recipes-with-chili-garlic-sauce/	0
g hughes sweet chili sauce recipes	food-baking	Food/Recipe	1	42	42	0	0	0	saucybold.com/g-hughes-sweet-chili-sauce-recipes/	0
recipes with enchilada sauce	food-baking	Food/Recipe	1	42	42	0	0	0	saucybold.com/recipes-with-enchilada-sauce/	0
leftover cranberry sauce recipes	food-baking	Food/Recipe	1	37	37	0	0	0	saucybold.com/leftover-cranberry-sauce-recipes/	0
pasta recipes without tomato sauce	food-baking	Food/Recipe	1	36	36	0	0	0	saucybold.com/pasta-recipes-without-tomato-sauce/	0
chicken dipping sauce recipes	food-baking	Food/Recipe	1	26	26	0	0	0	saucybold.com/chicken-dipping-sauce-recipes/	0
japanese barbecue sauce recipes	food-baking	Food/Recipe	1	26	26	0	0	0	saucybold.com/japanese-barbecue-sauce-recipes/	0
recipes with tomato sauce	food-baking	Food/Recipe	1	25	25	0	0	0	saucybold.com/recipes-with-tomato-sauce/	0
recipes with alfredo sauce	food-baking	Food/Recipe	1	20	20	3	15	20.51	saucybold.com/recipes-with-alfredo-sauce/	3
rice and spaghetti sauce recipes	food-baking	Food/Recipe	1	20	20	0	0	0	saucybold.com/rice-and-spaghetti-sauce-recipes/	0
red sauce pasta recipes vegetarian	food-baking	Food/Recipe	1	18	18	0	0	0	saucybold.com/red-sauce-pasta-recipes-vegetarian/	0
dipping sauce recipes for chips	food-baking	Food/Recipe	1	17	17	0	0	0	saucybold.com/dipping-sauce-recipes-for-chips/	0
honey hot wing sauce recipes	food-baking	Food/Recipe	1	17	17	0	0	0	saucybold.com/honey-hot-wing-sauce-recipes/	0
chipotle peppers in adobo sauce recipes	food-baking	Food/Recipe	1	16	16	0	0	0	saucybold.com/chipotle-peppers-in-adobo-sauce-recipes/	0
sauce recipes	food-baking	Food/Recipe	1	19	19	0	0	0	saucybold.com/sauce-recipes/	0
whole berry cranberry sauce recipes	food-baking	Food/Recipe	1	13	13	0	0	0	saucybold.com/whole-berry-cranberry-sauce-recipes/	0
gluten free pasta sauce recipes	food-baking	Food/Recipe	2	27	14	0	0	0	saucybold.com/gluten-free-pasta-sauce-recipes/	0
pork chops in tomato sauce recipes	food-baking	Food/Recipe	1	12	12	0	0	0	saucybold.com/pork-chops-in-tomato-sauce-recipes/	0
recipes using reeses peanut butter sauce	food-baking	Food/Recipe	1	12	12	0	0	0	saucybold.com/recipes-using-reeses-peanut-butter-sauce/	0
recipes with green enchilada sauce	food-baking	Food/Recipe	1	12	12	0	0	0	saucybold.com/recipes-with-green-enchilada-sauce/	0
veggie pasta sauce recipes	food-baking	Food/Recipe	1	12	12	0	0	0	saucybold.com/veggie-pasta-sauce-recipes/	0
quick and easy dinner recipes black people	food-baking	Food/Recipe	1	91	91	1	1.1	2.23	fastcooky.com/quick-and-easy-dinner-recipes-black-people/	1
easy quick healthy low cholesterol dinner recipes	food-baking	Food/Recipe	1	74	74	2	2.7	5.24	fastcooky.com/easy-quick-healthy-low-cholesterol-dinner-recipes/	2
quick and easy dinner recipes gluten and dairy free	food-baking	Food/Recipe	1	45	45	0	0	0	fastcooky.com/quick-and-easy-dinner-recipes-gluten-and-dairy-free/	0
quick easy food recipes snacks healthy no bake	food-baking	Food/Recipe	1	26	26	0	0	0	fastcooky.com/quick-easy-food-recipes-snacks-healthy-no-bake/	0
quick and easy dinner recipes for two air fryer	food-baking	Food/Recipe	1	23	23	1	4.35	6.21	fastcooky.com/quick-and-easy-dinner-recipes-for-two-air-fryer/	1
quick and easy dinner recipes vegetarian simple healthy	food-baking	Food/Recipe	1	22	22	0	0	0	fastcooky.com/quick-and-easy-dinner-recipes-vegetarian-simple-healthy/	0
quick and easy stove top dinner recipes	outfit-style	Food/Recipe	1	18	18	0	0	0	fastcooky.com/quick-and-easy-stove-top-dinner-recipes/	0
quick and easy healthy dinner recipes clean eating low carb	food-baking	Food/Recipe	1	17	17	1	5.88	7.63	fastcooky.com/quick-and-easy-healthy-dinner-recipes-clean-eating-low-carb/	1
quick and easy dinner recipes with mashed potatoes	food-baking	Food/Recipe	1	16	16	0	0	0	fastcooky.com/quick-and-easy-dinner-recipes-with-mashed-potatoes/	0
quick and easy dinner recipes for two	food-baking	Food/Recipe	1	15	15	0	0	0	fastcooky.com/quick-and-easy-dinner-recipes-for-two/	0
quick and easy dinner recipes chicken 5 ingredients	food-baking	Food/Recipe	1	13	13	0	0	0	fastcooky.com/quick-and-easy-dinner-recipes-chicken-5-ingredients/	0
quick and easy dinner recipes for kids	food-baking	Food/Recipe	1	9	9	1	11.11	11.49	fastcooky.com/quick-and-easy-dinner-recipes-for-kids/	1
easy dinner recipes for two cheap quick	food-baking	Food/Recipe	1	4	4	2	50	36.14	fastcooky.com/easy-dinner-recipes-for-two-cheap-quick/	2
quick and easy dinner recipes with smoked sausage	food-baking	Food/Recipe	1	3	3	1	33.33	20.75	fastcooky.com/quick-and-easy-dinner-recipes-with-smoked-sausage/	1
mini muffin tin recipes desserts	food-baking	Food/Recipe	1	104	104	1	0.96	2.01	muffinora.com/mini-muffin-tin-recipes-desserts/	1
mini muffin tin recipes appetizers	food-baking	Food/Recipe	1	87	87	0	0	0	muffinora.com/mini-muffin-tin-recipes-appetizers/	0
easy muffin recipes 4 ingredients	food-baking	Food/Recipe	1	65	65	0	0	0	muffinora.com/easy-muffin-recipes-4-ingredients/	0
chia seed muffin recipes	food-baking	Food/Recipe	1	58	58	0	0	0	muffinora.com/chia-seed-muffin-recipes/	0
high protein muffin tin recipes	food-baking	Food/Recipe	1	52	52	0	0	0	muffinora.com/high-protein-muffin-tin-recipes/	0
pampered chef large muffin pan recipes	product-specific	Food/Recipe	1	45	45	0	0	0	muffinora.com/pampered-chef-large-muffin-pan-recipes/	0
jiffy muffin mix recipes	food-baking	Food/Recipe	1	46	46	0	0	0	muffinora.com/jiffy-muffin-mix-recipes/	0
high fiber muffin recipes	food-baking	Food/Recipe	1	42	42	0	0	0	muffinora.com/high-fiber-muffin-recipes/	0
tortilla muffin tin recipes	food-baking	Food/Recipe	1	33	33	0	0	0	muffinora.com/tortilla-muffin-tin-recipes/	0
martha white muffin mix recipes	food-baking	Food/Recipe	1	31	31	0	0	0	muffinora.com/martha-white-muffin-mix-recipes/	0
favorite muffin copycat recipes	food-baking	Food/Recipe	1	31	31	0	0	0	muffinora.com/my-favorite-muffin-copycat-recipes/	0
jiffy corn muffin mix recipes	food-baking	Food/Recipe	1	24	24	0	0	0	muffinora.com/jiffy-corn-muffin-mix-recipes/	0
muffin recipes for diabetics	food-baking	Food/Recipe	1	21	21	0	0	0	muffinora.com/muffin-recipes-for-diabetics/	0
pampered chef mini muffin pan recipes	product-specific	Food/Recipe	1	20	20	0	0	0	muffinora.com/pampered-chef-mini-muffin-pan-recipes/	0
silicone mini muffin pan recipes	product-specific	Food/Recipe	1	19	19	0	0	0	muffinora.com/silicone-mini-muffin-pan-recipes/	0
martha white apple cinnamon muffin mix recipes	food-baking	Food/Recipe	1	16	16	0	0	0	muffinora.com/martha-white-apple-cinnamon-muffin-mix-recipes/	0
mini muffin tin recipes brunch	food-baking	Food/Recipe	1	19	19	2	10.53	14.17	muffinora.com/mini-muffin-tin-recipes-brunch/	2
easy mini muffin recipes	food-baking	Food/Recipe	1	13	13	0	0	0	muffinora.com/easy-mini-muffin-recipes/	0
healthy muffin tin recipes	food-baking	Food/Recipe	1	13	13	0	0	0	muffinora.com/healthy-muffin-tin-recipes/	0
big batch muffin recipes	food-baking	Food/Recipe	1	12	12	0	0	0	muffinora.com/big-batch-muffin-recipes/	0
healthy muffin recipes gluten free	food-baking	Food/Recipe	1	12	12	0	0	0	muffinora.com/healthy-muffin-recipes-gluten-free/	0
egg and english muffin recipes	food-baking	Food/Recipe	1	11	11	0	0	0	muffinora.com/egg-and-english-muffin-recipes/	0
muffin recipes peanut butter	food-baking	Food/Recipe	1	11	11	0	0	0	muffinora.com/muffin-recipes-peanut-butter/	0
vegan gluten free muffin recipes	food-baking	Food/Recipe	1	10	10	1	10	10.77	muffinora.com/vegan-gluten-free-muffin-recipes/	1
pampered chef muffin pan recipes	product-specific	Food/Recipe	1	9	9	1	11.11	11.49	muffinora.com/pampered-chef-muffin-pan-recipes/	1
lunch for a crowd ideas	general	Food/Recipe	1	302	302	1	0.33	0.85	fastlunchy.com/lunch-for-a-crowd-ideas/	1
lunch box ideas for adults	general	Food/Recipe	1	74	74	0	0	0	fastlunchy.com/lunch-box-ideas-for-adults/	0
lunch ideas for entertaining friends	general	Food/Recipe	1	78	78	2	2.56	5.02	fastlunchy.com/lunch-ideas-for-entertaining-friends/	2
low calorie school lunch ideas	general	Food/Recipe	1	68	68	0	0	0	fastlunchy.com/low-calorie-school-lunch-ideas/	0
lunch ideas for 12 month old	general	Food/Recipe	1	54	54	0	0	0	fastlunchy.com/lunch-ideas-for-12-month-old/	0
japanese bento box recipes lunch ideas	food-baking	Food/Recipe	1	39	39	1	2.56	4.24	fastlunchy.com/japanese-bento-box-recipes-lunch-ideas/	1
easy beach picnic food lunch ideas	general	Food/Recipe	1	37	37	0	0	0	fastlunchy.com/easy-beach-picnic-food-lunch-ideas/	0
lunch ideas for picky eaters adults	general	Food/Recipe	1	31	31	0	0	0	fastlunchy.com/lunch-ideas-for-picky-eaters-adults/	0
lunch ideas for picky eaters	general	Food/Recipe	1	30	30	1	3.33	5.14	fastlunchy.com/lunch-ideas-for-picky-eaters/	1
lunch ideas for men	general	Food/Recipe	1	29	29	1	3.45	5.27	fastlunchy.com/work-lunch-ideas-for-men/	1
gluten free dairy free lunch ideas	general	Food/Recipe	1	30	30	0	0	0	fastlunchy.com/gluten-free-dairy-free-lunch-ideas/	0
grab and go lunch ideas	general	Food/Recipe	1	18	18	0	0	0	fastlunchy.com/grab-and-go-lunch-ideas/	0
lunch ideas for field trips	general	Food/Recipe	1	18	18	0	0	0	fastlunchy.com/lunch-ideas-for-field-trips/	0
easy and cheap lunch ideas	general	Food/Recipe	1	16	16	0	0	0	fastlunchy.com/easy-and-cheap-lunch-ideas/	0
lunch sandwich ideas	general	Food/Recipe	1	13	13	0	0	0	fastlunchy.com/lunch-sandwich-ideas-for-work/	0
low carb lunch ideas	general	Food/Recipe	1	12	12	0	0	0	fastlunchy.com/low-carb-lunch-ideas-for-work/	0
ideas de lunch para el trabajo	general	Food/Recipe	1	11	11	0	0	0	fastlunchy.com/ideas-de-lunch-para-el-trabajo/	0
lunch box cake ideas for boyfriend	food-baking	Food/Recipe	1	4	4	1	25	18.07	fastlunchy.com/lunch-box-cake-ideas-for-boyfriend/	1
low cal meal prep lunch ideas	general	Food/Recipe	1	3	3	1	33.33	20.75	fastlunchy.com/low-cal-meal-prep-lunch-ideas/	1
oil free salad dressing recipes	food-baking	Food/Recipe	1	119	119	2	1.68	3.61	saladnest.com/oil-free-salad-dressing-recipes/	2
salad recipes for dinner party	food-baking	Food/Recipe	1	104	104	2	1.92	4.01	saladnest.com/salad-recipes-for-dinner-party/	2
pasta salad recipes gluten free	food-baking	Food/Recipe	1	72	72	1	1.39	2.68	saladnest.com/pasta-salad-recipes-gluten-free/	1
balsamic vinegar recipes salad dressings	food-baking	Food/Recipe	1	69	69	2	2.9	5.53	saladnest.com/balsamic-vinegar-recipes-salad-dressings/	2
salad recipes for dinner	food-baking	Food/Recipe	1	55	55	0	0	0	saladnest.com/salad-recipes-for-dinner/	0
low cal pasta salad recipes	food-baking	Food/Recipe	1	57	57	0	0	0	saladnest.com/low-cal-pasta-salad-recipes/	0
half baked harvest salad recipes	food-baking	Food/Recipe	1	46	46	0	0	0	saladnest.com/half-baked-harvest-salad-recipes/	0
best green salad recipes for party	food-baking	Food/Recipe	1	43	43	1	2.33	3.96	saladnest.com/best-green-salad-recipes-for-party/	1
raw vegetable salad recipes healthy	food-baking	Food/Recipe	1	39	39	2	5.13	8.5	saladnest.com/raw-vegetable-salad-recipes-healthy/	2
brussel sprout salad recipes with bacon	food-baking	Food/Recipe	1	22	22	0	0	0	saladnest.com/brussel-sprout-salad-recipes-with-bacon/	0
romaine lettuce salad recipes	food-baking	Food/Recipe	1	21	21	0	0	0	saladnest.com/romaine-lettuce-salad-recipes/	0
salad toppings ideas healthy recipes	food-baking	Food/Recipe	1	25	25	0	0	0	saladnest.com/salad-toppings-ideas-healthy-recipes/	0
green salad with chicken recipes	food-baking	Food/Recipe	1	18	18	0	0	0	saladnest.com/green-salad-with-chicken-recipes/	0
salad and go copycat recipes	food-baking	Food/Recipe	1	18	18	0	0	0	saladnest.com/salad-and-go-copycat-recipes/	0
beet and apple salad recipes	food-baking	Food/Recipe	1	17	17	0	0	0	saladnest.com/beet-and-apple-salad-recipes/	0
salad recipes for school lunches	food-baking	Food/Recipe	1	17	17	0	0	0	saladnest.com/salad-recipes-for-school-lunches/	0
dairy free pasta salad recipes	food-baking	Food/Recipe	1	16	16	0	0	0	saladnest.com/dairy-free-pasta-salad-recipes/	0
pasta salad recipes tri color	food-baking	Food/Recipe	1	16	16	0	0	0	saladnest.com/pasta-salad-recipes-tri-color/	0
salad recipes with spring mix lettuce	food-baking	Food/Recipe	1	16	16	0	0	0	saladnest.com/salad-recipes-with-spring-mix-lettuce/	0
dairy free salad dressing recipes	food-baking	Food/Recipe	1	15	15	0	0	0	saladnest.com/dairy-free-salad-dressing-recipes/	0
side salad recipes for bbq	food-baking	Food/Recipe	1	15	15	0	0	0	saladnest.com/side-salad-recipes-for-bbq/	0
high protein tuna salad recipes	food-baking	Food/Recipe	1	14	14	0	0	0	saladnest.com/high-protein-tuna-salad-recipes/	0
pasta salad recipes with salami	food-baking	Food/Recipe	1	14	14	0	0	0	saladnest.com/pasta-salad-recipes-with-salami/	0
poppy seed salad dressing recipes	food-baking	Food/Recipe	1	14	14	0	0	0	saladnest.com/poppy-seed-salad-dressing-recipes/	0
lettuce and spinach salad recipes	food-baking	Food/Recipe	1	16	16	0	0	0	saladnest.com/lettuce-and-spinach-salad-recipes/	0
bake snack recipes	food-baking	Food/Recipe	1	850	850	5	0.59	1.79	snackomi.com/no-bake-snack-recipes/	5
gluten free snack recipes	food-baking	Food/Recipe	1	179	179	2	1.12	2.61	snackomi.com/gluten-free-snack-recipes/	2
quick and easy late night snack recipes	food-baking	Food/Recipe	1	168	168	0	0	0	snackomi.com/quick-and-easy-late-night-snack-recipes/	0
healthy snack mix recipes	food-baking	Food/Recipe	1	130	130	6	4.62	10.11	snackomi.com/healthy-snack-mix-recipes/	6
chex snack mix recipes	food-baking	Food/Recipe	1	115	115	0	0	0	snackomi.com/chex-snack-mix-recipes/	0
healthy snack recipes easy	food-baking	Food/Recipe	1	95	95	0	0	0	snackomi.com/healthy-snack-recipes-easy/	0
quick snack recipes for tea	food-baking	Food/Recipe	1	52	52	0	0	0	snackomi.com/quick-snack-recipes-for-tea/	0
easy snack recipes no bake 3 ingredients	food-baking	Food/Recipe	1	50	50	0	0	0	snackomi.com/easy-snack-recipes-no-bake-3-ingredients/	0
gluten free salty snack recipes	food-baking	Food/Recipe	1	46	46	0	0	0	snackomi.com/gluten-free-salty-snack-recipes/	0
fun snack recipes for kids	food-baking	Food/Recipe	1	39	39	0	0	0	snackomi.com/fun-snack-recipes-for-kids/	0
healthy greek yogurt snack recipes	food-baking	Food/Recipe	1	40	40	0	0	0	snackomi.com/healthy-greek-yogurt-snack-recipes/	0
easy after school snack recipes	food-baking	Food/Recipe	1	34	34	1	2.94	4.69	snackomi.com/easy-after-school-snack-recipes/	1
low calorie snack mix recipes	food-baking	Food/Recipe	1	33	33	0	0	0	snackomi.com/low-calorie-snack-mix-recipes/	0
easy snack mix recipes	food-baking	Food/Recipe	1	32	32	0	0	0	snackomi.com/easy-snack-mix-recipes/	0
healthy air fryer snack recipes	food-baking	Food/Recipe	1	31	31	0	0	0	snackomi.com/healthy-air-fryer-snack-recipes/	0
gluten free dairy free snack recipes	food-baking	Food/Recipe	1	29	29	0	0	0	snackomi.com/gluten-free-dairy-free-snack-recipes/	0
fruit snack recipes for kids	food-baking	Food/Recipe	1	24	24	0	0	0	snackomi.com/fruit-snack-recipes-for-kids/	0
bugles snack mix recipes	food-baking	Food/Recipe	1	23	23	0	0	0	snackomi.com/bugles-snack-mix-recipes/	0
air fryer snack recipes	food-baking	Food/Recipe	1	22	22	0	0	0	snackomi.com/air-fryer-snack-recipes/	0
late night snack recipes	food-baking	Food/Recipe	1	22	22	0	0	0	snackomi.com/late-night-snack-recipes/	0
cottage cheese recipes snack	food-baking	Food/Recipe	1	19	19	0	0	0	snackomi.com/cottage-cheese-recipes-snack/	0
snack crackers recipes no bake	food-baking	Food/Recipe	1	19	19	0	0	0	snackomi.com/snack-crackers-recipes-no-bake/	0
sweet and salty christmas snack mix recipes	food-baking	Food/Recipe	1	19	19	0	0	0	snackomi.com/sweet-and-salty-christmas-snack-mix-recipes/	0
unique snack mix recipes	food-baking	Food/Recipe	1	14	14	0	0	0	snackomi.com/unique-snack-mix-recipes/	0
quick and easy snack recipes 3 ingredients	food-baking	Food/Recipe	1	12	12	1	8.33	9.6	snackomi.com/quick-and-easy-snack-recipes-3-ingredients/	1
healthy snack recipes for preschoolers	food-baking	Food/Recipe	1	15	15	0	0	0	snackomi.com/healthy-snack-recipes-for-preschoolers/	0
pasta recipes with ricotta cheese	food-baking	Food/Recipe	1	56	56	0	0	0	pastahug.com/pasta-recipes-with-ricotta-cheese/	0
pasta salad recipes no tomatoes	food-baking	Food/Recipe	1	31	31	0	0	0	pastahug.com/pasta-salad-recipes-no-tomatoes/	0
pasta recipes for pregnant women	food-baking	Food/Recipe	1	31	31	0	0	0	pastahug.com/pasta-recipes-for-pregnant-women/	0
heavy cream recipes dinner pasta	food-baking	Food/Recipe	1	25	25	0	0	0	pastahug.com/heavy-cream-recipes-dinner-pasta/	0
pasta recipes for a crowd	food-baking	Food/Recipe	1	22	22	0	0	0	pastahug.com/pasta-recipes-for-a-crowd/	0
crockpot pasta recipes easy vegetarian	food-baking	Food/Recipe	1	22	22	0	0	0	pastahug.com/crockpot-pasta-recipes-easy-vegetarian/	0
pasta recipes with cream cheese	food-baking	Food/Recipe	1	16	16	0	0	0	pastahug.com/pasta-recipes-with-cream-cheese/	0
pasta recipes with no meat	food-baking	Food/Recipe	1	18	18	0	0	0	pastahug.com/pasta-recipes-with-no-meat/	0
pasta and vodka sauce recipes	food-baking	Food/Recipe	1	14	14	0	0	0	pastahug.com/pasta-and-vodka-sauce-recipes/	0
chicken thigh and pasta recipes	food-baking	Food/Recipe	1	13	13	0	0	0	pastahug.com/chicken-thigh-and-pasta-recipes/	0
sweet potato and pasta recipes	food-baking	Food/Recipe	1	11	11	0	0	0	pastahug.com/sweet-potato-and-pasta-recipes/	0
easy dinner recipes not pasta	food-baking	Food/Recipe	1	4	4	1	25	18.07	pastahug.com/easy-dinner-recipes-not-pasta/	1
kitchen corner cabinet	product-specific	Kitchen	1	31	31	0	0	0	anniestyling.com/kitchen-corner-cabinet/	0
wallpaper kitchen backsplash	room-ideas	Kitchen	1	26	26	0	0	0	anniestyling.com/wallpaper-kitchen-backsplash/	0
gluten free bread machine recipes	food-baking	Food/Recipe	1	261	261	1	0.38	0.95	avetaste.com/gluten-free-bread-machine-recipes/	1
crockpot pork tenderloin recipes	food-baking	Food/Recipe	1	177	177	0	0	0	avetaste.com/crockpot-pork-tenderloin-recipes/	0
gluten free muffins recipes	food-baking	Food/Recipe	1	119	119	1	0.84	1.81	avetaste.com/gluten-free-muffins-recipes/	1
gluten free dairy free recipes	food-baking	Food/Recipe	1	115	115	0	0	0	avetaste.com/gluten-free-dairy-free-recipes/	0
cream cheese dip recipes	food-baking	Food/Recipe	1	113	113	0	0	0	avetaste.com/cream-cheese-dip-recipes/	0
crockpot round steak recipes	food-baking	Food/Recipe	1	78	78	3	3.85	7.55	avetaste.com/crockpot-round-steak-recipes/	3
pasta with rotisserie chicken	food-recipe	Food/Recipe	1	48	48	0	0	0	avetaste.com/pasta-with-rotisserie-chicken/	0
recipes with chicken broth	food-baking	Food/Recipe	1	48	48	0	0	0	avetaste.com/recipes-with-chicken-broth/	0
almond flour cake recipes	food-baking	Food/Recipe	1	47	47	0	0	0	avetaste.com/almond-flour-cake-recipes/	0
dairy free marry me chicken	food-recipe	Food/Recipe	1	39	39	0	0	0	avetaste.com/dairy-free-marry-me-chicken/	0
roasted butternut squash recipes	food-baking	Food/Recipe	1	37	37	0	0	0	avetaste.com/roasted-butternut-squash-recipes/	0
aroma rice cooker recipes	food-baking	Food/Recipe	1	33	33	0	0	0	avetaste.com/aroma-rice-cooker-recipes/	0
angel food cake recipes	food-baking	Food/Recipe	1	32	32	0	0	0	avetaste.com/angel-food-cake-recipes/	0
crockpot chicken leg recipes	food-baking	Food/Recipe	1	32	32	0	0	0	avetaste.com/crockpot-chicken-leg-recipes/	0
easy crockpot chicken recipes	food-baking	Food/Recipe	1	26	26	0	0	0	avetaste.com/easy-crockpot-chicken-recipes/	0
sides for butter chicken	food-recipe	Food/Recipe	1	25	25	0	0	0	avetaste.com/sides-for-butter-chicken/	0
budget crockpot recipes	food-baking	Food/Recipe	1	22	22	1	4.55	6.41	avetaste.com/budget-crockpot-recipes/	1
crockpot chicken taco recipes	food-baking	Food/Recipe	1	20	20	0	0	0	avetaste.com/crockpot-chicken-taco-recipes/	0
butternut squash soup recipes	food-baking	Food/Recipe	2	32	16	0	0	0	avetaste.com/butternut-squash-soup-recipes/	0
cake recipes from scratch	food-baking	Food/Recipe	1	19	19	0	0	0	avetaste.com/cake-recipes-from-scratch/	0
rice a roni chicken casserole	food-recipe	Food/Recipe	1	19	19	0	0	0	avetaste.com/rice-a-roni-chicken-casserole/	0
chocolate cake mix recipes	food-baking	Food/Recipe	1	18	18	0	0	0	avetaste.com/chocolate-cake-mix-recipes/	0
sides for smoked chicken	food-recipe	Food/Recipe	1	18	18	0	0	0	avetaste.com/sides-for-smoked-chicken/	0
crockpot potluck recipes	food-baking	Food/Recipe	1	17	17	1	5.88	7.63	avetaste.com/crockpot-potluck-recipes/	1
crockpot chicken wings recipes	food-baking	Food/Recipe	1	16	16	0	0	0	avetaste.com/crockpot-chicken-wings-recipes/	0
cream of chicken soup recipes	food-baking	Food/Recipe	1	14	14	0	0	0	avetaste.com/cream-of-chicken-soup-recipes/	0
beans and rice recipes	food-baking	Food/Recipe	1	13	13	0	0	0	avetaste.com/beans-and-rice-recipes/	0
chip dip recipes	food-baking	Food/Recipe	1	13	13	0	0	0	avetaste.com/chip-dip-recipes/	0
low carb crockpot recipes	food-baking	Food/Recipe	1	13	13	0	0	0	avetaste.com/low-carb-crockpot-recipes/	0
lunch recipes	food-baking	Food/Recipe	1	13	13	0	0	0	avetaste.com/lunch-recipes/	0
grilled chicken thighs bone	food-recipe	Food/Recipe	1	12	12	0	0	0	avetaste.com/grilled-chicken-thighs-bone-in/	0
best way to cook chicken breast	food-recipe	Food/Recipe	1	11	11	0	0	0	avetaste.com/best-way-to-cook-chicken-breast/	0
cake mix and soda recipes	food-baking	Food/Recipe	1	11	11	0	0	0	avetaste.com/cake-mix-and-soda-recipes/	0
canned chicken nuggets air fryer	food-recipe	Food/Recipe	1	11	11	0	0	0	avetaste.com/canned-chicken-nuggets-air-fryer/	0
chicken and green beans	food-recipe	Food/Recipe	1	11	11	0	0	0	avetaste.com/chicken-and-green-beans/	0
weight watchers chicken pot pie	product-specific	Food/Recipe	1	11	11	0	0	0	avetaste.com/weight-watchers-chicken-pot-pie/	0
bathroom dark walls	room-ideas	Home Decor	1	204	204	2	0.98	0.65	celenastudio.com/bathroom-dark-walls/	2
small room layout bedroom	room-ideas	Home Decor	1	101	101	3	2.97	1.7	celenastudio.com/small-room-layout-bedroom/	3
bifold bathroom door ideas	room-ideas	Home Decor	1	90	90	16	17.78	9.95	celenastudio.com/bifold-bathroom-door-ideas/	16
brown granite countertops bathroom	room-ideas	Home Decor	1	80	80	3	3.75	2.04	celenastudio.com/brown-granite-countertops-bathroom/	3
bathroom high ceiling	room-ideas	Home Decor	1	79	79	5	6.33	3.44	celenastudio.com/bathroom-high-ceiling/	5
bedroom with sloped ceiling	room-ideas	Home Decor	1	67	67	1	1.49	0.78	celenastudio.com/bedroom-with-sloped-ceiling/	1
modern victorian bathroom	room-ideas	Home Decor	1	64	64	1	1.56	0.81	celenastudio.com/modern-victorian-bathroom/	1
large bedroom wall decor	room-ideas	Home Decor	1	59	59	2	3.39	1.72	celenastudio.com/large-bedroom-wall-decor/	2
bedroom and bathroom in one	room-ideas	Home Decor	1	57	57	0	0	0	celenastudio.com/bedroom-and-bathroom-in-one/	0
white and grey marble bathroom	room-ideas	Home Decor	1	54	54	3	5.56	2.76	celenastudio.com/white-and-grey-marble-bathroom/	3
bathroom floor and wall tile ideas	room-ideas	Home Decor	1	52	52	3	5.77	2.84	celenastudio.com/bathroom-floor-and-wall-tile-ideas/	3
camel sofa living room	product-specific	Home Decor	1	45	45	3	6.67	3.17	celenastudio.com/camel-sofa-living-room/	3
bathroom artwork ideas	room-ideas	Home Decor	1	43	43	1	2.33	1.09	celenastudio.com/bathroom-artwork-ideas/	1
bathroom ceiling ideas	room-ideas	Home Decor	1	39	39	6	15.38	7.04	celenastudio.com/bathroom-ceiling-ideas/	6
small bathroom ideas modern	room-ideas	Home Decor	1	38	38	4	10.53	4.79	celenastudio.com/small-bathroom-ideas-modern/	4
small space bedroom design	room-ideas	Home Decor	1	29	29	0	0	0	celenastudio.com/small-space-bedroom-design/	0
living room with window wall	room-ideas	Home Decor	1	28	28	0	0	0	celenastudio.com/living-room-with-window-wall/	0
bathroom wall stencil ideas	room-ideas	Home Decor	1	27	27	3	11.11	4.59	celenastudio.com/bathroom-wall-stencil-ideas/	3
wedding bathroom basket list	product-specific	Home Decor	1	26	26	4	15.38	6.29	celenastudio.com/wedding-bathroom-basket-list/	4
modern western bathroom	room-ideas	Home Decor	1	25	25	0	0	0	celenastudio.com/modern-western-bathroom/	0
two chairs living room	room-ideas	Home Decor	1	23	23	0	0	0	celenastudio.com/two-chairs-living-room/	0
vintage bathroom light fixtures	room-ideas	Home Decor	1	23	23	3	13.04	5.14	celenastudio.com/vintage-bathroom-light-fixtures/	3
hanging chair living room	product-specific	Home Decor	1	22	22	1	4.55	1.77	celenastudio.com/hanging-chair-living-room/	1
yellow walls living room	room-ideas	Home Decor	1	21	21	0	0	0	celenastudio.com/yellow-walls-living-room/	0
quirky bathroom ideas	room-ideas	Home Decor	1	19	19	2	10.53	3.91	celenastudio.com/quirky-bathroom-ideas/	2
small bathroom wall decor ideas	room-ideas	Home Decor	1	19	19	4	21.05	7.82	celenastudio.com/small-bathroom-wall-decor-ideas/	4
window mirror wall decor living room	product-specific	Home Decor	1	17	17	2	11.76	4.22	celenastudio.com/window-mirror-wall-decor-living-room/	2
media wall small living room	room-ideas	Home Decor	1	16	16	0	0	0	celenastudio.com/media-wall-small-living-room/	0
powder bathroom ideas	room-ideas	Home Decor	1	16	16	0	0	0	celenastudio.com/powder-bathroom-ideas/	0
bedroom music studio	room-ideas	Home Decor	1	13	13	1	7.69	2.52	celenastudio.com/bedroom-music-studio/	1
ikea bedroom scandinavian	room-ideas	Home Decor	1	13	13	0	0	0	celenastudio.com/ikea-bedroom-scandinavian/	0
modern hamptons bathroom	room-ideas	Home Decor	1	13	13	1	7.69	2.52	celenastudio.com/modern-hamptons-bathroom/	1
bathroom accent wall ideas	room-ideas	Home Decor	1	12	12	0	0	0	celenastudio.com/bathroom-accent-wall-ideas/	0
black penny tile bathroom	room-ideas	Home Decor	1	12	12	0	0	0	celenastudio.com/black-penny-tile-bathroom/	0
black rug living room decor	product-specific	Home Decor	1	12	12	0	0	0	celenastudio.com/black-rug-living-room-decor/	0
bathroom painting ideas canvas	room-ideas	Home Decor	1	11	11	2	18.18	5.6	celenastudio.com/bathroom-painting-ideas-canvas/	2
bedroom clothes storage	outfit-style	Home Decor	1	11	11	1	9.09	2.8	celenastudio.com/bedroom-clothes-storage/	1
box room bedroom	room-ideas	Home Decor	1	11	11	0	0	0	celenastudio.com/box-room-bedroom/	0
country living room decor	room-ideas	Home Decor	1	11	11	4	36.36	11.21	celenastudio.com/country-living-room-decor/	4
living room green sofa	product-specific	Home Decor	1	11	11	0	0	0	celenastudio.com/living-room-green-sofa/	0
beige and gold bathroom	room-ideas	Home Decor	1	9	9	2	22.22	6.35	celenastudio.com/beige-and-gold-bathroom/	2
table centre pieces wedding	wedding-event	Wedding/Craft	1	15	15	0	0	0	celinestory.com/table-centre-pieces-wedding/	0
wedding favor table display	wedding-event	Wedding/Craft	1	15	15	0	0	0	celinestory.com/wedding-favor-table-display/	0
wedding table lights	wedding-event	Wedding/Craft	1	11	11	0	0	0	celinestory.com/wedding-table-lights/	0
wedding table layout	wedding-event	Wedding/Craft	1	5	5	2	40	13.17	celinestory.com/wedding-table-layout/	2
cheap fence ideas budget	general	Home Decor	1	41	41	0	0	0	chloestyling.com/cheap-fence-ideas-budget/	0
wallpaper ceiling hallway ideas	room-ideas	Home Decor	1	26	26	0	0	0	chloestyling.com/wallpaper-ceiling-hallway-ideas/	0
fence edging ideas	general	Home Decor	1	22	22	0	0	0	chloestyling.com/fence-edging-ideas/	0
metal privacy fence ideas	general	Home Decor	1	21	21	0	0	0	chloestyling.com/metal-privacy-fence-ideas/	0
chain link fence decorating ideas	diy-craft	Home Decor	1	19	19	0	0	0	chloestyling.com/chain-link-fence-decorating-ideas/	0
jasmine vine trellis	general	Home Decor	1	18	18	0	0	0	chloestyling.com/jasmine-vine-trellis/	0
animal crossing fence ideas	general	Home Decor	1	11	11	0	0	0	chloestyling.com/animal-crossing-fence-ideas/	0
espalier fruit trees fence ideas	general	Home Decor	1	12	12	0	0	0	chloestyling.com/espalier-fruit-trees-fence-ideas/	0
trash can storage kitchen	room-ideas	Kitchen	1	28	28	0	0	0	clarastyling.com/trash-can-storage-kitchen/	0
wall art for kitchen	room-ideas	Kitchen	1	19	19	0	0	0	clarastyling.com/wall-art-for-kitchen/	0
sink ideas kitchen	room-ideas	Kitchen	1	18	18	0	0	0	clarastyling.com/sink-ideas-kitchen/	0
retro kitchen tables	room-ideas	Kitchen	1	18	18	0	0	0	clarastyling.com/retro-kitchen-tables/	0
kitchen sconces over sink	product-specific	Kitchen	1	14	14	0	0	0	clarastyling.com/kitchen-sconces-over-sink/	0
beef jerky marinade	food-recipe	Food/Recipe	1	176	176	2	1.14	2.65	cookdle.com/beef-jerky-marinade/	2
grilled pork tenderloin recipes	food-baking	Food/Recipe	1	28	28	1	3.57	5.4	cookdle.com/grilled-pork-tenderloin-recipes/	1
leftover beef stew	food-recipe	Food/Recipe	1	21	21	0	0	0	cookdle.com/leftover-beef-stew/	0
canned pink salmon recipes	food-baking	Food/Recipe	1	17	17	0	0	0	cookdle.com/canned-pink-salmon-recipes/	0
bookshelf hidden door	general	Food/Recipe	1	14	14	0	0	0	cookdle.com/bookshelf-hidden-door/	0
ground pork recipes	food-baking	Food/Recipe	1	13	13	0	0	0	cookdle.com/ground-pork-recipes/	0
beef consomme recipe	food-baking	Food/Recipe	1	11	11	0	0	0	cookdle.com/beef-consomme-recipe/	0
bed stand design	product-specific	Food/Recipe	1	3	3	2	66.67	41.51	cookdle.com/bed-stand-design/	2
chia seed pudding recipes	food-baking	Food/Recipe	1	536	536	4	0.75	2.12	cooksonic.com/chia-seed-pudding-recipes/	4
gluten free recipes for dinner	food-baking	Food/Recipe	1	131	131	1	0.76	1.67	cooksonic.com/gluten-free-recipes-for-dinner/	1
easy ramen noodle recipes	food-baking	Food/Recipe	1	112	112	1	0.89	1.89	cooksonic.com/easy-ramen-noodle-recipes/	1
easter side dishes recipes	food-baking	Food/Recipe	1	62	62	0	0	0	cooksonic.com/easter-side-dishes-recipes/	0
easy dinner recipes vegetarian	food-baking	Food/Recipe	1	47	47	0	0	0	cooksonic.com/easy-dinner-recipes-vegetarian/	0
low carb shredded chicken recipes	food-baking	Food/Recipe	1	36	36	0	0	0	cooksonic.com/low-carb-shredded-chicken-recipes/	0
eye of round steak recipes	food-baking	Food/Recipe	1	35	35	0	0	0	cooksonic.com/eye-of-round-steak-recipes/	0
rotisserie chicken and rice recipes	food-baking	Food/Recipe	1	35	35	0	0	0	cooksonic.com/rotisserie-chicken-and-rice-recipes/	0
korean fried chicken sauce	food-recipe	Food/Recipe	1	32	32	0	0	0	cooksonic.com/korean-fried-chicken-sauce/	0
low carb ground chicken recipes	food-baking	Food/Recipe	1	32	32	0	0	0	cooksonic.com/low-carb-ground-chicken-recipes/	0
wire shelf closet organization	product-specific	Food/Recipe	1	30	30	1	3.33	5.14	cooksonic.com/wire-shelf-closet-organization/	1
bone in pork chop recipes	food-baking	Food/Recipe	1	28	28	0	0	0	cooksonic.com/bone-in-pork-chop-recipes/	0
boneless leg of lamb recipes	food-baking	Food/Recipe	1	27	27	0	0	0	cooksonic.com/boneless-leg-of-lamb-recipes/	0
easy dinner recipes for two	food-baking	Food/Recipe	1	27	27	0	0	0	cooksonic.com/easy-dinner-recipes-for-two/	0
chicken and brussel sprouts recipes	food-baking	Food/Recipe	1	25	25	0	0	0	cooksonic.com/chicken-and-brussel-sprouts-recipes/	0
easy sweet potato recipes	food-baking	Food/Recipe	1	24	24	0	0	0	cooksonic.com/easy-sweet-potato-recipes/	0
great british bake off recipes	food-baking	Food/Recipe	1	24	24	0	0	0	cooksonic.com/great-british-bake-off-recipes/	0
bone in chicken thigh recipes	food-baking	Food/Recipe	1	23	23	0	0	0	cooksonic.com/bone-in-chicken-thigh-recipes/	0
cornish game hen recipes	food-baking	Food/Recipe	1	23	23	0	0	0	cooksonic.com/cornish-game-hen-recipes/	0
rattan pendant light kitchen island	room-ideas	Food/Recipe	1	22	22	9	40.91	57.61	cooksonic.com/rattan-pendant-light-kitchen-island/	9
casserole with rotisserie chicken	food-recipe	Food/Recipe	1	21	21	0	0	0	cooksonic.com/casserole-with-rotisserie-chicken/	0
oven baked chicken tenderloins	food-recipe	Food/Recipe	1	21	21	0	0	0	cooksonic.com/oven-baked-chicken-tenderloins/	0
sourdough chicken pot pie	product-specific	Food/Recipe	1	21	21	0	0	0	cooksonic.com/sourdough-chicken-pot-pie/	0
baked brussel sprout recipes	food-baking	Food/Recipe	1	20	20	0	0	0	cooksonic.com/baked-brussel-sprout-recipes/	0
leftover chicken recipes easy	food-baking	Food/Recipe	1	19	19	0	0	0	cooksonic.com/leftover-chicken-recipes-easy/	0
cottage cheese breakfast recipes	food-baking	Food/Recipe	1	18	18	0	0	0	cooksonic.com/cottage-cheese-breakfast-recipes/	0
bone in chicken breast recipes	food-baking	Food/Recipe	1	17	17	0	0	0	cooksonic.com/bone-in-chicken-breast-recipes/	0
crescent roll breakfast recipes	food-baking	Food/Recipe	1	16	16	0	0	0	cooksonic.com/crescent-roll-breakfast-recipes/	0
ground italian sausage recipes	food-baking	Food/Recipe	1	15	15	1	6.67	8.31	cooksonic.com/ground-italian-sausage-recipes/	1
green curry recipes thai	food-baking	Food/Recipe	1	12	12	1	8.33	9.6	cooksonic.com/green-curry-recipes-thai/	1
chicken bacon potato casserole	food-recipe	Food/Recipe	1	11	11	0	0	0	cooksonic.com/chicken-bacon-potato-casserole/	0
outdoor patio curtains ideas	product-specific	Food/Recipe	1	11	11	1	9.09	10.14	cooksonic.com/outdoor-patio-curtains-ideas/	1
bookshelf design wall small spaces	tattoo	Food/Recipe	1	7	7	2	28.57	26.68	cooksonic.com/bookshelf-design-wall-small-spaces/	2
western boho bedroom ideas	room-ideas	Home Decor	1	33	33	0	0	0	cornerlily.com/western-boho-bedroom-ideas/	0
king size bed in small bedroom ideas	product-specific	Home Decor	3	357	119	9	2.52	1.5	minoradesign.com/king-size-bed-in-small-bedroom-ideas/	5
1930s bathroom ideas	room-ideas	Home Decor	1	24	24	0	0	0	cornerlily.com/1930s-bathroom-ideas/	0
full wall bookshelf living room	room-ideas	Home Decor	1	15	15	0	0	0	cornerlily.com/full-wall-bookshelf-living-room/	0
kids room ideas girls bedroom	room-ideas	Home Decor	1	15	15	0	0	0	cornerlily.com/kids-room-ideas-girls-bedroom/	0
shared bedroom ideas for teens	room-ideas	Home Decor	1	11	11	0	0	0	cornerlily.com/shared-bedroom-ideas-for-teens/	0
small bedroom ideas for men minimalist	room-ideas	Home Decor	1	11	11	0	0	0	cornerlily.com/small-bedroom-ideas-for-men-minimalist/	0
horse bedroom ideas for teens	room-ideas	Home Decor	1	9	9	7	77.78	22.22	cornerlily.com/horse-bedroom-ideas-for-teens/	7
midnight blue bedroom ideas	room-ideas	Home Decor	1	8	8	2	25	6.81	cornerlily.com/midnight-blue-bedroom-ideas/	2
bathroom ideas double sink	room-ideas	Home Decor	1	3	3	1	33.33	5.73	cornerlily.com/bathroom-ideas-double-sink/	1
jungle bedroom ideas for adults	room-ideas	Home Decor	1	3	3	1	33.33	5.73	cornerlily.com/jungle-bedroom-ideas-for-adults/	1
staggered floating shelves living room	product-specific	Home Decor	1	179	179	11	6.15	3.96	cosaroom.com/staggered-floating-shelves-living-room/	11
dark brown bathroom cabinets	room-ideas	Home Decor	1	156	156	10	6.41	4.02	cosaroom.com/dark-brown-bathroom-cabinets/	10
mini bar ideas small spaces living room	room-ideas	Home Decor	1	124	124	7	5.65	3.38	cosaroom.com/mini-bar-ideas-small-spaces-living-room/	7
three kids bedroom ideas	room-ideas	Home Decor	1	108	108	4	3.7	2.15	cosaroom.com/three-kids-bedroom-ideas/	4
textured accent walls in living room	room-ideas	Home Decor	1	84	84	5	5.95	3.28	cosaroom.com/textured-accent-walls-in-living-room/	5
living room fairy lights ideas	room-ideas	Home Decor	1	75	75	2	2.67	1.43	cosaroom.com/living-room-fairy-lights-ideas/	2
bedroom mirror ideas full length	product-specific	Home Decor	1	69	69	4	5.8	3.06	cosaroom.com/bedroom-mirror-ideas-full-length/	4
living room shelving ideas the wall	room-ideas	Home Decor	1	66	66	2	3.03	1.58	cosaroom.com/living-room-shelving-ideas-the-wall/	2
boys bedroom ideas with bunk beds	room-ideas	Home Decor	2	76	38	6	7.89	3.59	cosaroom.com/boys-bedroom-ideas-with-bunk-beds/	5
white subway tile bathroom	room-ideas	Home Decor	1	61	61	2	3.28	1.68	cosaroom.com/white-subway-tile-bathroom/	2
dark green accent wall bedroom ideas	room-ideas	Home Decor	1	59	59	0	0	0	cosaroom.com/dark-green-accent-wall-bedroom-ideas/	0
blue and beige living room	room-ideas	Home Decor	1	49	49	0	0	0	cosaroom.com/blue-and-beige-living-room/	0
chinoiserie living room	room-ideas	Home Decor	1	45	45	3	6.67	3.17	cosaroom.com/chinoiserie-living-room/	3
brown recliner living room decor	room-ideas	Home Decor	1	41	41	3	7.32	3.39	cosaroom.com/brown-recliner-living-room-decor/	3
3 and 2 seater sofa living room layout	product-specific	Home Decor	1	39	39	1	2.56	1.17	cosaroom.com/3-and-2-seater-sofa-living-room-layout/	1
deer head decor living room farmhouse	room-ideas	Home Decor	1	37	37	2	5.41	2.44	cosaroom.com/deer-head-decor-living-room-farmhouse/	2
concrete tile bathroom	room-ideas	Home Decor	1	35	35	0	0	0	cosaroom.com/concrete-tile-bathroom/	0
bathroom brown tile	room-ideas	Home Decor	1	34	34	0	0	0	cosaroom.com/bathroom-brown-tile/	0
living room valance ideas	room-ideas	Home Decor	1	34	34	3	8.82	3.89	cosaroom.com/living-room-valance-ideas/	3
kids desk area in bedroom ideas	room-ideas	Home Decor	1	31	31	1	3.23	1.39	cosaroom.com/kids-desk-area-in-bedroom-ideas/	1
l shaped bathroom vanity	product-specific	Home Decor	1	30	30	0	0	0	cosaroom.com/l-shaped-bathroom-vanity/	0
living room with black couch	product-specific	Home Decor	1	27	27	0	0	0	cosaroom.com/living-room-with-black-couch/	0
colourful bathroom ideas	room-ideas	Home Decor	1	26	26	1	3.85	1.57	cosaroom.com/colourful-bathroom-ideas/	1
large format tile bathroom	room-ideas	Home Decor	1	26	26	0	0	0	cosaroom.com/large-format-tile-bathroom/	0
teen bathroom ideas	room-ideas	Home Decor	1	26	26	0	0	0	cosaroom.com/teen-bathroom-ideas/	0
vintage bathroom vanity ideas	product-specific	Home Decor	1	26	26	0	0	0	cosaroom.com/vintage-bathroom-vanity-ideas/	0
green and gold bedroom ideas	room-ideas	Home Decor	1	25	25	4	16	6.47	cosaroom.com/green-and-gold-bedroom-ideas/	4
black tile bathroom floor	room-ideas	Home Decor	1	22	22	0	0	0	cosaroom.com/black-tile-bathroom-floor/	0
corner cabinet living room	product-specific	Home Decor	1	22	22	0	0	0	cosaroom.com/corner-cabinet-living-room/	0
purple sofa living room ideas	product-specific	Home Decor	1	22	22	0	0	0	cosaroom.com/purple-sofa-living-room-ideas/	0
recliner chair in living room	product-specific	Home Decor	1	22	22	1	4.55	1.77	cosaroom.com/recliner-chair-in-living-room/	1
bathroom ideas terrazzo	room-ideas	Home Decor	1	20	20	0	0	0	cosaroom.com/bathroom-ideas-terrazzo/	0
kitchen in living room	room-ideas	Home Decor	1	20	20	0	0	0	cosaroom.com/kitchen-in-living-room/	0
mirror for bedroom wall ideas	product-specific	Home Decor	1	20	20	1	5	1.89	cosaroom.com/mirror-for-bedroom-wall-ideas/	1
sage green comforter bedroom ideas	room-ideas	Home Decor	1	20	20	0	0	0	cosaroom.com/sage-green-comforter-bedroom-ideas/	0
fairy lights living room apartments	room-ideas	Home Decor	1	18	18	0	0	0	cosaroom.com/fairy-lights-living-room-apartments/	0
bedroom bathroom combo ideas	room-ideas	Home Decor	1	17	17	0	0	0	cosaroom.com/bedroom-bathroom-combo-ideas/	0
painting living room ideas	room-ideas	Home Decor	1	17	17	0	0	0	cosaroom.com/painting-living-room-ideas/	0
toddler twin bedroom ideas	room-ideas	Home Decor	1	17	17	0	0	0	cosaroom.com/toddler-twin-bedroom-ideas/	0
charcoal accent wall bedroom ideas	room-ideas	Home Decor	1	16	16	0	0	0	cosaroom.com/charcoal-accent-wall-bedroom-ideas/	0
cozy lamps living room	product-specific	Home Decor	1	16	16	0	0	0	cosaroom.com/cozy-lamps-living-room/	0
living room with bay window	room-ideas	Home Decor	1	16	16	0	0	0	cosaroom.com/living-room-with-bay-window/	0
pink and yellow living room	room-ideas	Home Decor	1	16	16	0	0	0	cosaroom.com/pink-and-yellow-living-room/	0
sunset living room	room-ideas	Home Decor	1	16	16	1	6.25	2.2	cosaroom.com/sunset-living-room/	1
bathroom ideas girly	room-ideas	Home Decor	1	15	15	2	13.33	4.58	cosaroom.com/bathroom-ideas-girly/	2
bathroom tile pattern	room-ideas	Home Decor	1	15	15	0	0	0	cosaroom.com/bathroom-tile-pattern/	0
accent wall girls bedroom ideas	room-ideas	Home Decor	1	14	14	0	0	0	cosaroom.com/accent-wall-girls-bedroom-ideas/	0
carpet ideas living room modern	room-ideas	Home Decor	1	14	14	1	7.14	2.4	cosaroom.com/carpet-ideas-living-room-modern/	1
fun tile bathroom	room-ideas	Home Decor	1	14	14	1	7.14	2.4	cosaroom.com/fun-tile-bathroom/	1
28 birthday cake	food-baking	Food/Recipe	1	420	420	8	1.9	5.16	cozyslice.com/28-birthday-cake/	8
cheesecake factory recipes	food-baking	Food/Recipe	1	107	107	2	1.87	3.93	cozyslice.com/cheesecake-factory-recipes/	2
bee smash cake	food-baking	Food/Recipe	1	106	106	8	7.55	15.84	cozyslice.com/bee-smash-cake/	8
super mario cake pops	food-baking	Food/Recipe	1	101	101	4	3.96	8.22	cozyslice.com/super-mario-cake-pops/	4
bundt cake decorating ideas	food-baking	Food/Recipe	1	92	92	7	7.61	15.49	cozyslice.com/bundt-cake-decorating-ideas/	7
paw patrol cake ideas	food-baking	Food/Recipe	1	77	77	6	7.79	15.24	cozyslice.com/paw-patrol-cake-ideas/	6
snoopy cake ideas	food-baking	Food/Recipe	1	75	75	13	17.33	33.7	cozyslice.com/snoopy-cake-ideas/	13
tiny wedding cake	food-baking	Food/Recipe	1	67	67	0	0	0	cozyslice.com/tiny-wedding-cake/	0
baby boy cake smash	food-baking	Food/Recipe	1	62	62	0	0	0	cozyslice.com/baby-boy-cake-smash/	0
donut birthday cake	food-baking	Food/Recipe	1	47	47	5	10.64	18.5	cozyslice.com/donut-birthday-cake/	5
pink sweet 16 cake	food-baking	Food/Recipe	1	46	46	2	4.35	7.52	cozyslice.com/pink-sweet-16-cake/	2
truck theme cake	food-baking	Food/Recipe	1	41	41	1	2.44	4.1	cozyslice.com/truck-theme-cake/	1
paper mache lamp	product-specific	Food/Recipe	1	40	40	0	0	0	cozyslice.com/paper-mache-lamp/	0
medical cake	food-baking	Food/Recipe	1	39	39	2	5.13	8.5	cozyslice.com/medical-cake/	2
golden birthday cake ideas	food-baking	Food/Recipe	1	33	33	0	0	0	cozyslice.com/golden-birthday-cake-ideas/	0
retirement cake	food-baking	Food/Recipe	1	33	33	1	3.03	4.8	cozyslice.com/retirement-cake/	1
18th birthday cake aesthetic	food-baking	Food/Recipe	1	31	31	0	0	0	cozyslice.com/18th-birthday-cake-aesthetic/	0
wedding anniversary cake design simple	food-baking	Food/Recipe	1	31	31	0	0	0	cozyslice.com/wedding-anniversary-cake-design-simple/	0
cake models	food-baking	Food/Recipe	1	26	26	0	0	0	cozyslice.com/cake-models/	0
wall tv unit design	tattoo	Food/Recipe	1	26	26	2	7.69	11.38	cozyslice.com/wall-tv-unit-design/	2
colorful birthday cake	food-baking	Food/Recipe	1	25	25	0	0	0	cozyslice.com/colorful-birthday-cake/	0
cowboy smash cake	food-baking	Food/Recipe	1	24	24	1	4.17	6.03	cozyslice.com/cowboy-smash-cake/	1
dog lover cake	food-baking	Food/Recipe	1	24	24	0	0	0	cozyslice.com/dog-lover-cake/	0
moon themed cake	food-baking	Food/Recipe	1	21	21	2	9.52	13.22	cozyslice.com/moon-themed-cake/	2
first bee day cake	food-baking	Food/Recipe	1	20	20	0	0	0	cozyslice.com/first-bee-day-cake/	0
cookie table wedding display	food-baking	Food/Recipe	1	19	19	5	26.32	35.41	cozyslice.com/cookie-table-wedding-display/	5
romantic wedding cake	food-baking	Food/Recipe	1	19	19	0	0	0	cozyslice.com/romantic-wedding-cake/	0
6 months birthday cake	food-baking	Food/Recipe	1	18	18	0	0	0	cozyslice.com/6-months-birthday-cake/	0
cheesecake wedding cake	food-baking	Food/Recipe	1	18	18	0	0	0	cozyslice.com/cheesecake-wedding-cake/	0
dekorasi cake	food-baking	Food/Recipe	1	16	16	0	0	0	cozyslice.com/dekorasi-cake/	0
fast one smash cake	food-baking	Food/Recipe	1	16	16	0	0	0	cozyslice.com/fast-one-smash-cake/	0
beautiful cake designs	food-baking	Food/Recipe	1	15	15	0	0	0	cozyslice.com/beautiful-cake-designs/	0
designer cake ideas	food-baking	Food/Recipe	1	15	15	0	0	0	cozyslice.com/designer-cake-ideas/	0
number cake for boys	food-baking	Food/Recipe	1	15	15	0	0	0	cozyslice.com/number-cake-for-boys/	0
blue birthday cake for men	food-baking	Food/Recipe	1	14	14	0	0	0	cozyslice.com/blue-birthday-cake-for-men/	0
pink and purple cake	food-baking	Food/Recipe	1	14	14	0	0	0	cozyslice.com/pink-and-purple-cake/	0
sugar cookie cups	food-baking	Food/Recipe	1	14	14	1	7.14	8.68	cozyslice.com/sugar-cookie-cups/	1
tall cake designs	food-baking	Food/Recipe	1	14	14	0	0	0	cozyslice.com/tall-cake-designs/	0
5th birthday cake	food-baking	Food/Recipe	1	13	13	1	7.69	9.11	cozyslice.com/5th-birthday-cake/	1
teen birthday cake	food-baking	Food/Recipe	1	13	13	0	0	0	cozyslice.com/teen-birthday-cake/	0
texas dump cake recipes	food-baking	Food/Recipe	1	13	13	0	0	0	cozyslice.com/texas-dump-cake-recipes/	0
loaf cake decoration	food-baking	Food/Recipe	1	12	12	0	0	0	cozyslice.com/loaf-cake-decoration/	0
wedding cake display	food-baking	Food/Recipe	1	12	12	0	0	0	cozyslice.com/wedding-cake-display/	0
pastel cake smash	food-baking	Food/Recipe	1	11	11	0	0	0	cozyslice.com/pastel-cake-smash/	0
light blue birthday cake	food-baking	Food/Recipe	1	10	10	1	10	10.77	cozyslice.com/light-blue-birthday-cake/	1
black iron bed frame bedroom ideas	product-specific	Home Decor	1	266	266	12	4.51	3.13	craftboom.work/black-iron-bed-frame-bedroom-ideas/	12
bedroom ideas with tv	room-ideas	Home Decor	1	229	229	9	3.93	2.65	craftboom.work/bedroom-ideas-with-tv/	9
disney princess bedroom ideas	room-ideas	Home Decor	1	149	149	18	12.08	7.51	craftboom.work/disney-princess-bedroom-ideas/	18
album cover wall decor bedroom ideas	room-ideas	Home Decor	1	121	121	3	2.48	1.48	craftboom.work/album-cover-wall-decor-bedroom-ideas/	3
room painting ideas bedroom aesthetic	room-ideas	Home Decor	2	131	66	1	0.76	0.4	craftboom.work/room-painting-ideas-bedroom-aesthetic/	1
3 x 3 bedroom ideas	room-ideas	Home Decor	1	94	94	1	1.06	0.6	craftboom.work/3-x-3-bedroom-ideas/	1
brown wall bedroom ideas	room-ideas	Home Decor	3	125	42	2	1.6	0.74	craftboom.work/brown-wall-bedroom-ideas/	2
one wall painted living room	room-ideas	Home Decor	1	64	64	0	0	0	craftboom.work/one-wall-painted-living-room/	0
bedroom ceiling fan ideas	product-specific	Home Decor	1	59	59	8	13.56	6.89	craftboom.work/bedroom-ceiling-fan-ideas/	8
black bed frame bedroom ideas	product-specific	Home Decor	2	77	39	1	1.3	0.59	craftboom.work/black-bed-frame-bedroom-ideas/	1
black iron bed frame bedroom ideas 3gkqzv4t9w	product-specific	Home Decor	1	42	42	1	2.38	1.11	craftboom.work/black-iron-bed-frame-bedroom-ideas-3gkqzv4t9w/	1
dark brown bed frame bedroom ideas	product-specific	Home Decor	1	42	42	0	0	0	craftboom.work/dark-brown-bed-frame-bedroom-ideas/	0
peach color bedroom ideas	room-ideas	Home Decor	1	42	42	2	4.76	2.22	craftboom.work/peach-color-bedroom-ideas/	2
white sheer curtains living room	product-specific	Home Decor	1	35	35	1	2.86	1.27	craftboom.work/white-sheer-curtains-living-room/	1
curtains for closet doors bedroom ideas	product-specific	Home Decor	1	34	34	0	0	0	craftboom.work/curtains-for-closet-doors-bedroom-ideas/	0
tan tile bathroom	room-ideas	Home Decor	1	34	34	2	5.88	2.59	craftboom.work/tan-tile-bathroom/	2
grey headboard bedroom ideas	room-ideas	Home Decor	1	33	33	0	0	0	craftboom.work/grey-headboard-bedroom-ideas/	0
pink and purple bedroom ideas	room-ideas	Home Decor	1	33	33	2	6.06	2.65	craftboom.work/pink-and-purple-bedroom-ideas/	2
cork board ideas for bedroom aesthetic	room-ideas	Home Decor	2	57	29	1	1.75	0.73	lyladecor.com/cork-board-ideas-for-bedroom-aesthetic/	1
stair bulkhead ideas bedroom	room-ideas	Home Decor	1	31	31	0	0	0	craftboom.work/stair-bulkhead-ideas-bedroom/	0
mickey mouse bedroom ideas	room-ideas	Home Decor	1	24	24	3	12.5	4.99	craftboom.work/mickey-mouse-bedroom-ideas/	3
beige wall bedroom ideas	room-ideas	Home Decor	1	22	22	0	0	0	craftboom.work/beige-wall-bedroom-ideas/	0
chesterfield sofa living room	product-specific	Home Decor	1	22	22	0	0	0	craftboom.work/chesterfield-sofa-living-room/	0
joanna gaines bedroom ideas	room-ideas	Home Decor	1	22	22	1	4.55	1.77	craftboom.work/joanna-gaines-bedroom-ideas/	1
upholstered beds bedroom ideas	room-ideas	Home Decor	1	22	22	0	0	0	craftboom.work/upholstered-beds-bedroom-ideas/	0
blue and yellow bedroom ideas	room-ideas	Home Decor	1	20	20	1	5	1.89	craftboom.work/blue-and-yellow-bedroom-ideas/	1
dark blue tile bathroom	room-ideas	Home Decor	1	20	20	0	0	0	craftboom.work/dark-blue-tile-bathroom/	0
furniture bedroom ideas 8f9g6kqzwr	room-ideas	Home Decor	1	20	20	7	35	13.22	craftboom.work/furniture-bedroom-ideas-8f9g6kqzwr/	7
utility cart ideas bedroom	room-ideas	Home Decor	1	18	18	2	11.11	4.06	craftboom.work/utility-cart-ideas-bedroom/	2
bedroom ideas twin bed	product-specific	Home Decor	1	17	17	0	0	0	craftboom.work/bedroom-ideas-twin-bed/	0
blue color bedroom ideas	room-ideas	Home Decor	1	17	17	1	5.88	2.11	craftboom.work/blue-color-bedroom-ideas/	1
bedroom desk ideas aesthetic	room-ideas	Home Decor	1	16	16	0	0	0	craftboom.work/bedroom-desk-ideas-aesthetic/	0
corduroy couch living room	product-specific	Home Decor	1	15	15	2	13.33	4.58	craftboom.work/corduroy-couch-living-room/	2
dark oak bedroom ideas	room-ideas	Home Decor	1	15	15	0	0	0	craftboom.work/dark-oak-bedroom-ideas/	0
bloxburg twin bedroom ideas	room-ideas	Home Decor	1	14	14	1	7.14	2.4	craftboom.work/bloxburg-twin-bedroom-ideas/	1
living room orange sofa	product-specific	Home Decor	1	13	13	0	0	0	craftboom.work/living-room-orange-sofa/	0
blue velvet sofa living room	product-specific	Home Decor	1	12	12	0	0	0	craftboom.work/blue-velvet-sofa-living-room/	0
cape cod bedroom ideas	room-ideas	Home Decor	1	12	12	1	8.33	2.65	craftboom.work/cape-cod-bedroom-ideas/	1
dog bed ideas for bedroom	product-specific	Home Decor	1	11	11	2	18.18	5.6	craftboom.work/dog-bed-ideas-for-bedroom/	2
navy blue bedroom ideas	room-ideas	Home Decor	1	11	11	0	0	0	craftboom.work/navy-blue-bedroom-ideas/	0
redo bathroom vanity	product-specific	Home Decor	1	8	8	3	37.5	10.22	craftboom.work/redo-bathroom-vanity/	3
wall tiles design for living room	room-ideas	Home Decor	1	8	8	1	12.5	3.41	craftboom.work/wall-tiles-design-for-living-room/	1
healthy sauces for chicken	food-recipe	Food/Recipe	1	218	218	9	4.13	10	cravychef.com/healthy-sauces-for-chicken/	9
healthy chicken tenderloin recipes	food-baking	Food/Recipe	2	48	24	0	0	0	cravychef.com/healthy-chicken-tenderloin-recipes/	0
yellow squash recipes healthy	food-baking	Food/Recipe	1	26	26	0	0	0	cravychef.com/yellow-squash-recipes-healthy/	0
ground bison recipes healthy	food-baking	Food/Recipe	1	22	22	0	0	0	cravychef.com/ground-bison-recipes-healthy/	0
healthy recipes for picky eaters	food-baking	Food/Recipe	1	19	19	0	0	0	cravychef.com/healthy-recipes-for-picky-eaters/	0
healthy side dishes for chicken	food-recipe	Food/Recipe	2	42	21	0	0	0	cravychef.com/healthy-side-dishes-for-chicken/	0
coffee can planter	product-specific	Home Decor	1	39	39	0	0	0	elinstyling.com/coffee-can-planter/	0
black porch ceiling	general	Home Decor	1	11	11	0	0	0	elinstyling.com/black-porch-ceiling/	0
farmhouse kitchen countertops	room-ideas	Kitchen	1	31	31	0	0	0	elisestyling.com/farmhouse-kitchen-countertops/	0
kitchen wall tiles backsplash	room-ideas	Kitchen	1	15	15	0	0	0	elisestyling.com/kitchen-wall-tiles-backsplash/	0
modern cherry cabinets kitchen	room-ideas	Kitchen	1	11	11	0	0	0	elisestyling.com/modern-cherry-cabinets-kitchen/	0
kitchen utensil holder	product-specific	Kitchen	1	19	19	0	0	0	ellastyling.com/kitchen-utensil-holder/	0
microwave placement in kitchen	room-ideas	Kitchen	1	18	18	0	0	0	ellastyling.com/microwave-placement-in-kitchen/	0
kitchen cabinets designs	room-ideas	Kitchen	1	12	12	0	0	0	elodiestyling.com/kitchen-cabinets-designs/	0
money packing ideas for wedding	wedding-event	Wedding/Craft	1	146	146	8	5.48	5.02	eloralove.com/money-packing-ideas-for-wedding/	8
wedding welcome board ideas	wedding-event	Wedding/Craft	1	143	143	2	1.4	1.28	eloralove.com/wedding-welcome-board-ideas/	2
harry potter theme decoration ideas	wedding-event	Wedding/Craft	1	141	141	16	11.35	10.33	eloralove.com/harry-potter-theme-decoration-ideas/	16
wedding drapery ideas	wedding-event	Wedding/Craft	1	121	121	2	1.65	1.46	eloralove.com/wedding-drapery-ideas/	2
50 anniversary gift ideas	wedding-event	Wedding/Craft	1	113	113	4	3.54	3.08	eloralove.com/50-anniversary-gift-ideas/	4
bride getting ready outfit ideas	outfit-style	Wedding/Craft	1	104	104	11	10.58	9.04	eloralove.com/bride-getting-ready-outfit-ideas/	11
bridal shower mimosa bar ideas	wedding-event	Wedding/Craft	1	101	101	0	0	0	eloralove.com/bridal-shower-mimosa-bar-ideas/	0
wedding anniversary tattoo ideas	tattoo	Wedding/Craft	1	95	95	0	0	0	eloralove.com/wedding-anniversary-tattoo-ideas/	0
ceremony unity ideas	wedding-event	Wedding/Craft	1	90	90	3	3.33	2.76	eloralove.com/ceremony-unity-ideas/	3
rustic wedding table decor ideas	wedding-event	Wedding/Craft	1	73	73	0	0	0	eloralove.com/rustic-wedding-table-decor-ideas/	0
backyard proposal ideas	room-ideas	Wedding/Craft	1	63	63	0	0	0	eloralove.com/backyard-proposal-ideas/	0
beach wedding ideas	wedding-event	Wedding/Craft	1	62	62	5	8.06	6.13	eloralove.com/beach-wedding-ideas/	5
parents anniversary ideas	wedding-event	Wedding/Craft	1	60	60	0	0	0	eloralove.com/parents-anniversary-ideas/	0
vintage bridal shower ideas	wedding-event	Wedding/Craft	1	60	60	2	3.33	2.51	eloralove.com/vintage-bridal-shower-ideas/	2
something borrowed ideas	general	Wedding/Craft	1	59	59	0	0	0	eloralove.com/something-borrowed-ideas/	0
wedding grazing table ideas	wedding-event	Wedding/Craft	1	59	59	0	0	0	eloralove.com/wedding-grazing-table-ideas/	0
quince recuerdos ideas	general	Wedding/Craft	1	56	56	0	0	0	eloralove.com/quince-recuerdos-ideas/	0
tiffany and company party ideas	wedding-event	Wedding/Craft	1	53	53	5	9.43	6.91	eloralove.com/tiffany-and-company-party-ideas/	5
wedding guest book table ideas	wedding-event	Wedding/Craft	1	52	52	2	3.85	2.81	eloralove.com/wedding-guest-book-table-ideas/	2
budget wedding venue ideas	wedding-event	Wedding/Craft	1	46	46	0	0	0	eloralove.com/budget-wedding-venue-ideas/	0
breakfast wedding ideas	wedding-event	Wedding/Craft	1	40	40	1	2.5	1.71	eloralove.com/breakfast-wedding-ideas/	1
hawaiian bridal shower ideas	wedding-event	Wedding/Craft	1	39	39	5	12.82	8.69	eloralove.com/hawaiian-bridal-shower-ideas/	5
wedding photo display ideas	wedding-event	Wedding/Craft	1	39	39	0	0	0	eloralove.com/wedding-photo-display-ideas/	0
beach bridal shower ideas	wedding-event	Wedding/Craft	1	37	37	7	18.92	12.64	eloralove.com/beach-bridal-shower-ideas/	7
twins birthday cake ideas	food-baking	Wedding/Craft	1	36	36	2	5.56	3.69	eloralove.com/twins-birthday-cake-ideas/	2
green bridal shower ideas	wedding-event	Wedding/Craft	1	35	35	3	8.57	5.64	eloralove.com/green-bridal-shower-ideas/	3
anniversary room decoration ideas	wedding-event	Wedding/Craft	1	33	33	0	0	0	eloralove.com/anniversary-room-decoration-ideas/	0
boutineer ideas	general	Wedding/Craft	1	31	31	0	0	0	eloralove.com/boutineer-ideas/	0
wedding cupcake table ideas	food-baking	Wedding/Craft	1	31	31	0	0	0	eloralove.com/wedding-cupcake-table-ideas/	0
wedding shower fruit tray ideas	wedding-event	Wedding/Craft	1	31	31	0	0	0	eloralove.com/wedding-shower-fruit-tray-ideas/	0
mehndi platter ideas	general	Wedding/Craft	1	30	30	0	0	0	eloralove.com/mehndi-platter-ideas/	0
bridal shower charcuterie board ideas	wedding-event	Wedding/Craft	1	29	29	1	3.45	2.16	eloralove.com/bridal-shower-charcuterie-board-ideas/	1
home reception ideas	wedding-event	Wedding/Craft	1	29	29	11	37.93	23.7	eloralove.com/home-reception-ideas/	11
aloha cake ideas	food-baking	Wedding/Craft	1	27	27	5	18.52	11.34	eloralove.com/aloha-cake-ideas/	5
wedding photo ideas funny	wedding-event	Wedding/Craft	1	27	27	0	0	0	eloralove.com/wedding-photo-ideas-funny/	0
gift packing ideas wedding	wedding-event	Wedding/Craft	1	26	26	4	15.38	9.31	eloralove.com/gift-packing-ideas-wedding/	4
mehndi decoration ideas outdoor	wedding-event	Wedding/Craft	1	26	26	1	3.85	2.33	eloralove.com/mehndi-decoration-ideas-outdoor/	1
one year anniversary ideas	wedding-event	Wedding/Craft	1	25	25	0	0	0	eloralove.com/one-year-anniversary-ideas/	0
wedding arbor ideas	wedding-event	Wedding/Craft	1	25	25	0	0	0	eloralove.com/wedding-arbor-ideas/	0
wedding favor ideas diy	diy-craft	Wedding/Craft	1	25	25	0	0	0	eloralove.com/wedding-favor-ideas-diy/	0
wedding refreshment ideas	wedding-event	Wedding/Craft	1	23	23	0	0	0	eloralove.com/wedding-refreshment-ideas/	0
engagement invite ideas	wedding-event	Wedding/Craft	1	21	21	1	4.76	2.7	eloralove.com/engagement-invite-ideas/	1
engagement ring tray ideas	wedding-event	Wedding/Craft	1	20	20	0	0	0	eloralove.com/engagement-ring-tray-ideas/	0
fairytale bridal shower ideas	wedding-event	Wedding/Craft	1	20	20	0	0	0	eloralove.com/fairytale-bridal-shower-ideas/	0
unique wedding arch ideas	wedding-event	Wedding/Craft	1	14	14	0	0	0	elorastory.com/unique-wedding-arch-ideas/	0
deck of cards wedding guest book	wedding-event	Wedding/Craft	1	11	11	0	0	0	elorastory.com/deck-of-cards-wedding-guest-book/	0
fantasy wedding invitations	wedding-event	Wedding/Craft	1	2	2	1	50	10.09	elorastory.com/fantasy-wedding-invitations/	1
kitchen window shelf	product-specific	Kitchen	1	34	34	0	0	0	elorastyling.com/kitchen-window-shelf/	0
farmhouse kitchen backsplash ideas	room-ideas	Kitchen	1	23	23	0	0	0	elorastyling.com/farmhouse-kitchen-backsplash-ideas/	0
bathroom ideas wood floor	room-ideas	Home Decor	1	251	251	4	1.59	1.09	elsiedecor.com/bathroom-ideas-wood-floor/	4
bathroom shower tile ideas	room-ideas	Home Decor	1	245	245	10	4.08	2.79	elsiedecor.com/bathroom-shower-tile-ideas/	10
colored bathroom vanity	product-specific	Home Decor	1	164	164	2	1.22	0.77	elsiedecor.com/colored-bathroom-vanity/	2
teen bedroom wall painting	room-ideas	Home Decor	1	119	119	0	0	0	elsiedecor.com/teen-bedroom-wall-painting/	0
bathroom runner rug ideas	product-specific	Home Decor	1	111	111	42	37.84	22.15	elsiedecor.com/bathroom-runner-rug-ideas/	42
bathroom tiles combination	room-ideas	Home Decor	1	92	92	3	3.26	1.83	elsiedecor.com/bathroom-tiles-combination/	3
bathroom chandelier over tub	product-specific	Home Decor	1	84	84	31	36.9	20.34	elsiedecor.com/bathroom-chandelier-over-tub/	31
moroccan style bathroom	outfit-style	Home Decor	1	78	78	2	2.56	1.39	elsiedecor.com/moroccan-style-bathroom/	2
white and wood bathroom	room-ideas	Home Decor	1	73	73	2	2.74	1.46	elsiedecor.com/white-and-wood-bathroom/	2
bedroom into closet	room-ideas	Home Decor	1	72	72	5	6.94	3.69	elsiedecor.com/bedroom-into-closet/	5
bathroom ideas grey and white	room-ideas	Home Decor	1	67	67	0	0	0	elsiedecor.com/bathroom-ideas-grey-and-white/	0
double height living room wall design	room-ideas	Home Decor	1	64	64	0	0	0	elsiedecor.com/double-height-living-room-wall-design/	0
chaise sofa living room layout	product-specific	Home Decor	1	56	56	0	0	0	elsiedecor.com/chaise-sofa-living-room-layout/	0
modern tropical bathroom	room-ideas	Home Decor	1	56	56	0	0	0	elsiedecor.com/modern-tropical-bathroom/	0
towel display in bathroom	product-specific	Home Decor	1	48	48	0	0	0	elsiedecor.com/towel-display-in-bathroom/	0
crib in bedroom	room-ideas	Home Decor	1	47	47	0	0	0	elsiedecor.com/crib-in-bedroom/	0
living room empty wall ideas	room-ideas	Home Decor	1	44	44	0	0	0	elsiedecor.com/living-room-empty-wall-ideas/	0
mustard curtains living room	product-specific	Home Decor	1	43	43	0	0	0	elsiedecor.com/mustard-curtains-living-room/	0
attic bathroom ideas	room-ideas	Home Decor	1	42	42	0	0	0	elsiedecor.com/attic-bathroom-ideas/	0
bathroom ideas towels	room-ideas	Home Decor	1	42	42	0	0	0	elsiedecor.com/bathroom-ideas-towels/	0
small bedroom with wardrobe interior	room-ideas	Home Decor	1	41	41	2	4.88	2.26	elsiedecor.com/small-bedroom-with-wardrobe-interior/	2
slanted wall living room	room-ideas	Home Decor	1	36	36	0	0	0	elsiedecor.com/slanted-wall-living-room/	0
dark accent wall living room	room-ideas	Home Decor	1	29	29	0	0	0	elsiedecor.com/dark-accent-wall-living-room/	0
boys hunting bedroom	room-ideas	Home Decor	1	27	27	0	0	0	elsiedecor.com/boys-hunting-bedroom/	0
grey and cream bathroom	room-ideas	Home Decor	1	26	26	0	0	0	elsiedecor.com/grey-and-cream-bathroom/	0
living room wood wall	room-ideas	Home Decor	1	26	26	0	0	0	elsiedecor.com/living-room-wood-wall/	0
animal print rug living room	product-specific	Home Decor	1	25	25	4	16	6.47	elsiedecor.com/animal-print-rug-living-room/	4
toy story bedroom	room-ideas	Home Decor	1	25	25	2	8	3.23	elsiedecor.com/toy-story-bedroom/	2
black and wood bathroom	room-ideas	Home Decor	1	24	24	4	16.67	6.66	elsiedecor.com/black-and-wood-bathroom/	4
navy and grey bathroom	room-ideas	Home Decor	1	24	24	0	0	0	elsiedecor.com/navy-and-grey-bathroom/	0
small bedroom double bed	product-specific	Home Decor	1	24	24	0	0	0	elsiedecor.com/small-bedroom-double-bed/	0
small bathroom ideas pink	room-ideas	Home Decor	1	23	23	0	0	0	elsiedecor.com/small-bathroom-ideas-pink/	0
leather sofa living room	product-specific	Home Decor	1	21	21	0	0	0	elsiedecor.com/leather-sofa-living-room/	0
spanish style living room decor	outfit-style	Home Decor	1	21	21	0	0	0	elsiedecor.com/spanish-style-living-room-decor/	0
under the sea bathroom ideas	room-ideas	Home Decor	1	21	21	2	9.52	3.65	elsiedecor.com/under-the-sea-bathroom-ideas/	2
small living room decor indian apartment	room-ideas	Home Decor	1	20	20	0	0	0	elsiedecor.com/small-living-room-decor-indian-apartment/	0
blue couch living room decor	product-specific	Home Decor	1	19	19	0	0	0	elsiedecor.com/blue-couch-living-room-decor/	0
modern french country bathroom	room-ideas	Home Decor	1	18	18	0	0	0	elsiedecor.com/modern-french-country-bathroom/	0
bedroom gypsum ceiling design	room-ideas	Home Decor	1	16	16	0	0	0	elsiedecor.com/bedroom-gypsum-ceiling-design/	0
modern gray bathroom	room-ideas	Home Decor	1	16	16	0	0	0	elsiedecor.com/modern-gray-bathroom/	0
gray tile bathroom	room-ideas	Home Decor	1	15	15	0	0	0	elsiedecor.com/gray-tile-bathroom/	0
yellow accent wall living room	room-ideas	Home Decor	1	15	15	0	0	0	elsiedecor.com/yellow-accent-wall-living-room/	0
bathroom door ideas indian	room-ideas	Home Decor	1	13	13	0	0	0	elsiedecor.com/bathroom-door-ideas-indian/	0
bathroom ideas with wallpaper	room-ideas	Home Decor	1	13	13	0	0	0	elsiedecor.com/bathroom-ideas-with-wallpaper/	0
farm bedroom for boys	room-ideas	Home Decor	1	13	13	0	0	0	elsiedecor.com/farm-bedroom-for-boys/	0
low ceiling attic bedroom	room-ideas	Home Decor	1	13	13	0	0	0	elsiedecor.com/low-ceiling-attic-bedroom/	0
mexican style bathroom	outfit-style	Home Decor	1	13	13	0	0	0	elsiedecor.com/mexican-style-bathroom/	0
maroon sofa living room ideas	product-specific	Home Decor	1	12	12	0	0	0	elsiedecor.com/maroon-sofa-living-room-ideas/	0
mirror in bedroom	product-specific	Home Decor	1	12	12	0	0	0	elsiedecor.com/mirror-in-bedroom/	0
bride bouquet white elegant wedding flowers	wedding-event	Wedding/Craft	1	29	29	1	3.45	2.16	elsiestory.com/bride-bouquet-white-elegant-wedding-flowers/	1
macaroon wedding favors	wedding-event	Wedding/Craft	1	8	8	1	12.5	5.05	elsiestory.com/macaroon-wedding-favors/	1
simple boho centerpieces wedding	wedding-event	Wedding/Craft	1	5	5	1	20	6.58	elsiestory.com/simple-boho-centerpieces-wedding/	1
photo wall ideas living room	room-ideas	Home Decor	1	58	58	0	0	0	emmydecor.com/photo-wall-ideas-living-room/	0
console table in living room	room-ideas	Home Decor	1	42	42	0	0	0	emmydecor.com/console-table-in-living-room/	0
kitchen and living room combo colors	room-ideas	Home Decor	1	32	32	9	28.13	12.2	emmydecor.com/kitchen-and-living-room-combo-colors/	9
curtains design living room	product-specific	Home Decor	1	17	17	3	17.65	6.33	emmydecor.com/curtains-design-living-room/	3
copper bathroom ideas	room-ideas	Home Decor	1	12	12	0	0	0	emmydecor.com/copper-bathroom-ideas/	0
half wall paneling ideas living room	room-ideas	Home Decor	1	11	11	0	0	0	emmydecor.com/half-wall-paneling-ideas-living-room/	0
gas heaters living room	room-ideas	Home Decor	1	9	9	1	11.11	3.17	emmydecor.com/gas-heaters-living-room/	1
rock n roll living room	room-ideas	Home Decor	1	9	9	2	22.22	6.35	emmydecor.com/rock-n-roll-living-room/	2
bathroom standing shelf	product-specific	Home Decor	1	4	4	1	25	4.99	emmydecor.com/bathroom-standing-shelf/	1
easy bundt cake recipes	food-baking	Food/Recipe	1	213	213	2	0.94	2.27	eraflavor.com/easy-bundt-cake-recipes/	2
cookie packaging ideas	food-baking	Food/Recipe	1	181	181	11	6.08	14.21	eraflavor.com/cookie-packaging-ideas/	11
graduation cake ideas	food-baking	Food/Recipe	1	150	150	0	0	0	eraflavor.com/graduation-cake-ideas/	0
red velvet cake decoration	food-baking	Food/Recipe	1	128	128	1	0.78	1.7	eraflavor.com/red-velvet-cake-decoration/	1
vanilla chia pudding	general	Food/Recipe	1	119	119	0	0	0	eraflavor.com/vanilla-chia-pudding/	0
cheesecake in a jar	food-baking	Food/Recipe	1	102	102	2	1.96	4.08	eraflavor.com/cheesecake-in-a-jar/	2
birthday cake funny ideas	food-baking	Food/Recipe	1	100	100	2	2	4.15	eraflavor.com/birthday-cake-funny-ideas/	2
birthday cake flavor ideas	food-baking	Food/Recipe	1	91	91	0	0	0	eraflavor.com/birthday-cake-flavor-ideas/	0
naan pizza recipes	food-baking	Food/Recipe	1	66	66	1	1.52	2.87	eraflavor.com/naan-pizza-recipes/	1
elegant modern wedding cake	food-baking	Food/Recipe	1	64	64	2	3.13	5.87	eraflavor.com/elegant-modern-wedding-cake/	2
coffee chia pudding	general	Food/Recipe	1	62	62	1	1.61	3	eraflavor.com/coffee-chia-pudding/	1
high protein chia seed pudding	general	Food/Recipe	1	60	60	0	0	0	eraflavor.com/high-protein-chia-seed-pudding/	0
brownie mix desserts	food-baking	Food/Recipe	1	59	59	0	0	0	eraflavor.com/brownie-mix-desserts/	0
antique bathroom mirror	product-specific	Food/Recipe	1	55	55	10	18.18	32.86	eraflavor.com/antique-bathroom-mirror/	10
24th birthday cake	food-baking	Food/Recipe	1	50	50	0	0	0	eraflavor.com/24th-birthday-cake/	0
capybara cake ideas	food-baking	Food/Recipe	1	47	47	6	12.77	22.2	eraflavor.com/capybara-cake-ideas/	6
pizza hut dough recipe	food-baking	Food/Recipe	1	46	46	0	0	0	eraflavor.com/pizza-hut-dough-recipe/	0
wooden tv stand designs	product-specific	Food/Recipe	1	44	44	1	2.27	3.88	eraflavor.com/wooden-tv-stand-designs/	1
ac outdoor unit in balcony	room-ideas	Food/Recipe	1	38	38	0	0	0	eraflavor.com/ac-outdoor-unit-in-balcony/	0
aviation cake ideas	food-baking	Food/Recipe	1	38	38	2	5.26	8.65	eraflavor.com/aviation-cake-ideas/	2
ballerina birthday cake	food-baking	Food/Recipe	1	38	38	4	10.53	17.32	eraflavor.com/ballerina-birthday-cake/	4
ooni pizza oven recipes	food-baking	Food/Recipe	1	38	38	1	2.63	4.33	eraflavor.com/ooni-pizza-oven-recipes/	1
dress to impress theme cake flavors	outfit-style	Food/Recipe	1	35	35	1	2.86	4.6	eraflavor.com/dress-to-impress-theme-cake-flavors/	1
traditional marriage cake	food-baking	Food/Recipe	1	34	34	0	0	0	eraflavor.com/traditional-marriage-cake/	0
fairy cake pops	food-baking	Food/Recipe	1	31	31	2	6.45	10.04	eraflavor.com/fairy-cake-pops/	2
easy sourdough scoring	food-baking	Food/Recipe	1	29	29	0	0	0	eraflavor.com/easy-sourdough-scoring/	0
gingham cake	food-baking	Food/Recipe	1	27	27	0	0	0	eraflavor.com/gingham-cake/	0
bridal shower cake ideas	food-baking	Food/Recipe	1	26	26	0	0	0	eraflavor.com/bridal-shower-cake-ideas/	0
law cake	food-baking	Food/Recipe	1	26	26	1	3.85	5.7	eraflavor.com/law-cake/	1
80s theme cake	food-baking	Food/Recipe	1	25	25	2	8	11.71	eraflavor.com/80s-theme-cake/	2
italian herb and cheese sourdough bread	food-baking	Food/Recipe	1	23	23	0	0	0	eraflavor.com/italian-herb-and-cheese-sourdough-bread/	0
ninja cake ideas boys	food-baking	Food/Recipe	1	23	23	1	4.35	6.21	eraflavor.com/ninja-cake-ideas-boys/	1
divorce party cake	food-baking	Food/Recipe	1	22	22	1	4.55	6.41	eraflavor.com/divorce-party-cake/	1
gym birthday cake	food-baking	Food/Recipe	1	21	21	0	0	0	eraflavor.com/gym-birthday-cake/	0
inclusion sourdough bread	food-baking	Food/Recipe	1	21	21	0	0	0	eraflavor.com/inclusion-sourdough-bread/	0
travel cake ideas for men	food-baking	Food/Recipe	1	21	21	1	4.76	6.61	eraflavor.com/travel-cake-ideas-for-men/	1
chia pudding breakfast	general	Food/Recipe	1	19	19	0	0	0	eraflavor.com/chia-pudding-breakfast/	0
21st birthday cake	food-baking	Food/Recipe	1	18	18	1	5.56	7.35	eraflavor.com/21st-birthday-cake/	1
loaf cake recipes	food-baking	Food/Recipe	1	18	18	0	0	0	eraflavor.com/loaf-cake-recipes/	0
birthday cake recipes	food-baking	Food/Recipe	1	17	17	0	0	0	eraflavor.com/birthday-cake-recipes/	0
nikkah cake	food-baking	Food/Recipe	1	17	17	0	0	0	eraflavor.com/nikkah-cake/	0
disco themed cake	food-baking	Food/Recipe	1	16	16	1	6.25	7.95	eraflavor.com/disco-themed-cake/	1
birthday cake tattoo	food-baking	Food/Recipe	1	15	15	1	6.67	8.31	eraflavor.com/birthday-cake-tattoo/	1
easy edible cookie dough	food-baking	Food/Recipe	1	15	15	0	0	0	eraflavor.com/easy-edible-cookie-dough/	0
sourdough starter pizza dough	food-baking	Food/Recipe	1	15	15	0	0	0	eraflavor.com/sourdough-starter-pizza-dough/	0
hot pink birthday cake	food-baking	Food/Recipe	1	14	14	1	7.14	8.68	eraflavor.com/hot-pink-birthday-cake/	1
japandi tv unit design	tattoo	Food/Recipe	1	14	14	0	0	0	eraflavor.com/japandi-tv-unit-design/	0
fluffy cheesecake recipe	food-baking	Food/Recipe	1	13	13	0	0	0	eraflavor.com/fluffy-cheesecake-recipe/	0
low sodium chicken recipes	food-baking	Food/Recipe	1	290	290	8	2.76	7.03	flavory.work/low-sodium-chicken-recipes/	8
air fryer chickpeas recipes	food-baking	Food/Recipe	1	79	79	2	2.53	4.98	flavory.work/air-fryer-chickpeas-recipes/	2
grilled chicken strips recipes	food-baking	Food/Recipe	1	66	66	0	0	0	flavory.work/grilled-chicken-strips-recipes/	0
air fryer chicken legs recipes	food-baking	Food/Recipe	1	49	49	0	0	0	flavory.work/air-fryer-chicken-legs-recipes/	0
air fryer vegetarian recipes	food-baking	Food/Recipe	1	49	49	1	2.04	3.58	flavory.work/air-fryer-vegetarian-recipes/	1
greek yogurt smoothie recipes	food-baking	Food/Recipe	1	49	49	2	4.08	7.17	flavory.work/greek-yogurt-smoothie-recipes/	2
chicken stock recipe dishes	food-baking	Food/Recipe	1	48	48	0	0	0	flavory.work/chicken-stock-recipe-dishes/	0
air fryer potato recipes	food-baking	Food/Recipe	1	39	39	0	0	0	flavory.work/air-fryer-potato-recipes/	0
ohio shredded chicken sandwiches	food-recipe	Food/Recipe	1	29	29	0	0	0	flavory.work/ohio-shredded-chicken-sandwiches/	0
shredded rotisserie chicken recipes	food-baking	Food/Recipe	1	27	27	0	0	0	flavory.work/shredded-rotisserie-chicken-recipes/	0
air fryer drumstick recipes	food-baking	Food/Recipe	1	24	24	0	0	0	flavory.work/air-fryer-drumstick-recipes/	0
air fryer breakfast recipes	food-baking	Food/Recipe	1	18	18	0	0	0	flavory.work/air-fryer-breakfast-recipes/	0
air fryer dessert recipes for diabetics	food-baking	Food/Recipe	1	15	15	1	6.67	8.31	flavory.work/air-fryer-dessert-recipes-for-diabetics/	1
dutch oven chicken and rice	food-recipe	Food/Recipe	1	15	15	0	0	0	flavory.work/dutch-oven-chicken-and-rice/	0
air fryer pork tenderloin recipes	food-baking	Food/Recipe	1	14	14	0	0	0	flavory.work/air-fryer-pork-tenderloin-recipes/	0
best chicken drumstick recipes	food-baking	Food/Recipe	1	14	14	0	0	0	flavory.work/best-chicken-drumstick-recipes/	0
instant pot chicken wings	product-specific	Food/Recipe	1	13	13	0	0	0	flavory.work/instant-pot-chicken-wings/	0
air fryer catfish recipes	food-baking	Food/Recipe	1	11	11	0	0	0	flavory.work/air-fryer-catfish-recipes/	0
egg and rice recipes	food-baking	Food/Recipe	1	11	11	0	0	0	flavory.work/egg-and-rice-recipes/	0
cold pressed juice recipes	food-baking	Food/Recipe	2	134	67	4	2.99	5.67	tastywolf.com/cold-pressed-juice-recipes/	3
air fryer fish recipes	food-baking	Food/Recipe	1	9	9	1	11.11	11.49	flavory.work/air-fryer-fish-recipes/	1
metal lamp shade	product-specific	Home Decor	1	1	1	1	100	8.6	florastyling.com/metal-lamp-shade/	1
bathroom tile combinations	room-ideas	Home Decor	1	758	758	19	2.51	2.06	floriadecor.com/bathroom-tile-combinations/	19
crochet bathroom decor	room-ideas	Home Decor	1	432	432	11	2.55	1.92	floriadecor.com/crochet-bathroom-decor/	11
restaurant bathroom ideas	room-ideas	Home Decor	1	112	112	4	3.57	2.09	floriadecor.com/restaurant-bathroom-ideas/	4
bathroom closet ideas	room-ideas	Home Decor	1	88	88	4	4.55	2.53	floriadecor.com/bathroom-closet-ideas/	4
terracotta bathroom walls	room-ideas	Home Decor	1	84	84	0	0	0	floriadecor.com/terracotta-bathroom-walls/	0
brass bed bedroom	product-specific	Home Decor	1	81	81	4	4.94	2.7	floriadecor.com/brass-bed-bedroom/	4
2 bedroom 2 bathroom house plans	room-ideas	Home Decor	1	77	77	2	2.6	1.41	floriadecor.com/2-bedroom-2-bathroom-house-plans/	2
black toilet bathroom ideas	room-ideas	Home Decor	1	62	62	0	0	0	floriadecor.com/black-toilet-bathroom-ideas/	0
large bedroom master suite	room-ideas	Home Decor	1	61	61	0	0	0	floriadecor.com/large-bedroom-master-suite/	0
dormer bathroom ideas	room-ideas	Home Decor	1	55	55	1	1.82	0.91	floriadecor.com/dormer-bathroom-ideas/	1
indian bathroom tiles design	room-ideas	Home Decor	1	55	55	4	7.27	3.63	floriadecor.com/indian-bathroom-tiles-design/	4
small tv unit design modern bedroom	room-ideas	Home Decor	1	53	53	4	7.55	3.74	floriadecor.com/small-tv-unit-design-modern-bedroom/	4
bathroom tile floor ideas	room-ideas	Home Decor	1	52	52	1	1.92	0.95	floriadecor.com/bathroom-tile-floor-ideas/	1
light wall colors for living room	room-ideas	Home Decor	1	51	51	1	1.96	0.96	floriadecor.com/light-wall-colors-for-living-room/	1
turquoise bathroom ideas	room-ideas	Home Decor	1	45	45	0	0	0	floriadecor.com/turquoise-bathroom-ideas/	0
bedroom with ceiling fan	product-specific	Home Decor	1	44	44	10	22.73	10.73	floriadecor.com/bedroom-with-ceiling-fan/	10
old world bathroom	room-ideas	Home Decor	1	42	42	5	11.9	5.55	floriadecor.com/old-world-bathroom/	5
zebra rug living room	product-specific	Home Decor	1	42	42	0	0	0	floriadecor.com/zebra-rug-living-room/	0
cottage core bathroom	room-ideas	Home Decor	1	36	36	0	0	0	floriadecor.com/cottage-core-bathroom/	0
modern kids bathroom	room-ideas	Home Decor	1	36	36	5	13.89	6.22	floriadecor.com/modern-kids-bathroom/	5
bathroom mirror selfie	product-specific	Home Decor	1	35	35	0	0	0	floriadecor.com/bathroom-mirror-selfie/	0
bedroom with vaulted ceiling	room-ideas	Home Decor	1	34	34	1	2.94	1.3	floriadecor.com/bedroom-with-vaulted-ceiling/	1
victorian sofa living room	product-specific	Home Decor	1	34	34	0	0	0	floriadecor.com/victorian-sofa-living-room/	0
glass coffee table decor living room	room-ideas	Home Decor	1	31	31	3	9.68	4.16	floriadecor.com/glass-coffee-table-decor-living-room/	3
rustic bathroom shower	room-ideas	Home Decor	1	30	30	4	13.33	5.68	floriadecor.com/rustic-bathroom-shower/	4
bathroom shower floor tile ideas	room-ideas	Home Decor	1	26	26	3	11.54	4.72	floriadecor.com/bathroom-shower-floor-tile-ideas/	3
bathroom tiling ideas	room-ideas	Home Decor	1	25	25	0	0	0	floriadecor.com/bathroom-tiling-ideas/	0
living room shelf decor ideas built ins	product-specific	Home Decor	1	25	25	1	4	1.62	floriadecor.com/living-room-shelf-decor-ideas-built-ins/	1
pink walls bedroom	room-ideas	Home Decor	1	24	24	0	0	0	floriadecor.com/pink-walls-bedroom/	0
japandi style bathroom	outfit-style	Home Decor	1	23	23	0	0	0	floriadecor.com/japandi-style-bathroom/	0
bedroom built ins around bed	product-specific	Home Decor	1	21	21	0	0	0	floriadecor.com/bedroom-built-ins-around-bed/	0
burgundy walls living room	room-ideas	Home Decor	1	21	21	0	0	0	floriadecor.com/burgundy-walls-living-room/	0
dark green and grey bedroom	room-ideas	Home Decor	1	20	20	0	0	0	floriadecor.com/dark-green-and-grey-bedroom/	0
tiled walls living room	room-ideas	Home Decor	1	20	20	2	10	3.78	floriadecor.com/tiled-walls-living-room/	2
floor mattress bedroom	room-ideas	Home Decor	1	19	19	0	0	0	floriadecor.com/floor-mattress-bedroom/	0
pink and turquoise bedroom	room-ideas	Home Decor	1	19	19	1	5.26	1.95	floriadecor.com/pink-and-turquoise-bedroom/	1
aqua bathroom ideas	room-ideas	Home Decor	1	17	17	0	0	0	floriadecor.com/aqua-bathroom-ideas/	0
pink living room walls	room-ideas	Home Decor	1	16	16	0	0	0	floriadecor.com/pink-living-room-walls/	0
green bathroom shower curtain ideas	product-specific	Home Decor	1	15	15	1	6.67	2.29	floriadecor.com/green-bathroom-shower-curtain-ideas/	1
rattan sofa living room	product-specific	Home Decor	1	15	15	3	20	6.88	floriadecor.com/rattan-sofa-living-room/	3
scandinavian bathroom ideas	room-ideas	Home Decor	1	15	15	0	0	0	floriadecor.com/scandinavian-bathroom-ideas/	0
white and beige bathroom	room-ideas	Home Decor	1	15	15	0	0	0	floriadecor.com/white-and-beige-bathroom/	0
standing shower bathroom ideas	room-ideas	Home Decor	1	13	13	0	0	0	floriadecor.com/standing-shower-bathroom-ideas/	0
brown leather sofa living room	product-specific	Home Decor	1	12	12	0	0	0	floriadecor.com/brown-leather-sofa-living-room/	0
sofas ideas living room modern l shape	room-ideas	Home Decor	1	12	12	2	16.67	5.3	floriadecor.com/sofas-ideas-living-room-modern-l-shape/	2
sage green and blue living room	room-ideas	Home Decor	1	15	15	4	26.67	9.17	hintdecor.com/sage-green-and-blue-living-room/	4
retro bathroom decor	room-ideas	Home Decor	1	14	14	0	0	0	hintdecor.com/retro-bathroom-decor/	0
small cosy living room ideas	room-ideas	Home Decor	1	12	12	0	0	0	hintdecor.com/small-cosy-living-room-ideas/	0
large living room tv wall ideas	room-ideas	Home Decor	1	11	11	0	0	0	hintdecor.com/large-living-room-tv-wall-ideas/	0
living room classic luxury	room-ideas	Home Decor	1	4	4	1	25	4.99	hintdecor.com/living-room-classic-luxury/	1
guest bedroom ideas twin beds	room-ideas	Home Decor	1	222	222	4	1.8	1.21	houzerio.com/guest-bedroom-ideas-twin-beds/	4
l shaped couch living room small spaces	product-specific	Home Decor	1	196	196	0	0	0	houzerio.com/l-shaped-couch-living-room-small-spaces/	0
long narrow bedroom ideas	room-ideas	Home Decor	1	191	191	0	0	0	houzerio.com/long-narrow-bedroom-ideas/	0
bedroom closet door ideas	room-ideas	Home Decor	2	210	105	7	3.33	1.93	houzerio.com/bedroom-closet-door-ideas/	5
caramel sofa living room ideas	product-specific	Home Decor	1	157	157	7	4.46	2.8	houzerio.com/caramel-sofa-living-room-ideas/	7
long narrow bedroom decor	room-ideas	Home Decor	1	147	147	0	0	0	houzerio.com/long-narrow-bedroom-decor/	0
bedroom closet doors mirrors	product-specific	Home Decor	1	143	143	7	4.9	3.02	houzerio.com/bedroom-closet-doors-mirrors/	7
dark gray bedroom ideas	room-ideas	Home Decor	1	143	143	3	2.1	1.29	houzerio.com/dark-gray-bedroom-ideas/	3
wrought iron bedroom ideas	product-specific	Home Decor	1	129	129	8	6.2	3.74	houzerio.com/wrought-iron-bedroom-ideas/	8
dressing table ideas for small bedroom	room-ideas	Home Decor	1	117	117	1	0.85	0.5	houzerio.com/dressing-table-ideas-for-small-bedroom/	1
wood vanity bathroom	product-specific	Home Decor	1	104	104	0	0	0	houzerio.com/wood-vanity-bathroom/	0
toddler girls bedroom ideas	room-ideas	Home Decor	1	103	103	0	0	0	houzerio.com/toddler-girls-bedroom-ideas/	0
photo wall ideas bedroom	room-ideas	Home Decor	1	84	84	0	0	0	houzerio.com/photo-wall-ideas-bedroom/	0
bedroom wall painting ideas creativity design	room-ideas	Home Decor	1	79	79	0	0	0	houzerio.com/bedroom-wall-painting-ideas-creativity-design/	0
bedroom set up ideas	room-ideas	Home Decor	1	73	73	2	2.74	1.46	houzerio.com/bedroom-set-up-ideas/	2
boys dinosaur bedroom ideas	room-ideas	Home Decor	2	93	47	12	12.9	6.18	houzerio.com/boys-dinosaur-bedroom-ideas/	10
long narrow bedroom interior design	room-ideas	Home Decor	1	68	68	0	0	0	houzerio.com/long-narrow-bedroom-interior-design/	0
girls bedroom ideas 6 yrs old	room-ideas	Home Decor	1	64	64	3	4.69	2.43	houzerio.com/girls-bedroom-ideas-6-yrs-old/	3
small bedroom window ideas	room-ideas	Home Decor	1	62	62	2	3.23	1.66	houzerio.com/small-bedroom-window-ideas/	2
bedroom closet doors curtains	product-specific	Home Decor	1	61	61	1	1.64	0.84	houzerio.com/bedroom-closet-doors-curtains/	1
double curtains living room	product-specific	Home Decor	1	58	58	1	1.72	0.87	houzerio.com/double-curtains-living-room/	1
bedroom closet doors bifold	room-ideas	Home Decor	1	54	54	5	9.26	4.6	houzerio.com/bedroom-closet-doors-bifold/	5
bedroom chair ideas small spaces	product-specific	Home Decor	1	53	53	0	0	0	houzerio.com/bedroom-chair-ideas-small-spaces/	0
bedroom closet doors modern	room-ideas	Home Decor	1	53	53	6	11.32	5.6	houzerio.com/bedroom-closet-doors-modern/	6
public bathroom ideas	room-ideas	Home Decor	1	53	53	0	0	0	houzerio.com/public-bathroom-ideas/	0
electric fireplace bedroom tv	room-ideas	Home Decor	1	50	50	3	6	2.93	houzerio.com/electric-fireplace-bedroom-tv/	3
teen loft bedroom ideas	room-ideas	Home Decor	2	60	30	0	0	0	houzerio.com/teen-loft-bedroom-ideas/	0
electric fireplace ideas bedroom	room-ideas	Home Decor	1	43	43	8	18.6	8.73	houzerio.com/electric-fireplace-ideas-bedroom/	8
bedroom closet doors	room-ideas	Home Decor	1	42	42	1	2.38	1.11	houzerio.com/bedroom-closet-doors-2026/	1
green velvet sofa living room	product-specific	Home Decor	1	41	41	6	14.63	6.78	houzerio.com/green-velvet-sofa-living-room/	6
kids bedroom wall painting ideas	room-ideas	Home Decor	1	41	41	0	0	0	houzerio.com/kids-bedroom-wall-painting-ideas/	0
vanity design for bathroom	product-specific	Home Decor	1	41	41	0	0	0	houzerio.com/vanity-design-for-bathroom/	0
wall shelf ideas bedroom	product-specific	Home Decor	2	47	24	2	4.26	1.69	lyladecor.com/wall-shelf-ideas-bedroom/	2
corner couch living room layout	product-specific	Home Decor	1	36	36	1	2.78	1.25	houzerio.com/corner-couch-living-room-layout/	1
dark blue vanity bathroom	product-specific	Home Decor	1	36	36	0	0	0	houzerio.com/dark-blue-vanity-bathroom/	0
boy bathroom ideas	room-ideas	Home Decor	1	35	35	0	0	0	houzerio.com/boy-bathroom-ideas/	0
bathroom staging ideas	room-ideas	Home Decor	1	34	34	4	11.76	5.19	houzerio.com/bathroom-staging-ideas/	4
dark moody bedroom ideas	room-ideas	Home Decor	1	34	34	0	0	0	houzerio.com/dark-moody-bedroom-ideas/	0
fairy lights bedroom ideas	room-ideas	Home Decor	1	30	30	3	10	4.26	houzerio.com/fairy-lights-bedroom-ideas/	3
living room with chairs	room-ideas	Home Decor	1	29	29	0	0	0	houzerio.com/living-room-with-chairs/	0
short curtains living room	product-specific	Home Decor	1	29	29	2	6.9	2.91	houzerio.com/short-curtains-living-room/	2
small bedroom mirror ideas	product-specific	Home Decor	1	29	29	0	0	0	houzerio.com/small-bedroom-mirror-ideas/	0
high back chairs living room	room-ideas	Home Decor	1	27	27	0	0	0	houzerio.com/high-back-chairs-living-room/	0
corner electric fireplace in bedroom	room-ideas	Home Decor	1	25	25	1	4	1.62	houzerio.com/corner-electric-fireplace-in-bedroom/	1
bathroom ideas brown	room-ideas	Home Decor	2	41	21	0	0	0	houzerio.com/bathroom-ideas-brown/	0
toddler girls bedroom wallpaper	room-ideas	Home Decor	1	24	24	0	0	0	houzerio.com/toddler-girls-bedroom-wallpaper/	0
bedroom closet doors sliding	room-ideas	Home Decor	1	23	23	0	0	0	houzerio.com/bedroom-closet-doors-sliding/	0
wet room bathroom small layout	room-ideas	Home Decor	1	280	280	2	0.71	0.5	ivyrosedecor.com/wet-room-bathroom-small-layout/	2
teen boy bathroom	room-ideas	Home Decor	1	242	242	2	0.83	0.57	ivyrosedecor.com/teen-boy-bathroom/	2
bathroom ideas grey tiles	room-ideas	Home Decor	1	143	143	2	1.4	0.86	ivyrosedecor.com/bathroom-ideas-grey-tiles/	2
dark boho bathroom	room-ideas	Home Decor	1	142	142	4	2.82	1.74	ivyrosedecor.com/dark-boho-bathroom/	4
fort ideas bedroom	room-ideas	Home Decor	1	108	108	1	0.93	0.54	ivyrosedecor.com/fort-ideas-bedroom/	1
twin bedroom ideas for adults	room-ideas	Home Decor	1	94	94	0	0	0	ivyrosedecor.com/twin-bedroom-ideas-for-adults/	0
bedroom ceiling fans with light	room-ideas	Home Decor	1	85	85	5	5.88	3.25	ivyrosedecor.com/bedroom-ceiling-fans-with-light/	5
dark gray sofa living room	product-specific	Home Decor	1	76	76	6	7.89	4.25	ivyrosedecor.com/dark-gray-sofa-living-room/	6
mauve bathroom ideas	room-ideas	Home Decor	1	74	74	3	4.05	2.17	ivyrosedecor.com/mauve-bathroom-ideas/	3
moss green bathroom	room-ideas	Home Decor	1	71	71	0	0	0	ivyrosedecor.com/moss-green-bathroom/	0
bathroom dark wood	room-ideas	Home Decor	1	70	70	11	15.71	8.31	ivyrosedecor.com/bathroom-dark-wood/	11
bathroom with bathtub ideas	room-ideas	Home Decor	1	69	69	0	0	0	ivyrosedecor.com/bathroom-with-bathtub-ideas/	0
half bathroom paint ideas	room-ideas	Home Decor	1	68	68	0	0	0	ivyrosedecor.com/half-bathroom-paint-ideas/	0
wallpaper accent wall living room	room-ideas	Home Decor	1	63	63	0	0	0	ivyrosedecor.com/wallpaper-accent-wall-living-room/	0
bathroom corner decor	room-ideas	Home Decor	1	56	56	11	19.64	9.85	ivyrosedecor.com/bathroom-corner-decor/	11
bathroom ideas shower and bath	room-ideas	Home Decor	1	54	54	2	3.7	1.84	ivyrosedecor.com/bathroom-ideas-shower-and-bath/	2
wpc wall panel living room	room-ideas	Home Decor	1	50	50	0	0	0	ivyrosedecor.com/wpc-wall-panel-living-room/	0
bathroom tile combinations design trends	room-ideas	Home Decor	1	49	49	0	0	0	ivyrosedecor.com/bathroom-tile-combinations-design-trends/	0
leopard print bedroom ideas	room-ideas	Home Decor	1	49	49	13	26.53	12.87	ivyrosedecor.com/leopard-print-bedroom-ideas/	13
african bathroom decor ideas	room-ideas	Home Decor	1	46	46	3	6.52	3.11	ivyrosedecor.com/african-bathroom-decor-ideas/	3
living room decor around tv	room-ideas	Home Decor	1	46	46	0	0	0	ivyrosedecor.com/living-room-decor-around-tv/	0
painted bathroom vanity colors	product-specific	Home Decor	1	46	46	0	0	0	ivyrosedecor.com/painted-bathroom-vanity-colors/	0
bali bathroom design	room-ideas	Home Decor	1	44	44	7	15.91	7.51	ivyrosedecor.com/bali-bathroom-design/	7
living room plant wall	room-ideas	Home Decor	1	41	41	16	39.02	18.09	ivyrosedecor.com/living-room-plant-wall/	16
black and oak bedroom ideas	room-ideas	Home Decor	1	40	40	0	0	0	ivyrosedecor.com/black-and-oak-bedroom-ideas/	0
reclining sofa living room layout	product-specific	Home Decor	1	40	40	0	0	0	ivyrosedecor.com/reclining-sofa-living-room-layout/	0
pool bathroom ideas	room-ideas	Home Decor	1	39	39	0	0	0	ivyrosedecor.com/pool-bathroom-ideas/	0
small cabin bathroom ideas	room-ideas	Home Decor	1	35	35	0	0	0	ivyrosedecor.com/small-cabin-bathroom-ideas/	0
bathroom mirror and lighting ideas	product-specific	Home Decor	1	33	33	2	6.06	2.65	ivyrosedecor.com/bathroom-mirror-and-lighting-ideas/	2
subway tile bathroom wall	room-ideas	Home Decor	1	33	33	0	0	0	ivyrosedecor.com/subway-tile-bathroom-wall/	0
l shape sofa living room cozy	product-specific	Home Decor	1	31	31	3	9.68	4.16	ivyrosedecor.com/l-shape-sofa-living-room-cozy/	3
small bathroom sink ideas	room-ideas	Home Decor	1	30	30	0	0	0	ivyrosedecor.com/small-bathroom-sink-ideas/	0
chaise lounge living room arrangement	room-ideas	Home Decor	1	27	27	0	0	0	ivyrosedecor.com/chaise-lounge-living-room-arrangement/	0
eames lounge chair living room	product-specific	Home Decor	1	27	27	0	0	0	ivyrosedecor.com/eames-lounge-chair-living-room/	0
small indian bathroom ideas	room-ideas	Home Decor	1	26	26	0	0	0	ivyrosedecor.com/small-indian-bathroom-ideas/	0
bedroom pictures above bed ideas	product-specific	Home Decor	1	25	25	2	8	3.23	ivyrosedecor.com/bedroom-pictures-above-bed-ideas/	2
partition wall living room entrance	room-ideas	Home Decor	1	24	24	0	0	0	ivyrosedecor.com/partition-wall-living-room-entrance/	0
bedroom window treatments ideas	room-ideas	Home Decor	1	22	22	2	9.09	3.54	ivyrosedecor.com/bedroom-window-treatments-ideas/	2
teal and pink bedroom ideas	room-ideas	Home Decor	1	22	22	0	0	0	ivyrosedecor.com/teal-and-pink-bedroom-ideas/	0
navy gold bathroom	room-ideas	Home Decor	1	21	21	0	0	0	ivyrosedecor.com/navy-gold-bathroom/	0
plant in bathroom	room-ideas	Home Decor	1	21	21	0	0	0	ivyrosedecor.com/plant-in-bathroom/	0
navy and black bathroom	room-ideas	Home Decor	1	20	20	0	0	0	ivyrosedecor.com/navy-and-black-bathroom/	0
single mom bedroom ideas	room-ideas	Home Decor	1	20	20	0	0	0	ivyrosedecor.com/single-mom-bedroom-ideas/	0
small victorian bathroom	room-ideas	Home Decor	1	19	19	0	0	0	ivyrosedecor.com/small-victorian-bathroom/	0
venetian plaster walls living room	room-ideas	Home Decor	1	19	19	0	0	0	ivyrosedecor.com/venetian-plaster-walls-living-room/	0
empty wall ideas bedroom	room-ideas	Home Decor	1	17	17	2	11.76	4.22	ivyrosedecor.com/empty-wall-ideas-bedroom/	2
whimsical bathroom ideas	room-ideas	Home Decor	1	17	17	0	0	0	ivyrosedecor.com/whimsical-bathroom-ideas/	0
bedroom ideas canopy bed	product-specific	Home Decor	1	16	16	0	0	0	ivyrosedecor.com/bedroom-ideas-canopy-bed/	0
metal wall decor living room	room-ideas	Home Decor	1	15	15	0	0	0	ivyrosedecor.com/metal-wall-decor-living-room/	0
bts concert outfit for women	outfit-style	Styling	1	456	456	37	8.11	6.6	ivystyling.com/bts-concert-outfit-for-women/	37
edgy office outfit	outfit-style	Styling	1	220	220	15	6.82	4.89	ivystyling.com/edgy-office-outfit/	15
nike dunks outfit	outfit-style	Styling	1	151	151	2	1.32	0.88	ivystyling.com/nike-dunks-outfit/	2
zapatillas rojas outfit	outfit-style	Styling	1	132	132	3	2.27	1.48	ivystyling.com/zapatillas-rojas-outfit/	3
mint green pants outfit for women	outfit-style	Styling	1	125	125	7	5.6	3.6	ivystyling.com/mint-green-pants-outfit-for-women/	7
long brown skirt outfit	outfit-style	Styling	1	103	103	2	1.94	1.2	ivystyling.com/long-brown-skirt-outfit/	2
satin pants outfit for women	outfit-style	Styling	1	96	96	1	1.04	0.63	ivystyling.com/satin-pants-outfit-for-women/	1
denim jumpsuit outfit black women	outfit-style	Styling	1	83	83	11	13.25	7.81	ivystyling.com/denim-jumpsuit-outfit-black-women/	11
gray hoodie outfit	outfit-style	Styling	1	71	71	0	0	0	ivystyling.com/gray-hoodie-outfit/	0
amusement park outfit	outfit-style	Styling	1	64	64	0	0	0	ivystyling.com/amusement-park-outfit/	0
black denim jacket outfit for women	outfit-style	Styling	1	48	48	0	0	0	ivystyling.com/black-denim-jacket-outfit-for-women/	0
black satin pants outfit for women	outfit-style	Styling	1	48	48	1	2.08	1.08	ivystyling.com/black-satin-pants-outfit-for-women/	1
nike p6000 outfit man	outfit-style	Styling	1	46	46	0	0	0	ivystyling.com/nike-p6000-outfit-man/	0
transparent top outfit	outfit-style	Styling	1	44	44	1	2.27	1.15	ivystyling.com/transparent-top-outfit/	1
picnic outfit ideas	outfit-style	Styling	1	43	43	1	2.33	1.17	ivystyling.com/picnic-outfit-ideas/	1
barbour jacket outfit for women	outfit-style	Styling	1	40	40	0	0	0	ivystyling.com/barbour-jacket-outfit-for-women/	0
red bag outfit	outfit-style	Styling	1	39	39	0	0	0	ivystyling.com/red-bag-outfit/	0
adidas pants outfit for women	outfit-style	Styling	1	32	32	0	0	0	ivystyling.com/adidas-pants-outfit-for-women/	0
brown linen pants outfit for women	outfit-style	Styling	1	32	32	0	0	0	ivystyling.com/brown-linen-pants-outfit-for-women/	0
cheetah print pants outfit for women	outfit-style	Styling	1	28	28	1	3.57	1.6	ivystyling.com/cheetah-print-pants-outfit-for-women/	1
denim blouse outfit for women	outfit-style	Styling	1	27	27	12	44.44	19.69	ivystyling.com/denim-blouse-outfit-for-women/	12
burgundy top outfit	outfit-style	Styling	1	19	19	0	0	0	ivystyling.com/burgundy-top-outfit/	0
grey dress outfit	outfit-style	Styling	1	19	19	1	5.26	2.09	ivystyling.com/grey-dress-outfit/	1
summer orange nails	hair-beauty	Styling	1	18	18	2	11.11	4.35	ivystyling.com/summer-orange-nails/	2
grey sweatshirt outfit	outfit-style	Styling	1	15	15	0	0	0	ivystyling.com/grey-sweatshirt-outfit/	0
varsity jacket outfit women	outfit-style	Styling	1	15	15	0	0	0	ivystyling.com/varsity-jacket-outfit-women/	0
gold pants outfit for women	outfit-style	Styling	1	14	14	0	0	0	ivystyling.com/gold-pants-outfit-for-women/	0
jelly roll concert outfit for women	outfit-style	Styling	1	14	14	1	7.14	2.57	ivystyling.com/jelly-roll-concert-outfit-for-women/	1
white french nails	hair-beauty	Styling	1	14	14	0	0	0	ivystyling.com/white-french-nails/	0
boyfriend jeans outfit black women	outfit-style	Styling	1	12	12	0	0	0	ivystyling.com/boyfriend-jeans-outfit-black-women/	0
rock concert outfit	outfit-style	Styling	1	12	12	0	0	0	ivystyling.com/rock-concert-outfit/	0
white shorts outfit summer	outfit-style	Styling	1	12	12	1	8.33	2.84	ivystyling.com/white-shorts-outfit-summer/	1
cargo skirt outfit	outfit-style	Styling	1	11	11	0	0	0	ivystyling.com/cargo-skirt-outfit/	0
long skirt winter outfit	outfit-style	Styling	1	11	11	0	0	0	ivystyling.com/long-skirt-winter-outfit/	0
simple nail art	hair-beauty	Styling	1	11	11	0	0	0	ivystyling.com/simple-nail-art/	0
soft girl aesthetic outfit	outfit-style	Styling	1	11	11	0	0	0	ivystyling.com/soft-girl-aesthetic-outfit/	0
winter bridal shower outfit for women	outfit-style	Styling	1	11	11	3	27.27	9.01	ivystyling.com/winter-bridal-shower-outfit-for-women/	3
pop concert outfit for women	outfit-style	Styling	1	9	9	1	11.11	3.4	ivystyling.com/pop-concert-outfit-for-women/	1
small bedroom shelving ideas	room-ideas	Home Decor	1	52	52	9	17.31	8.53	josiedecor.com/small-bedroom-shelving-ideas/	9
black dresser bedroom ideas	product-specific	Home Decor	1	18	18	2	11.11	4.06	josiedecor.com/black-dresser-bedroom-ideas/	2
bedroom chair ideas master	product-specific	Home Decor	1	16	16	12	75	26.36	josiedecor.com/bedroom-chair-ideas-master/	12
terrace ideas small balcony design	room-ideas	Garden/Outdoor	1	31	31	0	0	0	josiestyling.com/terrace-ideas-small-balcony-design/	0
garden fence design	room-ideas	Garden/Outdoor	1	20	20	0	0	0	josiestyling.com/garden-fence-design/	0
grape vine trellis ideas	general	Garden/Outdoor	1	14	14	0	0	0	josiestyling.com/grape-vine-trellis-ideas/	0
balcony pop design	room-ideas	Garden/Outdoor	1	11	11	0	0	0	josiestyling.com/balcony-pop-design/	0
brick raised garden beds	room-ideas	Garden/Outdoor	1	20	20	0	0	0	lenastyling.com/brick-raised-garden-beds/	0
farmhouse window trim	general	Garden/Outdoor	1	12	12	0	0	0	lenastyling.com/farmhouse-window-trim/	0
fence stain colors ideas	general	Garden/Outdoor	1	12	12	0	0	0	lenastyling.com/fence-stain-colors-ideas/	0
diy wedding gift ideas	diy-craft	Wedding/Craft	1	284	284	0	0	0	letterlily.com/diy-wedding-gift-ideas/	0
rehearsal dinner table decorations ideas	wedding-event	Wedding/Craft	1	237	237	0	0	0	letterlily.com/rehearsal-dinner-table-decorations-ideas/	0
simple wedding cake ideas	food-baking	Wedding/Craft	1	214	214	0	0	0	letterlily.com/simple-wedding-cake-ideas/	0
proposal decor ideas	wedding-event	Wedding/Craft	1	185	185	0	0	0	letterlily.com/proposal-decor-ideas/	0
golf themed bridal shower ideas	wedding-event	Wedding/Craft	1	182	182	0	0	0	letterlily.com/golf-themed-bridal-shower-ideas/	0
red prom bouquet ideas	general	Wedding/Craft	1	132	132	0	0	0	letterlily.com/red-prom-bouquet-ideas/	0
ribbon bouquet ideas	general	Wedding/Craft	1	100	100	0	0	0	letterlily.com/ribbon-bouquet-ideas/	0
short hair wedding ideas	hair-beauty	Wedding/Craft	1	100	100	0	0	0	letterlily.com/short-hair-wedding-ideas/	0
picnic wedding ideas	wedding-event	Wedding/Craft	1	98	98	0	0	0	letterlily.com/picnic-wedding-ideas/	0
seating chart wedding ideas	wedding-event	Wedding/Craft	1	96	96	0	0	0	letterlily.com/seating-chart-wedding-ideas/	0
pool bridal shower ideas	wedding-event	Wedding/Craft	1	93	93	0	0	0	letterlily.com/pool-bridal-shower-ideas/	0
groom suit ideas	wedding-event	Wedding/Craft	1	72	72	0	0	0	letterlily.com/groom-suit-ideas/	0
viking wedding ideas	wedding-event	Wedding/Craft	1	72	72	0	0	0	letterlily.com/viking-wedding-ideas/	0
wedding polaroid ideas	wedding-event	Wedding/Craft	1	72	72	0	0	0	letterlily.com/wedding-polaroid-ideas/	0
mountain wedding ideas	wedding-event	Wedding/Craft	1	65	65	0	0	0	letterlily.com/mountain-wedding-ideas/	0
race car birthday cake ideas	food-baking	Wedding/Craft	1	60	60	0	0	0	letterlily.com/race-car-birthday-cake-ideas/	0
burgundy wedding ideas	wedding-event	Wedding/Craft	1	59	59	0	0	0	letterlily.com/burgundy-wedding-ideas/	0
bride room decoration ideas	wedding-event	Wedding/Craft	1	58	58	0	0	0	letterlily.com/bride-room-decoration-ideas/	0
funny wedding ideas	wedding-event	Wedding/Craft	1	56	56	0	0	0	letterlily.com/funny-wedding-ideas/	0
pallet wedding ideas	wedding-event	Wedding/Craft	1	51	51	0	0	0	letterlily.com/pallet-wedding-ideas/	0
wedding banner ideas	wedding-event	Wedding/Craft	1	49	49	0	0	0	letterlily.com/wedding-banner-ideas/	0
blue wedding ideas	wedding-event	Wedding/Craft	1	47	47	0	0	0	letterlily.com/blue-wedding-ideas/	0
bridal party table ideas	wedding-event	Wedding/Craft	1	47	47	0	0	0	letterlily.com/bridal-party-table-ideas/	0
bookish wedding ideas	wedding-event	Wedding/Craft	1	45	45	0	0	0	letterlily.com/bookish-wedding-ideas/	0
outdoor proposal ideas	wedding-event	Wedding/Craft	1	45	45	0	0	0	letterlily.com/outdoor-proposal-ideas/	0
ideas de ramos de flores	general	Wedding/Craft	1	43	43	0	0	0	letterlily.com/ideas-de-ramos-de-flores/	0
wedding bar ideas	wedding-event	Wedding/Craft	1	42	42	0	0	0	letterlily.com/wedding-bar-ideas/	0
wedding arch ideas indoor	wedding-event	Wedding/Craft	1	39	39	0	0	0	letterlily.com/wedding-arch-ideas-indoor/	0
wedding ideas food	wedding-event	Wedding/Craft	1	36	36	0	0	0	letterlily.com/wedding-ideas-food/	0
bridesmaid dress ideas	outfit-style	Wedding/Craft	1	35	35	0	0	0	letterlily.com/bridesmaid-dress-ideas/	0
wedding pose ideas	wedding-event	Wedding/Craft	1	35	35	0	0	0	letterlily.com/wedding-pose-ideas/	0
date night bridal shower ideas	wedding-event	Wedding/Craft	1	32	32	0	0	0	letterlily.com/date-night-bridal-shower-ideas/	0
wedding guest dress ideas	outfit-style	Wedding/Craft	1	32	32	0	0	0	letterlily.com/wedding-guest-dress-ideas/	0
bachelorette gift bag ideas	outfit-style	Wedding/Craft	1	30	30	0	0	0	letterlily.com/bachelorette-gift-bag-ideas/	0
fairy garden wedding ideas	room-ideas	Wedding/Craft	1	30	30	0	0	0	letterlily.com/fairy-garden-wedding-ideas/	0
wedding stage decoration ideas	wedding-event	Wedding/Craft	1	30	30	0	0	0	letterlily.com/wedding-stage-decoration-ideas/	0
boho bridal shower ideas	wedding-event	Wedding/Craft	1	28	28	0	0	0	letterlily.com/boho-bridal-shower-ideas/	0
graduation party card box ideas	wedding-event	Wedding/Craft	1	24	24	0	0	0	letterlily.com/graduation-party-card-box-ideas/	0
engagement dress ideas	outfit-style	Wedding/Craft	1	23	23	0	0	0	letterlily.com/engagement-dress-ideas/	0
outdoor wedding ideas on a budget	wedding-event	Wedding/Craft	1	23	23	0	0	0	letterlily.com/outdoor-wedding-ideas-on-a-budget/	0
romantic wedding ideas	wedding-event	Wedding/Craft	1	23	23	0	0	0	letterlily.com/romantic-wedding-ideas/	0
quince cake ideas	food-baking	Wedding/Craft	1	22	22	0	0	0	letterlily.com/quince-cake-ideas/	0
wedding theme ideas	wedding-event	Wedding/Craft	1	22	22	0	0	0	letterlily.com/wedding-theme-ideas/	0
funny save the date ideas	general	Wedding/Craft	1	21	21	0	0	0	letterlily.com/funny-save-the-date-ideas/	0
moana cake ideas	food-baking	Wedding/Craft	1	21	21	0	0	0	letterlily.com/moana-cake-ideas/	0
bridal party entrance ideas	wedding-event	Wedding/Craft	1	20	20	0	0	0	letterlily.com/bridal-party-entrance-ideas/	0
mini bundt cake recipes	food-baking	Food/Recipe	1	914	914	6	0.66	2.02	lilidessert.com/mini-bundt-cake-recipes/	6
boys birthday cake ideas simple	food-baking	Food/Recipe	1	186	186	0	0	0	lilidessert.com/boys-birthday-cake-ideas-simple/	0
funny grooms cake	food-baking	Food/Recipe	1	151	151	0	0	0	lilidessert.com/funny-grooms-cake/	0
floral cake birthday	food-baking	Food/Recipe	1	124	124	0	0	0	lilidessert.com/floral-cake-birthday/	0
super mario cake	food-baking	Food/Recipe	1	123	123	1	0.81	1.75	lilidessert.com/super-mario-cake/	1
art birthday cake	food-baking	Food/Recipe	1	103	103	2	1.94	4.05	lilidessert.com/art-birthday-cake/	2
funny cake ideas	food-baking	Food/Recipe	1	103	103	1	0.97	2.02	lilidessert.com/funny-cake-ideas/	1
24th birthday cake for him	food-baking	Food/Recipe	1	102	102	0	0	0	lilidessert.com/24th-birthday-cake-for-him/	0
fairytale wedding cake	food-baking	Food/Recipe	1	85	85	4	4.71	9.42	lilidessert.com/fairytale-wedding-cake/	4
astronaut cake birthday	food-baking	Food/Recipe	1	68	68	5	7.35	13.98	lilidessert.com/astronaut-cake-birthday/	5
stitch birthday cake ideas	food-baking	Food/Recipe	1	66	66	0	0	0	lilidessert.com/stitch-birthday-cake-ideas/	0
13 birthday cake	food-baking	Food/Recipe	1	53	53	0	0	0	lilidessert.com/13-birthday-cake/	0
kpop birthday cake	food-baking	Food/Recipe	1	51	51	0	0	0	lilidessert.com/kpop-birthday-cake/	0
first birthday smash cake photoshoot	food-baking	Food/Recipe	1	50	50	1	2	3.53	lilidessert.com/first-birthday-smash-cake-photoshoot/	1
23 birthday cake men	food-baking	Food/Recipe	1	49	49	0	0	0	lilidessert.com/23-birthday-cake-men/	0
13th birthday cake for boys	food-baking	Food/Recipe	1	48	48	0	0	0	lilidessert.com/13th-birthday-cake-for-boys/	0
baddie cake	food-baking	Food/Recipe	1	41	41	0	0	0	lilidessert.com/baddie-cake/	0
birthday cake purple	food-baking	Food/Recipe	1	41	41	0	0	0	lilidessert.com/birthday-cake-purple/	0
spidey birthday cake	food-baking	Food/Recipe	1	41	41	0	0	0	lilidessert.com/spidey-birthday-cake/	0
black vintage heart cake	food-baking	Food/Recipe	1	40	40	0	0	0	lilidessert.com/black-vintage-heart-cake/	0
wall stairs decor	wedding-event	Food/Recipe	1	40	40	0	0	0	lilidessert.com/wall-stairs-decor/	0
cute unicorn cake	food-baking	Food/Recipe	1	38	38	0	0	0	lilidessert.com/cute-unicorn-cake/	0
birthday cake with fruit	food-baking	Food/Recipe	1	34	34	0	0	0	lilidessert.com/birthday-cake-with-fruit/	0
masters graduation cake	food-baking	Food/Recipe	1	34	34	1	2.94	4.69	lilidessert.com/masters-graduation-cake/	1
baby shower cake ideas	food-baking	Food/Recipe	1	33	33	0	0	0	lilidessert.com/baby-shower-cake-ideas/	0
cow cake ideas	food-baking	Food/Recipe	1	32	32	0	0	0	lilidessert.com/cow-cake-ideas/	0
classy 80th birthday cake for men	food-baking	Food/Recipe	1	30	30	0	0	0	lilidessert.com/classy-80th-birthday-cake-for-men/	0
demon slayer birthday cake	food-baking	Food/Recipe	1	29	29	0	0	0	lilidessert.com/demon-slayer-birthday-cake/	0
cake with flowers	food-baking	Food/Recipe	1	28	28	0	0	0	lilidessert.com/cake-with-flowers/	0
cat birthday cake	food-baking	Food/Recipe	1	25	25	0	0	0	lilidessert.com/cat-birthday-cake/	0
birthday cake two tier	food-baking	Food/Recipe	1	23	23	0	0	0	lilidessert.com/birthday-cake-two-tier/	0
small bedroom chandelier	product-specific	Food/Recipe	1	23	23	0	0	0	lilidessert.com/small-bedroom-chandelier/	0
cake for baby shower ideas	food-baking	Food/Recipe	1	22	22	0	0	0	lilidessert.com/cake-for-baby-shower-ideas/	0
sheet cake ideas	food-baking	Food/Recipe	1	21	21	0	0	0	lilidessert.com/sheet-cake-ideas/	0
school cake design	food-baking	Food/Recipe	1	20	20	1	5	6.84	lilidessert.com/school-cake-design/	1
pink ribbon cake	food-baking	Food/Recipe	1	19	19	0	0	0	lilidessert.com/pink-ribbon-cake/	0
birthday cake for 18th birthday	food-baking	Food/Recipe	1	17	17	0	0	0	lilidessert.com/birthday-cake-for-18th-birthday/	0
blue cake ideas	food-baking	Food/Recipe	1	16	16	0	0	0	lilidessert.com/blue-cake-ideas/	0
two tier chocolate cake	food-baking	Food/Recipe	1	15	15	0	0	0	lilidessert.com/two-tier-chocolate-cake/	0
rice cake dessert ideas	food-baking	Food/Recipe	1	14	14	0	0	0	lilidessert.com/rice-cake-dessert-ideas/	0
baby dedication cake	food-baking	Food/Recipe	1	13	13	0	0	0	lilidessert.com/baby-dedication-cake/	0
hear me out cake ideas	food-baking	Food/Recipe	1	13	13	0	0	0	lilidessert.com/hear-me-out-cake-ideas/	0
transformers birthday cake	food-baking	Food/Recipe	1	13	13	0	0	0	lilidessert.com/transformers-birthday-cake/	0
blinds and curtains	product-specific	Food/Recipe	1	12	12	0	0	0	lilidessert.com/blinds-and-curtains/	0
dinosaur cake	food-baking	Food/Recipe	1	12	12	0	0	0	lilidessert.com/dinosaur-cake/	0
heart cake decoration	food-baking	Food/Recipe	1	11	11	0	0	0	lilidessert.com/heart-cake-decoration/	0
1920s hairstyles	hair-beauty	Styling	1	128	128	1	0.78	0.5	lovermuse.com/1920s-hairstyles/	1
navy skirt outfit	outfit-style	Styling	1	123	123	3	2.44	1.56	lovermuse.com/navy-skirt-outfit/	3
1960s hairstyles	hair-beauty	Styling	1	120	120	2	1.67	1.06	lovermuse.com/1960s-hairstyles/	2
rhinestone jeans outfit for women	outfit-style	Styling	1	93	93	1	1.08	0.65	lovermuse.com/rhinestone-jeans-outfit-for-women/	1
dark autumn hair color	hair-beauty	Styling	1	72	72	1	1.39	0.79	lovermuse.com/dark-autumn-hair-color/	1
blue highlights brown hair	hair-beauty	Styling	1	67	67	0	0	0	lovermuse.com/blue-highlights-brown-hair/	0
deep autumn hair color	hair-beauty	Styling	1	54	54	2	3.7	1.97	lovermuse.com/deep-autumn-hair-color/	2
beige jeans outfit for women	outfit-style	Styling	1	53	53	1	1.89	1	lovermuse.com/beige-jeans-outfit-for-women/	1
beach wedding hair	hair-beauty	Styling	1	38	38	0	0	0	lovermuse.com/beach-wedding-hair/	0
brown flare pants outfit for women	outfit-style	Styling	1	38	38	0	0	0	lovermuse.com/brown-flare-pants-outfit-for-women/	0
long black skirt outfit casual	outfit-style	Styling	1	38	38	0	0	0	lovermuse.com/long-black-skirt-outfit-casual/	0
90s layered curly hair	hair-beauty	Styling	1	32	32	0	0	0	lovermuse.com/90s-layered-curly-hair/	0
cream jeans outfit for women	outfit-style	Styling	1	26	26	0	0	0	lovermuse.com/cream-jeans-outfit-for-women/	0
palazzo pants outfit for women	outfit-style	Styling	1	24	24	2	8.33	3.56	lovermuse.com/palazzo-pants-outfit-for-women/	2
1970s hairstyles	hair-beauty	Styling	1	19	19	1	5.26	2.09	lovermuse.com/1970s-hairstyles/	1
elegant jeans outfit for women	outfit-style	Styling	1	17	17	1	5.88	2.26	lovermuse.com/elegant-jeans-outfit-for-women/	1
caramel blonde hair	hair-beauty	Styling	1	15	15	0	0	0	lovermuse.com/caramel-blonde-hair/	0
maxi skirt outfit black women	outfit-style	Styling	1	14	14	0	0	0	lovermuse.com/maxi-skirt-outfit-black-women/	0
ballroom dance hairstyles	hair-beauty	Styling	1	13	13	0	0	0	lovermuse.com/ballroom-dance-hairstyles/	0
dark winter hair color	hair-beauty	Styling	1	12	12	0	0	0	lovermuse.com/dark-winter-hair-color/	0
ruffle skirt outfit	outfit-style	Styling	1	12	12	0	0	0	lovermuse.com/ruffle-skirt-outfit/	0
black baggy pants outfit for women	outfit-style	Styling	1	11	11	1	9.09	3	lovermuse.com/black-baggy-pants-outfit-for-women/	1
blonde hair curly	hair-beauty	Styling	1	11	11	0	0	0	lovermuse.com/blonde-hair-curly/	0
gray skirt outfit	outfit-style	Styling	1	11	11	1	9.09	3	lovermuse.com/gray-skirt-outfit/	1
lace pants outfit for women	outfit-style	Styling	1	5	5	1	20	4.76	lovermuse.com/lace-pants-outfit-for-women/	1
outdoor patio bar ideas	room-ideas	Garden/Outdoor	1	27	27	0	0	0	lucystyling.com/outdoor-patio-bar-ideas/	0
bathroom ceiling ideas modern	room-ideas	Garden/Outdoor	1	25	25	0	0	0	lucystyling.com/bathroom-ceiling-ideas-modern/	0
gazebo ideas backyard outdoor	room-ideas	Garden/Outdoor	1	19	19	0	0	0	lucystyling.com/gazebo-ideas-backyard-outdoor/	0
pergola roofing ideas	general	Garden/Outdoor	1	9	9	1	11.11	2.77	lucystyling.com/pergola-roofing-ideas/	1
brownie mix recipes boxed	food-baking	Food/Recipe	1	801	801	5	0.62	1.86	lunapastry.com/brownie-mix-recipes-boxed/	5
sourdough inclusion ideas	food-baking	Food/Recipe	1	135	135	0	0	0	lunapastry.com/sourdough-inclusion-ideas/	0
boy cake ideas simple	food-baking	Food/Recipe	1	108	108	4	3.7	7.8	lunapastry.com/boy-cake-ideas-simple/	4
hamburger patties and gravy	food-recipe	Food/Recipe	1	107	107	1	0.93	1.96	lunapastry.com/hamburger-patties-and-gravy/	1
cheesecake birthday cake decoration	food-baking	Food/Recipe	1	105	105	2	1.9	3.98	lunapastry.com/cheesecake-birthday-cake-decoration/	2
31 birthday cake for men	food-baking	Food/Recipe	1	103	103	4	3.88	8.09	lunapastry.com/31-birthday-cake-for-men/	4
stranger things cake	food-baking	Food/Recipe	1	92	92	4	4.35	8.85	lunapastry.com/stranger-things-cake/	4
minimalist birthday cake for women	food-baking	Food/Recipe	1	91	91	2	2.2	4.47	lunapastry.com/minimalist-birthday-cake-for-women/	2
simple birthday cake for boys	food-baking	Food/Recipe	1	78	78	4	5.13	10.07	lunapastry.com/simple-birthday-cake-for-boys/	4
kids cake design	food-baking	Food/Recipe	1	65	65	1	1.54	2.9	lunapastry.com/kids-cake-design/	1
biscoff banana pudding	general	Food/Recipe	1	57	57	1	1.75	3.19	lunapastry.com/biscoff-banana-pudding/	1
sourdough cut designs	food-baking	Food/Recipe	1	51	51	1	1.96	3.48	lunapastry.com/sourdough-cut-designs/	1
baby boy birthday cake	food-baking	Food/Recipe	1	50	50	2	4	7.06	lunapastry.com/baby-boy-birthday-cake/	2
diy monster truck cake	food-baking	Food/Recipe	1	49	49	0	0	0	lunapastry.com/diy-monster-truck-cake/	0
pizza oven recipes	food-baking	Food/Recipe	1	45	45	0	0	0	lunapastry.com/pizza-oven-recipes/	0
brownie bar party ideas	food-baking	Food/Recipe	1	42	42	1	2.38	4.02	lunapastry.com/brownie-bar-party-ideas/	1
cake para hombres	food-baking	Food/Recipe	1	39	39	1	2.56	4.24	lunapastry.com/cake-para-hombres/	1
penguin cake ideas	food-baking	Food/Recipe	1	35	35	3	8.57	13.79	lunapastry.com/penguin-cake-ideas/	3
birthday cake for girlfriend	food-baking	Food/Recipe	1	31	31	1	3.23	5.03	lunapastry.com/birthday-cake-for-girlfriend/	1
cake pop ideas	food-baking	Food/Recipe	1	28	28	0	0	0	lunapastry.com/cake-pop-ideas/	0
car cake designs for kids	food-baking	Food/Recipe	1	28	28	2	7.14	10.8	lunapastry.com/car-cake-designs-for-kids/	2
nurse cake ideas simple	food-baking	Food/Recipe	1	26	26	1	3.85	5.7	lunapastry.com/nurse-cake-ideas-simple/	1
small bookshelf ideas	general	Food/Recipe	1	25	25	3	12	17.56	lunapastry.com/small-bookshelf-ideas/	3
cast iron cookie recipe	product-specific	Food/Recipe	1	24	24	0	0	0	lunapastry.com/cast-iron-cookie-recipe/	0
beach cake ideas	food-baking	Food/Recipe	1	23	23	1	4.35	6.21	lunapastry.com/beach-cake-ideas/	1
40th birthday cake ideas for men	food-baking	Food/Recipe	1	22	22	1	4.55	6.41	lunapastry.com/40th-birthday-cake-ideas-for-men/	1
batman cake ideas	food-baking	Food/Recipe	1	22	22	6	27.27	38.4	lunapastry.com/batman-cake-ideas/	6
healthy cookie recipe	food-baking	Food/Recipe	1	22	22	1	4.55	6.41	lunapastry.com/healthy-cookie-recipe/	1
rainbow cake decorating ideas	food-baking	Food/Recipe	1	22	22	0	0	0	lunapastry.com/rainbow-cake-decorating-ideas/	0
pizza baby shower	general	Food/Recipe	1	21	21	4	19.05	26.44	lunapastry.com/pizza-baby-shower/	4
recipes using cake mix	food-baking	Food/Recipe	1	21	21	0	0	0	lunapastry.com/recipes-using-cake-mix/	0
mexican cake ideas	food-baking	Food/Recipe	1	20	20	0	0	0	lunapastry.com/mexican-cake-ideas/	0
donut cake ideas	food-baking	Food/Recipe	1	19	19	0	0	0	lunapastry.com/donut-cake-ideas/	0
bookshelf above couch	product-specific	Food/Recipe	1	17	17	0	0	0	lunapastry.com/bookshelf-above-couch/	0
rose gold cake	food-baking	Food/Recipe	1	17	17	1	5.88	7.63	lunapastry.com/rose-gold-cake/	1
ariel cake ideas	food-baking	Food/Recipe	1	16	16	0	0	0	lunapastry.com/ariel-cake-ideas/	0
carrot cake decoration	food-baking	Food/Recipe	1	16	16	0	0	0	lunapastry.com/carrot-cake-decoration/	0
cookie cake wedding cakes	food-baking	Food/Recipe	1	16	16	0	0	0	lunapastry.com/cookie-cake-wedding-cakes/	0
underwater theme cake	food-baking	Food/Recipe	1	16	16	1	6.25	7.95	lunapastry.com/underwater-theme-cake/	1
tall shower curtains	product-specific	Food/Recipe	1	15	15	0	0	0	lunapastry.com/tall-shower-curtains/	0
staircase chandelier contemporary	product-specific	Food/Recipe	1	14	14	2	14.29	17.38	lunapastry.com/staircase-chandelier-contemporary/	2
curtains kitchen window	product-specific	Food/Recipe	1	13	13	1	7.69	9.11	lunapastry.com/curtains-kitchen-window/	1
healthy sourdough discard recipes	food-baking	Food/Recipe	1	13	13	0	0	0	lunapastry.com/healthy-sourdough-discard-recipes/	0
cake for best friend girl	food-baking	Food/Recipe	1	11	11	0	0	0	lunapastry.com/cake-for-best-friend-girl/	0
pregnancy cake ideas	food-baking	Food/Recipe	1	11	11	0	0	0	lunapastry.com/pregnancy-cake-ideas/	0
sourdough pretzel bites	food-baking	Food/Recipe	1	11	11	0	0	0	lunapastry.com/sourdough-pretzel-bites/	0
tropical living room	room-ideas	Home Decor	1	78	78	5	6.41	3.47	lunarosedecor.com/tropical-living-room/	5
tv wall ideas living room floating shelves	product-specific	Home Decor	1	27	27	0	0	0	lunarosedecor.com/tv-wall-ideas-living-room-floating-shelves/	0
mini bathroom ideas	room-ideas	Home Decor	1	23	23	9	39.13	15.43	lunarosedecor.com/mini-bathroom-ideas/	9
wash basin ideas in living room indian	room-ideas	Home Decor	1	17	17	0	0	0	lunarosedecor.com/wash-basin-ideas-in-living-room-indian/	0
edwardian bathroom ideas	room-ideas	Home Decor	1	13	13	2	15.38	5.03	lunarosedecor.com/edwardian-bathroom-ideas/	2
open stairs in living room	room-ideas	Home Decor	1	13	13	0	0	0	lunarosedecor.com/open-stairs-in-living-room/	0
sister bedroom ideas	room-ideas	Home Decor	1	12	12	1	8.33	2.65	lunarosedecor.com/sister-bedroom-ideas/	1
bedroom window curtains	product-specific	Home Decor	1	10	10	2	20	5.95	lunarosedecor.com/bedroom-window-curtains/	2
star wars living room	room-ideas	Home Decor	1	9	9	1	11.11	3.17	lunarosedecor.com/star-wars-living-room/	1
denim sofa living room	product-specific	Home Decor	1	7	7	1	14.29	3.69	lunarosedecor.com/denim-sofa-living-room/	1
dusty rose living room	room-ideas	Home Decor	1	6	6	14	233.33	56.32	lunarosedecor.com/dusty-rose-living-room/	14
spongebob bathroom ideas	room-ideas	Home Decor	1	4	4	1	25	4.99	lunarosedecor.com/spongebob-bathroom-ideas/	1
painted tiles bathroom	room-ideas	Home Decor	1	260	260	3	1.15	0.79	lyladecor.com/painted-tiles-bathroom/	3
mid century modern bathroom tile	room-ideas	Home Decor	1	111	111	7	6.31	3.69	lyladecor.com/mid-century-modern-bathroom-tile/	7
bedroom door painting ideas creative	room-ideas	Home Decor	1	105	105	3	2.86	1.65	lyladecor.com/bedroom-door-painting-ideas-creative/	3
bedroom curtain ideas with blinds	product-specific	Home Decor	1	88	88	8	9.09	5.06	lyladecor.com/bedroom-curtain-ideas-with-blinds/	8
pink bedroom ideas for kids	room-ideas	Home Decor	1	65	65	2	3.08	1.6	lyladecor.com/pink-bedroom-ideas-for-kids/	2
room divider ideas bedroom	room-ideas	Home Decor	1	62	62	3	4.84	2.49	lyladecor.com/room-divider-ideas-bedroom/	3
bedroom ideas with grey bed	product-specific	Home Decor	2	90	45	4	4.44	2.11	sleeprism.com/bedroom-ideas-with-grey-bed/	3
small bathroom plants	room-ideas	Home Decor	1	41	41	3	7.32	3.39	lyladecor.com/small-bathroom-plants/	3
staff bathroom ideas	room-ideas	Home Decor	1	35	35	1	2.86	1.27	lyladecor.com/staff-bathroom-ideas/	1
bathroom decor shower curtains	product-specific	Home Decor	1	29	29	3	10.34	4.36	lyladecor.com/bathroom-decor-shower-curtains/	3
marvel bedroom ideas boy rooms	room-ideas	Home Decor	1	28	28	1	3.57	1.49	lyladecor.com/marvel-bedroom-ideas-boy-rooms/	1
bathroom tile inspiration	room-ideas	Home Decor	1	27	27	0	0	0	lyladecor.com/bathroom-tile-inspiration/	0
bedroom wall tiles ideas	room-ideas	Home Decor	1	25	25	0	0	0	lyladecor.com/bedroom-wall-tiles-ideas/	0
brick tiles bathroom	room-ideas	Home Decor	1	25	25	1	4	1.62	lyladecor.com/brick-tiles-bathroom/	1
brother and sister shared bedroom ideas	room-ideas	Home Decor	1	22	22	0	0	0	lyladecor.com/brother-and-sister-shared-bedroom-ideas/	0
unicorn bedroom ideas kid rooms	room-ideas	Home Decor	1	21	21	6	28.57	10.95	lyladecor.com/unicorn-bedroom-ideas-kid-rooms/	6
bedroom ideas dark blue	room-ideas	Home Decor	1	19	19	0	0	0	lyladecor.com/bedroom-ideas-dark-blue/	0
dark blue bathroom tiles	room-ideas	Home Decor	1	19	19	0	0	0	lyladecor.com/dark-blue-bathroom-tiles/	0
rainshower bathroom ideas	room-ideas	Home Decor	1	19	19	0	0	0	lyladecor.com/rainshower-bathroom-ideas/	0
checkered tile bathroom	room-ideas	Home Decor	1	18	18	0	0	0	lyladecor.com/checkered-tile-bathroom/	0
bedroom wall paneling ideas	room-ideas	Home Decor	1	17	17	4	23.53	8.44	lyladecor.com/bedroom-wall-paneling-ideas/	4
fairy bathroom ideas	room-ideas	Home Decor	1	17	17	4	23.53	8.44	lyladecor.com/fairy-bathroom-ideas/	4
hexagon tile bathroom	room-ideas	Home Decor	1	17	17	0	0	0	lyladecor.com/hexagon-tile-bathroom/	0
teen boys shared bedroom ideas	room-ideas	Home Decor	1	17	17	0	0	0	lyladecor.com/teen-boys-shared-bedroom-ideas/	0
bedroom dressing mirror ideas	product-specific	Home Decor	1	16	16	0	0	0	lyladecor.com/bedroom-dressing-mirror-ideas/	0
small bathroom ideas with bath	room-ideas	Home Decor	1	14	14	0	0	0	lyladecor.com/small-bathroom-ideas-with-bath/	0
unique bathroom tiles	room-ideas	Home Decor	1	12	12	2	16.67	5.3	lyladecor.com/unique-bathroom-tiles/	2
black headboard bedroom ideas	room-ideas	Home Decor	1	11	11	1	9.09	2.8	lyladecor.com/black-headboard-bedroom-ideas/	1
black marble tile bathroom	room-ideas	Home Decor	1	11	11	0	0	0	lyladecor.com/black-marble-tile-bathroom/	0
wood sink bathroom	room-ideas	Home Decor	1	11	11	5	45.45	14.01	lyladecor.com/wood-sink-bathroom/	5
victorian bathroom decor	room-ideas	Home Decor	1	9	9	1	11.11	3.17	lyladecor.com/victorian-bathroom-decor/	1
guest bedroom decor ideas	room-ideas	Home Decor	1	8	8	1	12.5	3.41	lyladecor.com/guest-bedroom-decor-ideas/	1
vines in bedroom ideas	room-ideas	Home Decor	1	6	6	2	33.33	8.05	lyladecor.com/vines-in-bedroom-ideas/	2
pegboard desk setup	general	Home Decor	1	1	1	1	100	8.6	lylainterior.com/pegboard-desk-setup/	1
bedroom with high ceilings	room-ideas	Home Decor	1	187	187	1	0.53	0.34	lylastudio.com/bedroom-with-high-ceilings/	1
curtains for short windows bedroom	product-specific	Home Decor	1	174	174	2	1.15	0.74	lylastudio.com/curtains-for-short-windows-bedroom/	2
burgundy couch living room ideas	product-specific	Home Decor	1	87	87	3	3.45	1.92	lylastudio.com/burgundy-couch-living-room-ideas/	3
living room tv unit designs modern luxury	room-ideas	Home Decor	1	78	78	1	1.28	0.69	lylastudio.com/living-room-tv-unit-designs-modern-luxury/	1
hexagon tile bathroom floor	room-ideas	Home Decor	1	74	74	0	0	0	lylastudio.com/hexagon-tile-bathroom-floor/	0
rustic cabin living room	room-ideas	Home Decor	1	71	71	0	0	0	lylastudio.com/rustic-cabin-living-room/	0
dark green bathroom tiles	room-ideas	Home Decor	1	70	70	2	2.86	1.51	lylastudio.com/dark-green-bathroom-tiles/	2
church bathroom ideas	room-ideas	Home Decor	1	66	66	1	1.52	0.79	lylastudio.com/church-bathroom-ideas/	1
awkward bedroom layout	room-ideas	Home Decor	1	64	64	1	1.56	0.81	lylastudio.com/awkward-bedroom-layout/	1
brown and blue living room	room-ideas	Home Decor	1	64	64	2	3.13	1.62	lylastudio.com/brown-and-blue-living-room/	2
bedroom craft room combo	room-ideas	Home Decor	1	62	62	4	6.45	3.31	lylastudio.com/bedroom-craft-room-combo/	4
spanish tile bathroom	room-ideas	Home Decor	1	59	59	4	6.78	3.44	lylastudio.com/spanish-tile-bathroom/	4
victorian bathroom tiles	room-ideas	Home Decor	1	57	57	6	10.53	5.3	lylastudio.com/victorian-bathroom-tiles/	6
beige and olive green living room	room-ideas	Home Decor	1	56	56	5	8.93	4.48	lylastudio.com/beige-and-olive-green-living-room/	5
side table ideas living room	room-ideas	Home Decor	1	55	55	5	9.09	4.54	lylastudio.com/side-table-ideas-living-room/	5
sound system living room	room-ideas	Home Decor	1	53	53	0	0	0	lylastudio.com/sound-system-living-room/	0
tiles for living room floor small house	room-ideas	Home Decor	1	44	44	0	0	0	lylastudio.com/tiles-for-living-room-floor-small-house/	0
brown tiles bathroom	room-ideas	Home Decor	1	41	41	2	4.88	2.26	lylastudio.com/brown-tiles-bathroom/	2
bathroom dry and wet area partition	room-ideas	Home Decor	1	37	37	0	0	0	lylastudio.com/bathroom-dry-and-wet-area-partition/	0
corner shelf ideas living room	product-specific	Home Decor	1	36	36	6	16.67	7.47	lylastudio.com/corner-shelf-ideas-living-room/	6
bedroom with 2 beds	room-ideas	Home Decor	1	35	35	0	0	0	lylastudio.com/bedroom-with-2-beds/	0
dark paint living room	room-ideas	Home Decor	1	35	35	1	2.86	1.27	lylastudio.com/dark-paint-living-room/	1
sleigh bed bedroom	product-specific	Home Decor	1	35	35	1	2.86	1.27	lylastudio.com/sleigh-bed-bedroom/	1
living room wall decor ideas indian	room-ideas	Home Decor	1	34	34	2	5.88	2.59	lylastudio.com/living-room-wall-decor-ideas-indian/	2
black couch boho living room	product-specific	Home Decor	1	33	33	0	0	0	lylastudio.com/black-couch-boho-living-room/	0
ottoman living room ideas	room-ideas	Home Decor	1	33	33	3	9.09	3.98	lylastudio.com/ottoman-living-room-ideas/	3
long bedroom layout	room-ideas	Home Decor	1	31	31	0	0	0	lylastudio.com/long-bedroom-layout/	0
window sill decor living room	room-ideas	Home Decor	1	30	30	0	0	0	lylastudio.com/window-sill-decor-living-room/	0
kerala living room designs	room-ideas	Home Decor	1	28	28	0	0	0	lylastudio.com/kerala-living-room-designs/	0
peach tile bathroom	room-ideas	Home Decor	1	27	27	0	0	0	lylastudio.com/peach-tile-bathroom/	0
dark green comforter bedroom	room-ideas	Home Decor	1	26	26	1	3.85	1.57	lylastudio.com/dark-green-comforter-bedroom/	1
luxurious tray ceiling bedroom	room-ideas	Home Decor	1	26	26	0	0	0	lylastudio.com/luxurious-tray-ceiling-bedroom/	0
wall molding ideas living room	room-ideas	Home Decor	1	26	26	2	7.69	3.14	lylastudio.com/wall-molding-ideas-living-room/	2
blue white living room	room-ideas	Home Decor	1	22	22	0	0	0	lylastudio.com/blue-white-living-room/	0
cube organizer ideas living room	product-specific	Home Decor	1	21	21	2	9.52	3.65	lylastudio.com/cube-organizer-ideas-living-room/	2
olive green comforter bedroom	room-ideas	Home Decor	1	20	20	0	0	0	lylastudio.com/olive-green-comforter-bedroom/	0
witchy bathroom ideas	room-ideas	Home Decor	1	20	20	2	10	3.78	lylastudio.com/witchy-bathroom-ideas/	2
bathroom tile layout	room-ideas	Home Decor	1	19	19	0	0	0	lylastudio.com/bathroom-tile-layout/	0
video game bedroom for boys	room-ideas	Home Decor	1	19	19	3	15.79	5.87	lylastudio.com/video-game-bedroom-for-boys/	3
bathroom alcove ideas	room-ideas	Home Decor	1	18	18	0	0	0	lylastudio.com/bathroom-alcove-ideas/	0
living room decor with mirror	product-specific	Home Decor	1	17	17	1	5.88	2.11	lylastudio.com/living-room-decor-with-mirror/	1
penny tiles bathroom	room-ideas	Home Decor	1	17	17	0	0	0	lylastudio.com/penny-tiles-bathroom/	0
perfume shelf bedroom	product-specific	Home Decor	1	15	15	2	13.33	4.58	lylastudio.com/perfume-shelf-bedroom/	2
bathroom vanity with drawers	product-specific	Home Decor	1	14	14	0	0	0	lylastudio.com/bathroom-vanity-with-drawers/	0
ikea bathroom vanity	product-specific	Home Decor	1	14	14	2	14.29	4.8	lylastudio.com/ikea-bathroom-vanity/	2
nook ideas living room	room-ideas	Home Decor	1	14	14	0	0	0	lylastudio.com/nook-ideas-living-room/	0
bedroom rugs under bed	product-specific	Home Decor	1	13	13	0	0	0	lylastudio.com/bedroom-rugs-under-bed/	0
bedroom without bed frame	product-specific	Home Decor	1	12	12	6	50	15.91	lylastudio.com/bedroom-without-bed-frame/	6
sauce for chicken wings	food-recipe	Food/Recipe	1	330	330	6	1.82	4.74	mealwish.work/sauce-for-chicken-wings/	6
easy party appetizer recipes	food-baking	Food/Recipe	1	253	253	0	0	0	mealwish.work/easy-party-appetizer-recipes/	0
gluten free cookie recipes	food-baking	Food/Recipe	1	87	87	1	1.15	2.31	mealwish.work/gluten-free-cookie-recipes/	1
easy broccoli side dish recipes	food-baking	Food/Recipe	1	78	78	2	2.56	5.02	mealwish.work/easy-broccoli-side-dish-recipes/	2
crustless quiche recipes	food-baking	Food/Recipe	1	74	74	0	0	0	mealwish.work/crustless-quiche-recipes/	0
chicken chaffle recipe keto	food-baking	Food/Recipe	1	62	62	0	0	0	mealwish.work/chicken-chaffle-recipe-keto/	0
cookie recipes without eggs	food-baking	Food/Recipe	1	42	42	0	0	0	mealwish.work/cookie-recipes-without-eggs/	0
lemon sauce for chicken	food-recipe	Food/Recipe	1	35	35	0	0	0	mealwish.work/lemon-sauce-for-chicken/	0
lemon sauce for chicken recipe	food-baking	Food/Recipe	1	30	30	0	0	0	mealwish.work/lemon-sauce-for-chicken-recipe/	0
easy chicken dinner recipes healthy	food-baking	Food/Recipe	1	20	20	0	0	0	mealwish.work/easy-chicken-dinner-recipes-healthy/	0
simple chicken wing sauce recipe	food-baking	Food/Recipe	1	19	19	0	0	0	mealwish.work/simple-chicken-wing-sauce-recipe/	0
chicken sausage sheet pan	product-specific	Food/Recipe	1	17	17	0	0	0	mealwish.work/chicken-sausage-sheet-pan/	0
baked chicken sandwich recipes	food-baking	Food/Recipe	1	14	14	0	0	0	mealwish.work/baked-chicken-sandwich-recipes/	0
chicken breast bites recipes	food-baking	Food/Recipe	1	14	14	0	0	0	mealwish.work/chicken-breast-bites-recipes/	0
whole chicken wings in the oven	food-recipe	Food/Recipe	1	14	14	0	0	0	mealwish.work/whole-chicken-wings-in-the-oven/	0
keto shredded chicken recipes	food-baking	Food/Recipe	1	13	13	0	0	0	mealwish.work/keto-shredded-chicken-recipes/	0
broccoli cauliflower salad recipes	food-baking	Food/Recipe	1	12	12	0	0	0	mealwish.work/broccoli-cauliflower-salad-recipes/	0
living room trends	room-ideas	Home Decor	1	4374	4374	144	3.29	3.42	minoradesign.com/2026-living-room-trends/	144
disney bedroom ideas for adults	room-ideas	Home Decor	2	190	95	7	3.68	2.08	minoradesign.com/disney-bedroom-ideas-for-adults/	6
fake ivy decor bedroom ideas	room-ideas	Home Decor	1	104	104	5	4.81	2.78	minoradesign.com/fake-ivy-decor-bedroom-ideas/	5
rainbow bedroom ideas kids	room-ideas	Home Decor	1	93	93	0	0	0	minoradesign.com/rainbow-bedroom-ideas-kids/	0
hippie living room	room-ideas	Home Decor	1	75	75	5	6.67	3.58	minoradesign.com/hippie-living-room/	5
living room without tv ideas	room-ideas	Home Decor	1	71	71	0	0	0	minoradesign.com/living-room-without-tv-ideas/	0
small bedroom side table ideas	room-ideas	Home Decor	1	61	61	2	3.28	1.68	minoradesign.com/small-bedroom-side-table-ideas/	2
modern victorian bedroom ideas	room-ideas	Home Decor	1	54	54	2	3.7	1.84	minoradesign.com/modern-victorian-bedroom-ideas/	2
corner of bedroom ideas	room-ideas	Home Decor	1	50	50	1	2	0.98	minoradesign.com/corner-of-bedroom-ideas/	1
tractor bedroom ideas little boys	room-ideas	Home Decor	1	43	43	0	0	0	minoradesign.com/tractor-bedroom-ideas-little-boys/	0
small bedroom ideas with wardrobe	room-ideas	Home Decor	1	40	40	0	0	0	minoradesign.com/small-bedroom-ideas-with-wardrobe/	0
warm living room colors	room-ideas	Home Decor	1	52	52	0	0	0	minoradesign.com/warm-living-room-colors/	0
girls bedroom ideas age 8 10	room-ideas	Home Decor	2	50	25	0	0	0	minoradesign.com/girls-bedroom-ideas-age-8-10/	0
tudor living room ideas	room-ideas	Home Decor	1	36	36	0	0	0	minoradesign.com/tudor-living-room-ideas/	0
alcove living room	room-ideas	Home Decor	1	34	34	0	0	0	minoradesign.com/alcove-living-room/	0
boys grey bedroom ideas	room-ideas	Home Decor	1	34	34	0	0	0	minoradesign.com/boys-grey-bedroom-ideas/	0
vanity ideas bedroom black	product-specific	Home Decor	1	33	33	0	0	0	minoradesign.com/vanity-ideas-bedroom-black/	0
blue curtains bedroom ideas	product-specific	Home Decor	1	32	32	0	0	0	minoradesign.com/blue-curtains-bedroom-ideas/	0
living room ideas	room-ideas	Home Decor	1	31	31	0	0	0	minoradesign.com/category/living-room-ideas/	0
corner study table ideas bedroom	room-ideas	Home Decor	1	31	31	1	3.23	1.39	minoradesign.com/corner-study-table-ideas-bedroom/	1
one window bedroom ideas	room-ideas	Home Decor	1	30	30	0	0	0	minoradesign.com/one-window-bedroom-ideas/	0
big boys bedroom ideas	room-ideas	Home Decor	1	29	29	1	3.45	1.46	minoradesign.com/big-boys-bedroom-ideas/	1
living room arch design	room-ideas	Home Decor	1	28	28	0	0	0	minoradesign.com/living-room-arch-design/	0
living room basket	product-specific	Home Decor	1	28	28	0	0	0	minoradesign.com/living-room-basket/	0
bedroom curtain ideas master modern	product-specific	Home Decor	1	27	27	5	18.52	7.66	minoradesign.com/bedroom-curtain-ideas-master-modern/	5
spicy couples photoshoot ideas bedroom	room-ideas	Home Decor	1	26	26	0	0	0	minoradesign.com/spicy-couples-photoshoot-ideas-bedroom/	0
paw patrol bedroom ideas for boys	room-ideas	Home Decor	2	31	16	1	3.23	1.12	sleeprism.com/paw-patrol-bedroom-ideas-for-boys/	1
four poster bedroom ideas	room-ideas	Home Decor	1	24	24	0	0	0	minoradesign.com/four-poster-bedroom-ideas/	0
aesthetic room color ideas bedroom	room-ideas	Home Decor	1	22	22	0	0	0	minoradesign.com/aesthetic-room-color-ideas-bedroom/	0
living room mural ideas	room-ideas	Home Decor	1	21	21	0	0	0	minoradesign.com/living-room-mural-ideas/	0
bedroom headboard wall ideas	room-ideas	Home Decor	1	19	19	0	0	0	minoradesign.com/bedroom-headboard-wall-ideas/	0
living room with two windows ideas	room-ideas	Home Decor	1	19	19	0	0	0	minoradesign.com/living-room-with-two-windows-ideas/	0
bed living room	product-specific	Home Decor	1	17	17	1	5.88	2.11	minoradesign.com/bed-living-room/	1
mansion living room ideas	room-ideas	Home Decor	1	17	17	0	0	0	minoradesign.com/mansion-living-room-ideas/	0
modern coastal bedroom ideas	room-ideas	Home Decor	1	17	17	0	0	0	minoradesign.com/modern-coastal-bedroom-ideas/	0
bedroom side table ideas	room-ideas	Home Decor	1	16	16	7	43.75	15.38	minoradesign.com/bedroom-side-table-ideas/	7
caribbean living room	room-ideas	Home Decor	1	15	15	0	0	0	minoradesign.com/caribbean-living-room/	0
dusty blue bedroom ideas	room-ideas	Home Decor	1	15	15	1	6.67	2.29	minoradesign.com/dusty-blue-bedroom-ideas/	1
girls small bedroom ideas	room-ideas	Home Decor	1	14	14	0	0	0	minoradesign.com/girls-small-bedroom-ideas/	0
creepy living room ideas	room-ideas	Home Decor	1	13	13	0	0	0	minoradesign.com/creepy-living-room-ideas/	0
bedroom sofa ideas small spaces	product-specific	Home Decor	1	12	12	2	16.67	5.3	minoradesign.com/bedroom-sofa-ideas-small-spaces/	2
tan leather sofa living room color schemes	product-specific	Home Decor	1	44	44	0	0	0	namidecor.com/tan-leather-sofa-living-room-color-schemes/	0
wood cabinet bathroom	product-specific	Home Decor	1	30	30	0	0	0	namidecor.com/wood-cabinet-bathroom/	0
mauve living room	room-ideas	Home Decor	1	22	22	0	0	0	namidecor.com/mauve-living-room/	0
modern farmhouse wall decor living room	room-ideas	Home Decor	1	15	15	3	20	6.88	namidecor.com/modern-farmhouse-wall-decor-living-room/	3
brown walls living room decor	room-ideas	Home Decor	1	11	11	0	0	0	namidecor.com/brown-walls-living-room-decor/	0
luxury fireplace living room	room-ideas	Home Decor	1	11	11	0	0	0	namidecor.com/luxury-fireplace-living-room/	0
brown curtains living room	product-specific	Home Decor	1	5	5	1	20	4.45	namidecor.com/brown-curtains-living-room/	1
navy blue and gold living room	room-ideas	Home Decor	1	3	3	1	33.33	5.73	namidecor.com/navy-blue-and-gold-living-room/	1
sauce for chicken and rice	food-recipe	Food/Recipe	1	307	307	6	1.95	5.02	newtritiousjuicebar.com/sauce-for-chicken-and-rice/	6
non alcoholic fruit punch recipes	food-baking	Food/Recipe	1	251	251	3	1.2	2.98	newtritiousjuicebar.com/non-alcoholic-fruit-punch-recipes/	3
gluten free healthy recipes	food-baking	Food/Recipe	1	218	218	2	0.92	2.23	newtritiousjuicebar.com/gluten-free-healthy-recipes/	2
baked oatmeal recipes	food-baking	Food/Recipe	1	90	90	1	1.11	2.25	newtritiousjuicebar.com/baked-oatmeal-recipes/	1
gluten free sourdough recipes	food-baking	Food/Recipe	1	98	98	0	0	0	newtritiousjuicebar.com/gluten-free-sourdough-recipes/	0
healthy crock pot recipes	product-specific	Food/Recipe	1	68	68	0	0	0	newtritiousjuicebar.com/healthy-crock-pot-recipes/	0
carnivore diet chicken recipes	food-baking	Food/Recipe	1	63	63	1	1.59	2.97	newtritiousjuicebar.com/carnivore-diet-chicken-recipes/	1
brunch recipes for a crowd	food-baking	Food/Recipe	1	51	51	0	0	0	newtritiousjuicebar.com/brunch-recipes-for-a-crowd/	0
ground chicken crockpot recipes	food-baking	Food/Recipe	1	45	45	0	0	0	newtritiousjuicebar.com/ground-chicken-crockpot-recipes/	0
canned tuna recipes	food-baking	Food/Recipe	1	24	24	0	0	0	newtritiousjuicebar.com/canned-tuna-recipes/	0
frozen chicken crockpot recipes	food-baking	Food/Recipe	1	21	21	0	0	0	newtritiousjuicebar.com/frozen-chicken-crockpot-recipes/	0
apple puff pastry recipes	food-baking	Food/Recipe	1	20	20	0	0	0	newtritiousjuicebar.com/apple-puff-pastry-recipes/	0
apple cider vinegar drink recipes	food-baking	Food/Recipe	1	19	19	0	0	0	newtritiousjuicebar.com/apple-cider-vinegar-drink-recipes/	0
apple cider vinegar recipes	food-baking	Food/Recipe	1	19	19	0	0	0	newtritiousjuicebar.com/apple-cider-vinegar-recipes/	0
cheddar cheese soup recipes	food-baking	Food/Recipe	1	17	17	0	0	0	newtritiousjuicebar.com/cheddar-cheese-soup-recipes/	0
crock pot soup recipes	product-specific	Food/Recipe	1	16	16	0	0	0	newtritiousjuicebar.com/crock-pot-soup-recipes/	0
canned apple pie filling recipes	food-baking	Food/Recipe	1	15	15	0	0	0	newtritiousjuicebar.com/canned-apple-pie-filling-recipes/	0
crown apple drinks recipes	food-baking	Food/Recipe	1	13	13	0	0	0	newtritiousjuicebar.com/crown-apple-drinks-recipes/	0
easy apple dessert recipes	food-baking	Food/Recipe	1	13	13	0	0	0	newtritiousjuicebar.com/easy-apple-dessert-recipes/	0
healthy stuffed chicken breast	food-recipe	Food/Recipe	1	11	11	0	0	0	newtritiousjuicebar.com/healthy-stuffed-chicken-breast/	0
granny smith apple recipes	food-baking	Food/Recipe	1	6	6	1	16.67	14.57	newtritiousjuicebar.com/granny-smith-apple-recipes/	1
fine line flower tattoo	tattoo	Tattoo	1	30	30	0	0	0	potiontattoo.com/fine-line-flower-tattoo/	0
stained concrete floors living room	room-ideas	Home Decor	1	81	81	0	0	0	roomblr.com/stained-concrete-floors-living-room/	0
small living room color scheme ideas	room-ideas	Home Decor	1	56	56	1	1.79	0.9	roomblr.com/small-living-room-color-scheme-ideas/	1
sconces living room tv	product-specific	Home Decor	1	55	55	18	32.73	16.34	roomblr.com/sconces-living-room-tv/	18
bathroom tile paint	room-ideas	Home Decor	1	49	49	1	2.04	0.99	roomblr.com/bathroom-tile-paint-before-and-after/	1
wallpaper on ceiling bedroom	room-ideas	Home Decor	1	49	49	2	4.08	1.98	roomblr.com/wallpaper-on-ceiling-bedroom/	2
teal and beige living room	room-ideas	Home Decor	1	46	46	1	2.17	1.04	roomblr.com/teal-and-beige-living-room/	1
disney bedroom for adults	room-ideas	Home Decor	1	44	44	4	9.09	4.29	roomblr.com/disney-bedroom-for-adults/	4
living room sitting area ideas	room-ideas	Home Decor	1	36	36	4	11.11	4.98	roomblr.com/living-room-sitting-area-ideas/	4
open concept kitchen and living room	room-ideas	Home Decor	1	36	36	0	0	0	roomblr.com/open-concept-kitchen-and-living-room/	0
teal sofa living room	product-specific	Home Decor	1	36	36	0	0	0	roomblr.com/teal-sofa-living-room/	0
spa like bedroom	room-ideas	Home Decor	1	31	31	0	0	0	roomblr.com/spa-like-bedroom/	0
blue white and gold living room	room-ideas	Home Decor	1	30	30	0	0	0	roomblr.com/blue-white-and-gold-living-room/	0
ceiling lights for bedroom	room-ideas	Home Decor	1	29	29	2	6.9	2.91	roomblr.com/ceiling-lights-for-bedroom/	2
industrial farmhouse living room	room-ideas	Home Decor	1	25	25	2	8	3.23	roomblr.com/industrial-farmhouse-living-room/	2
italy living room	room-ideas	Home Decor	1	25	25	0	0	0	roomblr.com/italy-living-room/	0
living room movie night ideas	room-ideas	Home Decor	1	24	24	2	8.33	3.33	roomblr.com/living-room-movie-night-ideas/	2
tall dresser decor bedroom	product-specific	Home Decor	1	23	23	0	0	0	roomblr.com/tall-dresser-decor-bedroom/	0
living room accent wall ideas with tv	room-ideas	Home Decor	1	20	20	2	10	3.78	roomblr.com/living-room-accent-wall-ideas-with-tv/	2
living room wall color ideas indian	room-ideas	Home Decor	1	20	20	0	0	0	roomblr.com/living-room-wall-color-ideas-indian/	0
wall decor design living room	room-ideas	Home Decor	1	19	19	0	0	0	roomblr.com/wall-decor-design-living-room/	0
galley bathroom ideas	room-ideas	Home Decor	1	18	18	0	0	0	roomblr.com/galley-bathroom-ideas/	0
vessel sink bathroom vanity	product-specific	Home Decor	1	17	17	2	11.76	4.22	roomblr.com/vessel-sink-bathroom-vanity/	2
bathroom exhaust fan ideas	product-specific	Home Decor	1	16	16	0	0	0	roomblr.com/bathroom-exhaust-fan-ideas/	0
moss green living room	room-ideas	Home Decor	1	16	16	0	0	0	roomblr.com/moss-green-living-room/	0
circle mirrors on wall living room	product-specific	Home Decor	1	15	15	1	6.67	2.29	roomblr.com/circle-mirrors-on-wall-living-room/	1
green and orange living room	room-ideas	Home Decor	1	15	15	1	6.67	2.29	roomblr.com/green-and-orange-living-room/	1
portuguese tiles bathroom	room-ideas	Home Decor	1	13	13	1	7.69	2.52	roomblr.com/portuguese-tiles-bathroom/	1
white bathroom tiles	room-ideas	Home Decor	1	13	13	0	0	0	roomblr.com/white-bathroom-tiles/	0
dream living room luxury	room-ideas	Home Decor	1	12	12	0	0	0	roomblr.com/dream-living-room-luxury/	0
bedroom design with study table	room-ideas	Home Decor	1	11	11	3	27.27	8.41	roomblr.com/bedroom-design-with-study-table/	3
half wall living room	room-ideas	Home Decor	1	10	10	1	10	2.97	roomblr.com/half-wall-living-room/	1
emerald green bathroom tiles	room-ideas	Home Decor	1	8	8	1	12.5	3.41	roomblr.com/emerald-green-bathroom-tiles/	1
wooden bedframe bedroom	room-ideas	Home Decor	1	7	7	4	57.14	14.74	roomblr.com/wooden-bedframe-bedroom/	4
dollhouse living room	room-ideas	Home Decor	1	37	37	4	10.81	4.88	roomhint.com/dollhouse-living-room/	4
purple paint colors bedroom	room-ideas	Home Decor	1	19	19	0	0	0	roomhint.com/purple-paint-colors-bedroom/	0
dark grey carpet bedroom	room-ideas	Home Decor	1	17	17	0	0	0	roomhint.com/dark-grey-carpet-bedroom/	0
10x12 bedroom layout interior design	room-ideas	Home Decor	1	15	15	1	6.67	2.29	roomhint.com/10x12-bedroom-layout-interior-design/	1
persian living room	room-ideas	Home Decor	1	14	14	0	0	0	roomhint.com/persian-living-room/	0
reading corner bedroom small spaces	room-ideas	Home Decor	1	14	14	0	0	0	roomhint.com/reading-corner-bedroom-small-spaces/	0
shared bedroom with toddler parents	room-ideas	Home Decor	1	14	14	0	0	0	roomhint.com/shared-bedroom-with-toddler-parents/	0
walnut vanity bathroom	product-specific	Home Decor	1	9	9	1	11.11	3.17	roomhint.com/walnut-vanity-bathroom/	1
band posters on wall bedroom	room-ideas	Home Decor	1	4	4	1	25	4.99	roomhint.com/band-posters-on-wall-bedroom/	1
lake house living room ideas	room-ideas	Home Decor	1	48	48	4	8.33	4.02	roomierocket.com/lake-house-living-room-ideas/	4
wall units living room built ins	room-ideas	Home Decor	1	38	38	1	2.63	1.2	roomierocket.com/wall-units-living-room-built-ins/	1
mustard living room	room-ideas	Home Decor	1	19	19	0	0	0	roomierocket.com/mustard-living-room/	0
burgundy and green living room	room-ideas	Home Decor	1	15	15	0	0	0	roomierocket.com/burgundy-and-green-living-room/	0
bathroom chair rail ideas	product-specific	Home Decor	1	12	12	3	25	7.95	roomierocket.com/bathroom-chair-rail-ideas/	3
living room under stairs	room-ideas	Home Decor	1	12	12	1	8.33	2.65	roomierocket.com/living-room-under-stairs/	1
southwest living room decor	room-ideas	Home Decor	1	10	10	1	10	2.97	roomierocket.com/southwest-living-room-decor/	1
bedroom shelving above bed	product-specific	Home Decor	1	6	6	1	16.67	4.02	roomierocket.com/bedroom-shelving-above-bed/	1
cognac couch living room ideas	product-specific	Home Decor	1	6	6	1	16.67	4.02	roomierocket.com/cognac-couch-living-room-ideas/	1
cream living room decor	room-ideas	Home Decor	1	5	5	1	20	4.45	roomierocket.com/cream-living-room-decor/	1
living room chairs ideas small spaces	room-ideas	Home Decor	1	5	5	1	20	4.45	roomierocket.com/living-room-chairs-ideas-small-spaces/	1
funky living room	room-ideas	Home Decor	1	4	4	1	25	4.99	roomierocket.com/funky-living-room/	1
small living room with kitchen ideas	room-ideas	Home Decor	1	4	4	1	25	4.99	roomierocket.com/small-living-room-with-kitchen-ideas/	1
camel sofa living room ideas	product-specific	Home Decor	1	14	14	0	0	0	roomker.com/camel-sofa-living-room-ideas/	0
bedroom no windows ideas	room-ideas	Home Decor	1	13	13	0	0	0	roomker.com/bedroom-no-windows-ideas/	0
small bathroom window curtains	product-specific	Home Decor	1	9	9	2	22.22	6.35	roomker.com/small-bathroom-window-curtains/	2
living room black wall	room-ideas	Home Decor	1	8	8	1	12.5	3.41	roomker.com/living-room-black-wall/	1
natural wood bathroom vanity	product-specific	Home Decor	1	4	4	1	25	4.99	roomker.com/natural-wood-bathroom-vanity/	1
mobile home bedroom ideas	room-ideas	Home Decor	1	3	3	1	33.33	5.73	roomviser.com/mobile-home-bedroom-ideas/	1
horse bedroom teens	room-ideas	Home Decor	1	89	89	7	7.87	4.39	roomwaves.com/horse-bedroom-teens/	7
living room partition	room-ideas	Home Decor	1	81	81	3	3.7	2.02	roomwaves.com/living-room-partition/	3
living room rugs with grey couch	product-specific	Home Decor	1	78	78	1	1.28	0.69	roomwaves.com/living-room-rugs-with-grey-couch/	1
bedroom walk in closet layout	room-ideas	Home Decor	1	72	72	0	0	0	roomwaves.com/bedroom-walk-in-closet-layout/	0
wall moulding ideas living room	room-ideas	Home Decor	1	72	72	3	4.17	2.22	roomwaves.com/wall-moulding-ideas-living-room/	3
small living room with tv ideas	room-ideas	Home Decor	1	47	47	2	4.26	2.05	roomwaves.com/small-living-room-with-tv-ideas/	2
vintage pink tile bathroom	room-ideas	Home Decor	1	45	45	0	0	0	roomwaves.com/vintage-pink-tile-bathroom/	0
black wood floors living room	room-ideas	Home Decor	1	39	39	0	0	0	roomwaves.com/black-wood-floors-living-room/	0
marble tile bathroom	room-ideas	Home Decor	1	36	36	0	0	0	roomwaves.com/marble-tile-bathroom/	0
bedroom wedding photo display	room-ideas	Home Decor	1	30	30	0	0	0	roomwaves.com/bedroom-wedding-photo-display/	0
dresser turned into bathroom vanity	product-specific	Home Decor	1	29	29	0	0	0	roomwaves.com/dresser-turned-into-bathroom-vanity/	0
acnh living room inspiration	room-ideas	Home Decor	1	28	28	0	0	0	roomwaves.com/acnh-living-room-inspiration/	0
disney bathroom ideas for adults	room-ideas	Home Decor	1	28	28	0	0	0	roomwaves.com/disney-bathroom-ideas-for-adults/	0
girls bedroom 10 12	room-ideas	Home Decor	1	28	28	0	0	0	roomwaves.com/girls-bedroom-10-12/	0
black tile living room	room-ideas	Home Decor	1	24	24	0	0	0	roomwaves.com/black-tile-living-room/	0
grey hexagon tile bathroom floor	room-ideas	Home Decor	1	24	24	0	0	0	roomwaves.com/grey-hexagon-tile-bathroom-floor/	0
joanna gaines living room	room-ideas	Home Decor	1	24	24	0	0	0	roomwaves.com/joanna-gaines-living-room/	0
small bedroom bunk beds	room-ideas	Home Decor	1	24	24	3	12.5	4.99	roomwaves.com/small-bedroom-bunk-beds/	3
asian living room	room-ideas	Home Decor	1	22	22	0	0	0	roomwaves.com/asian-living-room/	0
boho vintage living room	room-ideas	Home Decor	1	22	22	0	0	0	roomwaves.com/boho-vintage-living-room/	0
burnt orange couch living room	product-specific	Home Decor	1	22	22	0	0	0	roomwaves.com/burnt-orange-couch-living-room/	0
maroon bathroom ideas	room-ideas	Home Decor	1	22	22	1	4.55	1.77	roomwaves.com/maroon-bathroom-ideas/	1
teal and green living room	room-ideas	Home Decor	1	22	22	0	0	0	roomwaves.com/teal-and-green-living-room/	0
couches living room small spaces	room-ideas	Home Decor	1	21	21	5	23.81	9.13	roomwaves.com/couches-living-room-small-spaces/	5
brick tile bathroom	room-ideas	Home Decor	1	20	20	0	0	0	roomwaves.com/brick-tile-bathroom/	0
dormer window bedroom ideas	room-ideas	Home Decor	1	20	20	1	5	1.89	roomwaves.com/dormer-window-bedroom-ideas/	1
shabby chic farmhouse living room	room-ideas	Home Decor	1	20	20	8	40	15.11	roomwaves.com/shabby-chic-farmhouse-living-room/	8
stone floor living room	room-ideas	Home Decor	1	20	20	0	0	0	roomwaves.com/stone-floor-living-room/	0
oak bathroom vanity	product-specific	Home Decor	1	18	18	0	0	0	roomwaves.com/oak-bathroom-vanity/	0
antique dresser bathroom vanity	product-specific	Home Decor	1	17	17	1	5.88	2.11	roomwaves.com/antique-dresser-bathroom-vanity/	1
canvas painting ideas for living room	room-ideas	Home Decor	1	14	14	0	0	0	roomwaves.com/canvas-painting-ideas-for-living-room/	0
coral bedroom adults	room-ideas	Home Decor	1	14	14	6	42.86	14.4	roomwaves.com/coral-bedroom-adults/	6
brown and navy living room	room-ideas	Home Decor	1	13	13	1	7.69	2.52	roomwaves.com/brown-and-navy-living-room/	1
tv in alcove living room	room-ideas	Home Decor	1	13	13	0	0	0	roomwaves.com/tv-in-alcove-living-room/	0
living room with grey sectional	room-ideas	Home Decor	1	11	11	1	9.09	2.8	roomwaves.com/living-room-with-grey-sectional/	1
old tile bathroom makeover	room-ideas	Home Decor	1	11	11	0	0	0	roomwaves.com/old-tile-bathroom-makeover/	0
bathroom with grey tiles	room-ideas	Home Decor	1	10	10	1	10	2.97	roomwaves.com/bathroom-with-grey-tiles/	1
bathroom cupboard ideas	room-ideas	Home Decor	1	9	9	3	33.33	9.52	roomwaves.com/bathroom-cupboard-ideas/	3
spring living room decor	room-ideas	Home Decor	1	8	8	1	12.5	3.41	roomwaves.com/spring-living-room-decor/	1
black white and beige living room	room-ideas	Home Decor	1	7	7	1	14.29	3.69	roomwaves.com/black-white-and-beige-living-room/	1
boho living room with grey couch	product-specific	Home Decor	1	7	7	2	28.57	7.37	roomwaves.com/boho-living-room-with-grey-couch/	2
minecraft cake ideas	food-baking	Food/Recipe	1	146	146	3	2.05	4.59	rosabake.com/minecraft-cake-ideas/	3
wall curtains bedroom	product-specific	Food/Recipe	1	143	143	15	10.49	23.41	rosabake.com/wall-curtains-bedroom/	15
simple one tier wedding cake	food-baking	Food/Recipe	1	134	134	4	2.99	6.59	rosabake.com/simple-one-tier-wedding-cake/	4
winnie the pooh cake ideas	food-baking	Food/Recipe	1	116	116	6	5.17	11.06	rosabake.com/winnie-the-pooh-cake-ideas/	6
gardening cake	food-baking	Food/Recipe	1	111	111	9	8.11	17.19	rosabake.com/gardening-cake/	9
mini cake inspo	food-baking	Food/Recipe	1	110	110	0	0	0	rosabake.com/mini-cake-inspo/	0
civil engineer cake design	food-baking	Food/Recipe	1	101	101	12	11.88	24.67	rosabake.com/civil-engineer-cake-design/	12
star wars birthday cake	food-baking	Food/Recipe	1	99	99	2	2.02	4.18	rosabake.com/star-wars-birthday-cake/	2
bookshelf design minecraft	tattoo	Food/Recipe	1	65	65	0	0	0	rosabake.com/bookshelf-design-minecraft/	0
cake for baby boy	food-baking	Food/Recipe	1	65	65	7	10.77	20.26	rosabake.com/cake-for-baby-boy/	7
pokemon cake ideas	food-baking	Food/Recipe	1	62	62	8	12.9	24	rosabake.com/pokemon-cake-ideas/	8
small 2 tier wedding cake	food-baking	Food/Recipe	1	61	61	1	1.64	3.04	rosabake.com/small-2-tier-wedding-cake/	1
baby shower cake designs	food-baking	Food/Recipe	1	59	59	3	5.08	9.34	rosabake.com/baby-shower-cake-designs/	3
mermaid sheet cake	food-baking	Food/Recipe	1	58	58	4	6.9	12.64	rosabake.com/mermaid-sheet-cake/	4
bible cake	food-baking	Food/Recipe	1	57	57	0	0	0	rosabake.com/bible-cake/	0
western smash cake	food-baking	Food/Recipe	1	56	56	0	0	0	rosabake.com/western-smash-cake/	0
groovy cake ideas	food-baking	Food/Recipe	1	53	53	13	24.53	43.94	rosabake.com/groovy-cake-ideas/	13
60th birthday cake ideas for mom	food-baking	Food/Recipe	1	51	51	1	1.96	3.48	rosabake.com/60th-birthday-cake-ideas-for-mom/	1
60th birthday cake	food-baking	Food/Recipe	1	51	51	1	1.96	3.48	rosabake.com/60th-birthday-cake/	1
ice cream cake ideas	food-baking	Food/Recipe	1	51	51	0	0	0	rosabake.com/ice-cream-cake-ideas/	0
pull apart cupcake cake birthday	food-baking	Food/Recipe	1	39	39	0	0	0	rosabake.com/pull-apart-cupcake-cake-birthday/	0
red velvet cake design ideas	food-baking	Food/Recipe	1	38	38	0	0	0	rosabake.com/red-velvet-cake-design-ideas/	0
preschool pets unit	general	Food/Recipe	1	35	35	0	0	0	rosabake.com/preschool-pets-unit/	0
jungle theme cake design	food-baking	Food/Recipe	1	34	34	4	11.76	18.78	rosabake.com/jungle-theme-cake-design/	4
strawberry cheesecake bars	food-baking	Food/Recipe	1	33	33	0	0	0	rosabake.com/strawberry-cheesecake-bars/	0
bee birthday cake	food-baking	Food/Recipe	1	31	31	4	12.9	20.08	rosabake.com/bee-birthday-cake/	4
birthday cake 1 year	food-baking	Food/Recipe	1	30	30	0	0	0	rosabake.com/birthday-cake-1-year/	0
cake baby boy	food-baking	Food/Recipe	1	24	24	0	0	0	rosabake.com/cake-baby-boy/	0
cycling cake	food-baking	Food/Recipe	1	23	23	0	0	0	rosabake.com/cycling-cake/	0
happy birthday husband cake	food-baking	Food/Recipe	1	22	22	1	4.55	6.41	rosabake.com/happy-birthday-husband-cake/	1
flat wedding cake	food-baking	Food/Recipe	1	20	20	0	0	0	rosabake.com/flat-wedding-cake/	0
ensaio smash the cake	food-baking	Food/Recipe	1	19	19	0	0	0	rosabake.com/ensaio-smash-the-cake/	0
first rodeo smash cake	food-baking	Food/Recipe	1	18	18	4	22.22	29.38	rosabake.com/first-rodeo-smash-cake/	4
love anniversary cake	food-baking	Food/Recipe	1	18	18	0	0	0	rosabake.com/love-anniversary-cake/	0
cake packaging ideas	food-baking	Food/Recipe	1	17	17	0	0	0	rosabake.com/cake-packaging-ideas/	0
heart cake with bows	food-baking	Food/Recipe	1	17	17	1	5.88	7.63	rosabake.com/heart-cake-with-bows/	1
beach birthday cake	food-baking	Food/Recipe	1	16	16	0	0	0	rosabake.com/beach-birthday-cake/	0
dior birthday cake	food-baking	Food/Recipe	1	16	16	0	0	0	rosabake.com/dior-birthday-cake/	0
fancy cake designs	food-baking	Food/Recipe	1	16	16	0	0	0	rosabake.com/fancy-cake-designs/	0
strawberry cake decoration	food-baking	Food/Recipe	1	16	16	0	0	0	rosabake.com/strawberry-cake-decoration/	0
forest wedding cake	food-baking	Food/Recipe	1	15	15	0	0	0	rosabake.com/forest-wedding-cake/	0
trend cake	food-baking	Food/Recipe	1	15	15	0	0	0	rosabake.com/trend-cake/	0
21 with no kids cake	food-baking	Food/Recipe	1	14	14	0	0	0	rosabake.com/21-with-no-kids-cake/	0
nerf cake	food-baking	Food/Recipe	1	14	14	1	7.14	8.68	rosabake.com/nerf-cake/	1
peach smash cake	food-baking	Food/Recipe	1	13	13	0	0	0	rosabake.com/peach-smash-cake/	0
modern floating nightstand	general	Food/Recipe	1	12	12	12	100	115.19	rosabake.com/modern-floating-nightstand/	12
vegan birthday cake	food-baking	Food/Recipe	1	12	12	0	0	0	rosabake.com/vegan-birthday-cake/	0
birthday cake captions	food-baking	Food/Recipe	1	11	11	0	0	0	rosabake.com/birthday-cake-captions/	0
birthday cake for 5 year girl	food-baking	Food/Recipe	1	11	11	0	0	0	rosabake.com/birthday-cake-for-5-year-girl/	0
vita bella tile bathroom	room-ideas	Home Decor	1	11	11	0	0	0	rosiedecor.com/vita-bella-tile-bathroom/	0
one tile bathroom	room-ideas	Home Decor	1	2	2	1	50	6.81	rosiedecor.com/one-tile-bathroom/	1
10 x 11 bedroom layout ideas	room-ideas	Home Decor	1	27	27	1	3.7	1.53	rumbledecor.com/10-x-11-bedroom-layout-ideas/	1
wall moulding ideas bedroom	room-ideas	Home Decor	1	26	26	3	11.54	4.72	rumbledecor.com/wall-moulding-ideas-bedroom/	3
11x11 bedroom layout ideas	room-ideas	Home Decor	1	23	23	2	8.7	3.43	rumbledecor.com/11x11-bedroom-layout-ideas/	2
burnt orange sofa living room	product-specific	Home Decor	1	14	14	0	0	0	rumbledecor.com/burnt-orange-sofa-living-room/	0
black and white bedroom ideas for teens	room-ideas	Home Decor	1	13	13	0	0	0	rumbledecor.com/black-and-white-bedroom-ideas-for-teens/	0
camel leather couch living room	product-specific	Home Decor	1	13	13	1	7.69	2.52	rumbledecor.com/camel-leather-couch-living-room/	1
romantic vintage bedroom ideas	room-ideas	Home Decor	1	11	11	0	0	0	rumbledecor.com/romantic-vintage-bedroom-ideas/	0
floating shelves bedroom ideas	product-specific	Home Decor	1	9	9	2	22.22	6.35	rumbledecor.com/floating-shelves-bedroom-ideas/	2
living room leather couch ideas	product-specific	Home Decor	1	5	5	1	20	4.45	rumbledecor.com/living-room-leather-couch-ideas/	1
mink sofa living room	product-specific	Home Decor	1	5	5	1	20	4.45	rumbledecor.com/mink-sofa-living-room/	1
bathroom tile green	room-ideas	Home Decor	1	4	4	2	50	9.98	rumbledecor.com/bathroom-tile-green/	2
dog paw print tattoo	tattoo	Tattoo	1	15	15	0	0	0	ryantattoo.com/dog-paw-print-tattoo/	0
privacy policy	general	Home Decor	1	88	88	0	0	0	sleeprism.com/privacy-policy/	0
disney bedroom ideas for adults vintage	room-ideas	Home Decor	1	49	49	4	8.16	3.96	sleeprism.com/disney-bedroom-ideas-for-adults-vintage/	4
blue bedroom ideas for boys	room-ideas	Home Decor	1	22	22	0	0	0	sleeprism.com/blue-bedroom-ideas-for-boys/	0
light blue bedroom ideas	room-ideas	Home Decor	1	19	19	1	5.26	1.95	sleeprism.com/light-blue-bedroom-ideas/	1
modern bedroom trends	room-ideas	Home Decor	1	18	18	0	0	0	sleeprism.com/modern-bedroom-trends/	0
mini fridge in bedroom ideas	room-ideas	Home Decor	1	11	11	1	9.09	2.8	sleeprism.com/mini-fridge-in-bedroom-ideas/	1
farmhouse bathroom sink ideas	room-ideas	Home Decor	1	7	7	1	14.29	3.69	sleeprism.com/farmhouse-bathroom-sink-ideas/	1
tiffany lamps living room decor	product-specific	Home Decor	1	7	7	1	14.29	3.69	sleeprism.com/tiffany-lamps-living-room-decor/	1
lego living room	room-ideas	Home Decor	1	346	346	35	10.12	7.34	solinadecor.com/lego-living-room/	35
ikea malm bedroom	room-ideas	Home Decor	1	285	285	3	1.05	0.74	solinadecor.com/ikea-malm-bedroom/	3
bedroom with bathroom layout	room-ideas	Home Decor	1	229	229	5	2.18	1.47	solinadecor.com/bedroom-with-bathroom-layout/	5
bathroom tile trends	room-ideas	Home Decor	1	144	144	11	7.64	4.72	solinadecor.com/2026-bathroom-tile-trends/	11
bathroom door ideas	room-ideas	Home Decor	1	137	137	16	11.68	7.14	solinadecor.com/bathroom-door-ideas/	16
mexican living room	room-ideas	Home Decor	1	137	137	2	1.46	0.89	solinadecor.com/mexican-living-room/	2
half wall paneling bedroom	room-ideas	Home Decor	1	103	103	4	3.88	2.24	solinadecor.com/half-wall-paneling-bedroom/	4
bathroom flooring ideas vinyl	room-ideas	Home Decor	1	98	98	7	7.14	4.07	solinadecor.com/bathroom-flooring-ideas-vinyl/	7
ikea bathroom hack	room-ideas	Home Decor	1	91	91	1	1.1	0.62	solinadecor.com/ikea-bathroom-hack/	1
modern bathroom cabinet ideas	product-specific	Home Decor	1	86	86	1	1.16	0.64	solinadecor.com/modern-bathroom-cabinet-ideas/	1
garage living room	room-ideas	Home Decor	1	83	83	2	2.41	1.32	solinadecor.com/garage-living-room/	2
bathroom cabinet ideas	product-specific	Home Decor	1	61	61	5	8.2	4.2	solinadecor.com/bathroom-cabinet-ideas/	5
black white and wood bathroom	room-ideas	Home Decor	1	61	61	1	1.64	0.84	solinadecor.com/black-white-and-wood-bathroom/	1
rv living room	room-ideas	Home Decor	1	60	60	2	3.33	1.7	solinadecor.com/rv-living-room/	2
european bathroom design	room-ideas	Home Decor	1	57	57	1	1.75	0.88	solinadecor.com/european-bathroom-design/	1
small 3 piece bathroom	room-ideas	Home Decor	1	56	56	1	1.79	0.9	solinadecor.com/small-3-piece-bathroom/	1
dark living room	room-ideas	Home Decor	1	42	42	0	0	0	solinadecor.com/dark-living-room/	0
bathroom cabinet decor	product-specific	Home Decor	1	39	39	0	0	0	solinadecor.com/bathroom-cabinet-decor/	0
bathroom ideas with plants	room-ideas	Home Decor	1	33	33	1	3.03	1.33	solinadecor.com/bathroom-ideas-with-plants/	1
rectangle bedroom layout	room-ideas	Home Decor	1	33	33	0	0	0	solinadecor.com/rectangle-bedroom-layout/	0
dark vanity bathroom ideas	product-specific	Home Decor	1	32	32	3	9.38	4.07	solinadecor.com/dark-vanity-bathroom-ideas/	3
table top wash basin ideas bathroom sink	outfit-style	Home Decor	1	32	32	0	0	0	solinadecor.com/table-top-wash-basin-ideas-bathroom-sink/	0
timeless bathroom shower tile ideas	room-ideas	Home Decor	1	28	28	0	0	0	solinadecor.com/timeless-bathroom-shower-tile-ideas/	0
bedroom with wood paneling wall	room-ideas	Home Decor	1	27	27	0	0	0	solinadecor.com/bedroom-with-wood-paneling-wall/	0
living room wardrobe	room-ideas	Home Decor	1	25	25	0	0	0	solinadecor.com/living-room-wardrobe/	0
small powder bathroom ideas	room-ideas	Home Decor	1	24	24	0	0	0	solinadecor.com/small-powder-bathroom-ideas/	0
cool sinks bathroom	room-ideas	Home Decor	1	22	22	1	4.55	1.77	solinadecor.com/cool-sinks-bathroom/	1
bedroom false ceiling design with fan	product-specific	Home Decor	1	19	19	0	0	0	solinadecor.com/bedroom-false-ceiling-design-with-fan/	0
regency living room	room-ideas	Home Decor	1	19	19	0	0	0	solinadecor.com/regency-living-room/	0
light teal bathroom	room-ideas	Home Decor	1	16	16	1	6.25	2.2	solinadecor.com/light-teal-bathroom/	1
bathroom countertop ideas	room-ideas	Home Decor	1	15	15	0	0	0	solinadecor.com/bathroom-countertop-ideas/	0
living room candles	room-ideas	Home Decor	1	15	15	1	6.67	2.29	solinadecor.com/living-room-candles/	1
bedroom nook ideas	room-ideas	Home Decor	1	14	14	1	7.14	2.4	solinadecor.com/bedroom-nook-ideas/	1
bathroom sand color	room-ideas	Home Decor	1	13	13	0	0	0	solinadecor.com/bathroom-sand-color/	0
floral bathroom ideas	room-ideas	Home Decor	1	13	13	0	0	0	solinadecor.com/floral-bathroom-ideas/	0
living room with projector	room-ideas	Home Decor	1	13	13	1	7.69	2.52	solinadecor.com/living-room-with-projector/	1
pink tile bathroom	room-ideas	Home Decor	1	13	13	0	0	0	solinadecor.com/pink-tile-bathroom/	0
small scandinavian bathroom	room-ideas	Home Decor	1	13	13	0	0	0	solinadecor.com/small-scandinavian-bathroom/	0
tiny bathroom layout	room-ideas	Home Decor	1	13	13	0	0	0	solinadecor.com/tiny-bathroom-layout/	0
steam bathroom ideas	room-ideas	Home Decor	1	12	12	0	0	0	solinadecor.com/steam-bathroom-ideas/	0
bathroom tub tile ideas	room-ideas	Home Decor	1	11	11	1	9.09	2.8	solinadecor.com/bathroom-tub-tile-ideas/	1
black farmhouse bathroom	room-ideas	Home Decor	1	11	11	0	0	0	solinadecor.com/black-farmhouse-bathroom/	0
living room picnic	room-ideas	Home Decor	1	11	11	0	0	0	solinadecor.com/living-room-picnic/	0
texas living room	room-ideas	Home Decor	1	11	11	0	0	0	solinadecor.com/texas-living-room/	0
wedding centerpieces ideas round table	wedding-event	Wedding/Craft	1	38	38	1	2.63	1.77	solinalove.com/wedding-centerpieces-ideas-round-table/	1
candelabra wedding centerpieces	wedding-event	Wedding/Craft	1	17	17	0	0	0	solinalove.com/candelabra-wedding-centerpieces/	0
backdrop ideas for wedding reception	wedding-event	Wedding/Craft	1	13	13	0	0	0	solinalove.com/backdrop-ideas-for-wedding-reception/	0
halloween wedding centerpieces	wedding-event	Wedding/Craft	1	3	3	1	33.33	8.49	solinalove.com/halloween-wedding-centerpieces/	1
outfit para mama de graduado	outfit-style	Styling	1	348	348	49	14.08	10.96	stylingfact.com/outfit-para-mama-de-graduado/	49
flare jeans outfit for women	outfit-style	Styling	1	77	77	0	0	0	stylingfact.com/flare-jeans-outfit-for-women/	0
90er outfit mottoparty	outfit-style	Styling	1	57	57	0	0	0	stylingfact.com/90er-outfit-mottoparty/	0
pirate aesthetic female outfit	outfit-style	Styling	1	47	47	3	6.38	3.28	stylingfact.com/pirate-aesthetic-female-outfit/	3
fall hair ideas	hair-beauty	Styling	1	38	38	0	0	0	stylingfact.com/fall-hair-ideas/	0
red jacket outfit for women	outfit-style	Styling	1	34	34	1	2.94	1.39	stylingfact.com/red-jacket-outfit-for-women/	1
polo shirt outfit	outfit-style	Styling	1	31	31	2	6.45	2.97	stylingfact.com/polo-shirt-outfit/	2
sri lanka outfit ideas	outfit-style	Styling	1	29	29	0	0	0	stylingfact.com/sri-lanka-outfit-ideas/	0
soccer jersey outfit	outfit-style	Styling	1	28	28	0	0	0	stylingfact.com/soccer-jersey-outfit/	0
medium length layered haircuts	general	Styling	1	26	26	0	0	0	stylingfact.com/medium-length-layered-haircuts/	0
jean jacket outfit for women	outfit-style	Styling	1	24	24	0	0	0	stylingfact.com/jean-jacket-outfit-for-women/	0
pink and blonde hair	hair-beauty	Styling	1	21	21	1	4.76	1.96	stylingfact.com/pink-and-blonde-hair/	1
hoco hair	hair-beauty	Styling	1	19	19	0	0	0	stylingfact.com/hoco-hair/	0
red dress outfit elegant	outfit-style	Styling	1	18	18	1	5.56	2.18	stylingfact.com/red-dress-outfit-elegant/	1
hijab outfit summer	outfit-style	Styling	1	17	17	0	0	0	stylingfact.com/hijab-outfit-summer/	0
olive green jacket outfit for women	outfit-style	Styling	1	17	17	0	0	0	stylingfact.com/olive-green-jacket-outfit-for-women/	0
white leather jacket outfit for women	outfit-style	Styling	1	17	17	0	0	0	stylingfact.com/white-leather-jacket-outfit-for-women/	0
monochromatic outfit aesthetic for women	outfit-style	Styling	1	15	15	0	0	0	stylingfact.com/monochromatic-outfit-aesthetic-for-women/	0
red cowboy boots outfit	outfit-style	Styling	1	14	14	0	0	0	stylingfact.com/red-cowboy-boots-outfit/	0
yellow skirt outfit	outfit-style	Styling	1	14	14	2	14.29	5.14	stylingfact.com/yellow-skirt-outfit/	2
hair clip ideas	hair-beauty	Styling	1	13	13	0	0	0	stylingfact.com/hair-clip-ideas/	0
layered mid length hair	hair-beauty	Styling	1	13	13	2	15.38	5.4	stylingfact.com/layered-mid-length-hair/	2
levis jeans outfit for women	outfit-style	Styling	1	13	13	0	0	0	stylingfact.com/levis-jeans-outfit-for-women/	0
maxi skirt outfit ideas	outfit-style	Styling	1	12	12	0	0	0	stylingfact.com/maxi-skirt-outfit-ideas/	0
baseball jacket outfit for women	outfit-style	Styling	1	11	11	1	9.09	3	stylingfact.com/baseball-jacket-outfit-for-women/	1
black zip up hoodie outfit	outfit-style	Styling	1	11	11	0	0	0	stylingfact.com/black-zip-up-hoodie-outfit/	0
outfit chemise rayee bleu	outfit-style	Styling	1	11	11	0	0	0	stylingfact.com/outfit-chemise-rayee-bleu/	0
jeans rectos outfit	outfit-style	Styling	1	9	9	1	11.11	3.4	stylingfact.com/jeans-rectos-outfit/	1
goth nails	hair-beauty	Styling	1	8	8	1	12.5	3.65	stylingfact.com/goth-nails/	1
soft autumn hair color	hair-beauty	Styling	1	500	500	8	1.6	1.32	stylingfox.com/soft-autumn-hair-color/	8
adidas track pants outfit for women	outfit-style	Styling	1	290	290	4	1.38	1.04	stylingfox.com/adidas-track-pants-outfit-for-women/	4
stadium outfit women	outfit-style	Styling	1	262	262	0	0	0	stylingfox.com/stadium-outfit-women/	0
short hair inspo	hair-beauty	Styling	1	221	221	5	2.26	1.62	stylingfox.com/short-hair-inspo/	5
short hair updos	hair-beauty	Styling	1	176	176	9	5.11	3.52	stylingfox.com/short-hair-updos/	9
brown pants outfit aesthetic for women	outfit-style	Styling	1	136	136	0	0	0	stylingfox.com/brown-pants-outfit-aesthetic-for-women/	0
navy blue dress outfit wedding	outfit-style	Styling	1	134	134	4	2.99	1.95	stylingfox.com/navy-blue-dress-outfit-wedding/	4
barbour jacket women outfit	outfit-style	Styling	1	130	130	0	0	0	stylingfox.com/barbour-jacket-women-outfit/	0
bollywood theme party outfit for women	outfit-style	Styling	1	126	126	5	3.97	2.56	stylingfox.com/bollywood-theme-party-outfit-for-women/	5
tea party outfit for women	outfit-style	Styling	1	126	126	5	3.97	2.56	stylingfox.com/tea-party-outfit-for-women/	5
short haircuts for women	general	Styling	1	123	123	0	0	0	stylingfox.com/short-haircuts-for-women/	0
hijab outfit aesthetic	outfit-style	Styling	1	121	121	3	2.48	1.58	stylingfox.com/hijab-outfit-aesthetic/	3
black cargo pants outfit for women	outfit-style	Styling	1	114	114	1	0.88	0.56	stylingfox.com/black-cargo-pants-outfit-for-women/	1
outfit with converse	outfit-style	Styling	1	112	112	2	1.79	1.13	stylingfox.com/outfit-with-converse/	2
track pants outfit for women	outfit-style	Styling	1	112	112	0	0	0	stylingfox.com/track-pants-outfit-for-women/	0
golden goose outfit	outfit-style	Styling	1	103	103	1	0.97	0.6	stylingfox.com/golden-goose-outfit/	1
elegant party outfit for women	outfit-style	Styling	1	85	85	7	8.24	4.88	stylingfox.com/elegant-party-outfit-for-women/	7
black leather shorts outfit	outfit-style	Styling	1	82	82	2	2.44	1.43	stylingfox.com/black-leather-shorts-outfit/	2
short pixie cuts over 40	general	Styling	1	78	78	1	1.28	0.74	stylingfox.com/short-pixie-cuts-over-40/	1
wedding hair buns	hair-beauty	Styling	1	77	77	0	0	0	stylingfox.com/wedding-hair-buns/	0
blazer and jeans outfit women	outfit-style	Styling	1	76	76	3	3.95	2.28	stylingfox.com/blazer-and-jeans-outfit-women/	3
short brown hair with highlights	hair-beauty	Styling	1	76	76	1	1.32	0.76	stylingfox.com/short-brown-hair-with-highlights/	1
vintage hair old hollywood	hair-beauty	Styling	1	68	68	0	0	0	stylingfox.com/vintage-hair-old-hollywood/	0
mustard pants outfit for women	outfit-style	Styling	1	63	63	0	0	0	stylingfox.com/mustard-pants-outfit-for-women/	0
cuffed jeans outfit for women	outfit-style	Styling	1	60	60	0	0	0	stylingfox.com/cuffed-jeans-outfit-for-women/	0
soft autumn hair curly	hair-beauty	Styling	1	60	60	0	0	0	stylingfox.com/soft-autumn-hair-curly/	0
white jacket outfit for women	outfit-style	Styling	1	60	60	0	0	0	stylingfox.com/white-jacket-outfit-for-women/	0
azul marino combinacion outfit	outfit-style	Styling	1	54	54	8	14.81	7.89	stylingfox.com/azul-marino-combinacion-outfit/	8
brown jeans outfit aesthetic for women	outfit-style	Styling	1	51	51	1	1.96	1.03	stylingfox.com/brown-jeans-outfit-aesthetic-for-women/	1
green cargo pants outfit for women	outfit-style	Styling	1	47	47	0	0	0	stylingfox.com/green-cargo-pants-outfit-for-women/	0
checked shirt outfit	outfit-style	Styling	1	46	46	0	0	0	stylingfox.com/checked-shirt-outfit/	0
short hair wedding styles	outfit-style	Styling	1	45	45	0	0	0	stylingfox.com/short-hair-wedding-styles/	0
harem pants outfit for women	outfit-style	Styling	1	44	44	1	2.27	1.15	stylingfox.com/harem-pants-outfit-for-women/	1
winter short hair curly	hair-beauty	Styling	1	44	44	0	0	0	stylingfox.com/winter-short-hair-curly/	0
silver blonde hair	hair-beauty	Styling	1	41	41	0	0	0	stylingfox.com/silver-blonde-hair/	0
mamma mia party outfit for women	outfit-style	Styling	1	39	39	11	28.21	13.83	stylingfox.com/mamma-mia-party-outfit-for-women/	11
warm autumn hair color	hair-beauty	Styling	1	39	39	0	0	0	stylingfox.com/warm-autumn-hair-color/	0
flare pants outfit	outfit-style	Styling	1	38	38	0	0	0	stylingfox.com/flare-pants-outfit/	0
brown jeans outfit	outfit-style	Styling	1	37	37	0	0	0	stylingfox.com/brown-jeans-outfit/	0
outfit con top rojo	outfit-style	Styling	1	36	36	2	5.56	2.67	stylingfox.com/outfit-con-top-rojo/	2
yacht party outfit for women	outfit-style	Styling	1	33	33	0	0	0	stylingfox.com/yacht-party-outfit-for-women/	0
winter beach outfit	outfit-style	Styling	1	32	32	0	0	0	stylingfox.com/winter-beach-outfit/	0
viking hairstyles	hair-beauty	Styling	1	31	31	0	0	0	stylingfox.com/viking-hairstyles/	0
shoulder length layered hair	hair-beauty	Styling	1	30	30	0	0	0	stylingfox.com/shoulder-length-layered-hair/	0
women outfit brown pants	outfit-style	Styling	1	30	30	2	6.67	3.05	stylingfox.com/women-outfit-brown-pants/	2
cardigan outfit men	outfit-style	Styling	1	29	29	0	0	0	stylingfox.com/cardigan-outfit-men/	0
fitted jeans outfit for women	outfit-style	Styling	1	29	29	1	3.45	1.56	stylingfox.com/fitted-jeans-outfit-for-women/	1
summer chic bruiloft outfit	outfit-style	Styling	1	29	29	0	0	0	stylingfox.com/summer-chic-bruiloft-outfit/	0
grey shirt outfit men	outfit-style	Styling	1	26	26	0	0	0	stylingfox.com/grey-shirt-outfit-men/	0
vintage bridal hair	hair-beauty	Styling	1	26	26	0	0	0	stylingfox.com/vintage-bridal-hair/	0
linen pants outfit	outfit-style	Styling	1	165	165	29	17.58	11.95	stylingradar.com/linen-pants-outfit/	29
outfit pantalon azul marino mujer	outfit-style	Styling	1	133	133	1	0.75	0.49	stylingradar.com/outfit-pantalon-azul-marino-mujer/	1
denim and diamonds outfit	outfit-style	Styling	1	79	79	7	8.86	5.16	stylingradar.com/denim-and-diamonds-outfit/	7
90er outfit mottoparty frauen	outfit-style	Styling	1	60	60	3	5	2.73	stylingradar.com/90er-outfit-mottoparty-frauen/	3
pink pants outfit	outfit-style	Styling	1	31	31	0	0	0	stylingradar.com/pink-pants-outfit/	0
eid outfit ideas	outfit-style	Styling	1	25	25	0	0	0	stylingradar.com/eid-outfit-ideas/	0
acid wash jeans outfit for women	outfit-style	Styling	1	24	24	0	0	0	stylingradar.com/acid-wash-jeans-outfit-for-women/	0
outfit formal con tenis mujer	outfit-style	Styling	1	23	23	0	0	0	stylingradar.com/outfit-formal-con-tenis-mujer/	0
black satin pants outfit	outfit-style	Styling	1	22	22	2	9.09	3.79	stylingradar.com/black-satin-pants-outfit/	2
black boots outfit men	outfit-style	Styling	1	19	19	0	0	0	stylingradar.com/black-boots-outfit-men/	0
haldi outfit ideas	outfit-style	Styling	1	18	18	0	0	0	stylingradar.com/haldi-outfit-ideas/	0
grey cardigan outfit	outfit-style	Styling	1	17	17	2	11.76	4.52	stylingradar.com/grey-cardigan-outfit/	2
grey pants outfit	outfit-style	Styling	1	17	17	1	5.88	2.26	stylingradar.com/grey-pants-outfit/	1
running aesthetic outfit	outfit-style	Styling	1	17	17	1	5.88	2.26	stylingradar.com/running-aesthetic-outfit/	1
men blazer outfit casual	outfit-style	Styling	1	16	16	0	0	0	stylingradar.com/men-blazer-outfit-casual/	0
halara pants outfit for women	outfit-style	Styling	1	13	13	1	7.69	2.7	stylingradar.com/halara-pants-outfit-for-women/	1
royal blue pants outfit for women	outfit-style	Styling	1	13	13	2	15.38	5.4	stylingradar.com/royal-blue-pants-outfit-for-women/	2
white vest outfit	outfit-style	Styling	1	13	13	0	0	0	stylingradar.com/white-vest-outfit/	0
yankees game outfit	outfit-style	Styling	1	13	13	1	7.69	2.7	stylingradar.com/yankees-game-outfit/	1
8th grade graduation outfit ideas	outfit-style	Styling	1	12	12	0	0	0	stylingradar.com/8th-grade-graduation-outfit-ideas/	0
cute girl aesthetic outfit	outfit-style	Styling	1	12	12	0	0	0	stylingradar.com/cute-girl-aesthetic-outfit/	0
harrington jacket outfit for women	outfit-style	Styling	1	12	12	0	0	0	stylingradar.com/harrington-jacket-outfit-for-women/	0
yellow jeans outfit for women	outfit-style	Styling	1	12	12	1	8.33	2.84	stylingradar.com/yellow-jeans-outfit-for-women/	1
first date outfit ideas	outfit-style	Styling	1	9	9	1	11.11	3.4	stylingradar.com/first-date-outfit-ideas/	1
sourdough bread art	food-baking	Food/Recipe	1	299	299	5	1.67	4.28	sugardawn.com/sourdough-bread-art/	5
60th birthday cake for men dads	food-baking	Food/Recipe	1	124	124	2	1.61	3.49	sugardawn.com/60th-birthday-cake-for-men-dads/	2
easy cake	food-baking	Food/Recipe	1	122	122	3	2.46	5.32	sugardawn.com/easy-cake/	3
70th birthday cake for men	food-baking	Food/Recipe	1	80	80	1	1.25	2.47	sugardawn.com/70th-birthday-cake-for-men/	1
barbie cake ideas birthdays	food-baking	Food/Recipe	1	77	77	3	3.9	7.63	sugardawn.com/barbie-cake-ideas-birthdays/	3
aesthetic cake ideas	food-baking	Food/Recipe	1	71	71	1	1.41	2.71	sugardawn.com/aesthetic-cake-ideas/	1
elegant birthday cake	food-baking	Food/Recipe	1	48	48	0	0	0	sugardawn.com/elegant-birthday-cake/	0
roblox cake boys	food-baking	Food/Recipe	1	47	47	2	4.26	7.41	sugardawn.com/roblox-cake-boys/	2
ballerina cake ideas	food-baking	Food/Recipe	1	45	45	1	2.22	3.82	sugardawn.com/ballerina-cake-ideas/	1
moana cake design	food-baking	Food/Recipe	1	44	44	4	9.09	15.54	sugardawn.com/moana-cake-design/	4
cake designs for kids boys	food-baking	Food/Recipe	1	43	43	1	2.33	3.96	sugardawn.com/cake-designs-for-kids-boys/	1
ricotta cheesecake recipes	food-baking	Food/Recipe	1	43	43	0	0	0	sugardawn.com/ricotta-cheesecake-recipes/	0
blackforest cake designs	food-baking	Food/Recipe	1	36	36	0	0	0	sugardawn.com/blackforest-cake-designs/	0
fish birthday cake	food-baking	Food/Recipe	1	36	36	7	19.44	31.52	sugardawn.com/fish-birthday-cake/	7
healthy cake	food-baking	Food/Recipe	1	33	33	0	0	0	sugardawn.com/healthy-cake/	0
jello pudding pie recipes	food-baking	Food/Recipe	1	27	27	0	0	0	sugardawn.com/jello-pudding-pie-recipes/	0
first communion cake	food-baking	Food/Recipe	1	24	24	2	8.33	12.04	sugardawn.com/first-communion-cake/	2
farewell cake ideas coworker	food-baking	Food/Recipe	1	22	22	0	0	0	sugardawn.com/farewell-cake-ideas-coworker/	0
cake pops rezepte	food-baking	Food/Recipe	1	21	21	0	0	0	sugardawn.com/cake-pops-rezepte/	0
funny 19th birthday cake	food-baking	Food/Recipe	1	21	21	0	0	0	sugardawn.com/funny-19th-birthday-cake/	0
rug on wall ideas	product-specific	Food/Recipe	1	21	21	1	4.76	6.61	sugardawn.com/rug-on-wall-ideas/	1
gamer birthday cake	food-baking	Food/Recipe	1	18	18	0	0	0	sugardawn.com/gamer-birthday-cake/	0
birthday cake for teacher	food-baking	Food/Recipe	1	17	17	0	0	0	sugardawn.com/birthday-cake-for-teacher/	0
brownie mix cookies boxed	food-baking	Food/Recipe	1	17	17	0	0	0	sugardawn.com/brownie-mix-cookies-boxed/	0
lion birthday cake	food-baking	Food/Recipe	1	17	17	1	5.88	7.63	sugardawn.com/lion-birthday-cake/	1
tiramisu cake decoration ideas	food-baking	Food/Recipe	1	17	17	1	5.88	7.63	sugardawn.com/tiramisu-cake-decoration-ideas/	1
bake cheesecake	food-baking	Food/Recipe	1	16	16	0	0	0	sugardawn.com/no-bake-cheesecake/	0
hamburger pot pie	product-specific	Food/Recipe	1	15	15	0	0	0	sugardawn.com/hamburger-pot-pie/	0
mango cake decoration ideas	food-baking	Food/Recipe	1	14	14	0	0	0	sugardawn.com/mango-cake-decoration-ideas/	0
coding cake ideas	food-baking	Food/Recipe	1	13	13	0	0	0	sugardawn.com/coding-cake-ideas/	0
princess barbie cake	food-baking	Food/Recipe	1	13	13	4	30.77	36.47	sugardawn.com/princess-barbie-cake/	4
red carpet aesthetic background ideas	general	Food/Recipe	1	13	13	0	0	0	sugardawn.com/red-carpet-aesthetic-background-ideas/	0
square cake designs	food-baking	Food/Recipe	1	12	12	0	0	0	sugardawn.com/square-cake-designs/	0
burnt orange wedding cake	food-baking	Food/Recipe	1	11	11	0	0	0	sugardawn.com/burnt-orange-wedding-cake/	0
ladybug cake pops	food-baking	Food/Recipe	1	11	11	0	0	0	sugardawn.com/ladybug-cake-pops/	0
resignation cake	food-baking	Food/Recipe	1	11	11	0	0	0	sugardawn.com/resignation-cake/	0
rainbow cake pops	food-baking	Food/Recipe	1	10	10	1	10	10.77	sugardawn.com/rainbow-cake-pops/	1
graduation cake ideas simple	food-baking	Food/Recipe	1	7	7	1	14.29	13.34	sugardawn.com/graduation-cake-ideas-simple/	1
rose cake ideas	food-baking	Food/Recipe	1	7	7	1	14.29	13.34	sugardawn.com/rose-cake-ideas/	1
2 ripe banana recipes	food-baking	Food/Recipe	1	282	282	0	0	0	tastetia.com/2-ripe-banana-recipes/	0
roast beef dinner ideas	food-recipe	Food/Recipe	1	241	241	0	0	0	tastetia.com/roast-beef-dinner-ideas/	0
flank steak recipes oven	food-baking	Food/Recipe	1	179	179	0	0	0	tastetia.com/flank-steak-recipes-oven/	0
beef marinade tenderizer	food-recipe	Food/Recipe	1	164	164	0	0	0	tastetia.com/beef-marinade-tenderizer/	0
fake crab meat recipes	food-baking	Food/Recipe	1	108	108	1	0.93	1.96	tastetia.com/fake-crab-meat-recipes/	1
flat iron steak recipes	product-specific	Food/Recipe	1	92	92	0	0	0	tastetia.com/flat-iron-steak-recipes/	0
ground beef cottage cheese bowl	product-specific	Food/Recipe	1	79	79	0	0	0	tastetia.com/ground-beef-cottage-cheese-bowl/	0
chuck roast recipes dutch oven	food-baking	Food/Recipe	1	70	70	0	0	0	tastetia.com/chuck-roast-recipes-dutch-oven/	0
beef chuck roast recipes crockpot	food-baking	Food/Recipe	1	62	62	0	0	0	tastetia.com/beef-chuck-roast-recipes-crockpot/	0
flank steak recipes crock pot	product-specific	Food/Recipe	1	51	51	0	0	0	tastetia.com/flank-steak-recipes-crock-pot/	0
bottom round steak recipes	food-baking	Food/Recipe	1	47	47	0	0	0	tastetia.com/bottom-round-steak-recipes/	0
canned crab meat recipes	food-baking	Food/Recipe	1	46	46	0	0	0	tastetia.com/canned-crab-meat-recipes/	0
chuck steak recipes crockpot	food-baking	Food/Recipe	1	44	44	0	0	0	tastetia.com/chuck-steak-recipes-crockpot/	0
ground beef sweet potato bowl	product-specific	Food/Recipe	1	43	43	0	0	0	tastetia.com/ground-beef-sweet-potato-bowl/	0
dried beef recipes	food-baking	Food/Recipe	1	39	39	0	0	0	tastetia.com/dried-beef-recipes/	0
ground deer meat recipes	food-baking	Food/Recipe	1	38	38	0	0	0	tastetia.com/ground-deer-meat-recipes/	0
beef hand pies	food-recipe	Food/Recipe	1	33	33	0	0	0	tastetia.com/beef-hand-pies/	0
eye of round roast recipes	food-baking	Food/Recipe	1	27	27	0	0	0	tastetia.com/eye-of-round-roast-recipes/	0
cast iron steak recipes	product-specific	Food/Recipe	1	26	26	0	0	0	tastetia.com/cast-iron-steak-recipes/	0
chuck roast recipes instant pot	product-specific	Food/Recipe	1	19	19	0	0	0	tastetia.com/chuck-roast-recipes-instant-pot/	0
green bean casserole recipes	food-baking	Food/Recipe	1	17	17	0	0	0	tastetia.com/green-bean-casserole-recipes/	0
beef patty dinner ideas	food-recipe	Food/Recipe	1	15	15	0	0	0	tastetia.com/beef-patty-dinner-ideas/	0
healthy beef stew crock pot recipes	product-specific	Food/Recipe	1	15	15	0	0	0	tastetia.com/healthy-beef-stew-crock-pot-recipes/	0
beef chorizo recipes	food-baking	Food/Recipe	1	14	14	0	0	0	tastetia.com/beef-chorizo-recipes/	0
banana bread with cake mix recipes	food-baking	Food/Recipe	1	13	13	0	0	0	tastetia.com/banana-bread-with-cake-mix-recipes/	0
beef hot dog recipes	food-baking	Food/Recipe	1	12	12	0	0	0	tastetia.com/beef-hot-dog-recipes/	0
beef lettuce wraps	food-recipe	Food/Recipe	1	11	11	0	0	0	tastetia.com/beef-lettuce-wraps/	0
corned beef tacos	food-recipe	Food/Recipe	1	11	11	0	0	0	tastetia.com/corned-beef-tacos/	0
cross rib roast recipes	food-baking	Food/Recipe	1	11	11	0	0	0	tastetia.com/cross-rib-roast-recipes/	0
painting ideas on mirrors	product-specific	Food/Recipe	1	11	11	0	0	0	tastetia.com/painting-ideas-on-mirrors/	0
poster presentation ideas	general	Food/Recipe	1	11	11	0	0	0	tastetia.com/poster-presentation-ideas/	0
low cholesterol chicken recipes	food-baking	Food/Recipe	1	452	452	2	0.44	1.21	tastybolt.com/low-cholesterol-chicken-recipes/	2
easy chicken casserole recipes 4 ingredients simple	food-baking	Food/Recipe	1	129	129	0	0	0	tastybolt.com/easy-chicken-casserole-recipes-4-ingredients-simple/	0
cottage cheese bowl recipes	product-specific	Food/Recipe	1	95	95	1	1.05	2.15	tastybolt.com/cottage-cheese-bowl-recipes/	1
ground turkey burger recipes	food-baking	Food/Recipe	1	84	84	0	0	0	tastybolt.com/ground-turkey-burger-recipes/	0
ground turkey dinner recipes	food-baking	Food/Recipe	1	65	65	0	0	0	tastybolt.com/ground-turkey-dinner-recipes/	0
ground turkey casserole recipes	food-baking	Food/Recipe	1	51	51	0	0	0	tastybolt.com/ground-turkey-casserole-recipes/	0
condensed milk recipes desserts	food-baking	Food/Recipe	1	46	46	0	0	0	tastybolt.com/condensed-milk-recipes-desserts/	0
asian chicken thigh recipes	food-baking	Food/Recipe	1	44	44	0	0	0	tastybolt.com/asian-chicken-thigh-recipes/	0
crispy chicken sandwich recipes	food-baking	Food/Recipe	1	37	37	0	0	0	tastybolt.com/crispy-chicken-sandwich-recipes/	0
stuffed chicken breast with stuffing	food-recipe	Food/Recipe	1	33	33	0	0	0	tastybolt.com/stuffed-chicken-breast-with-stuffing/	0
healthy ground turkey recipes	food-baking	Food/Recipe	1	32	32	0	0	0	tastybolt.com/healthy-ground-turkey-recipes/	0
chicken goat cheese recipes	food-baking	Food/Recipe	1	23	23	1	4.35	6.21	tastybolt.com/chicken-goat-cheese-recipes/	1
double crust chicken pot pie	product-specific	Food/Recipe	1	22	22	1	4.55	6.41	tastybolt.com/double-crust-chicken-pot-pie/	1
frozen grilled chicken strips recipes	food-baking	Food/Recipe	1	20	20	0	0	0	tastybolt.com/frozen-grilled-chicken-strips-recipes/	0
chicken bacon ranch stuffed bread	food-baking	Food/Recipe	1	19	19	0	0	0	tastybolt.com/chicken-bacon-ranch-stuffed-bread/	0
leftover fried chicken recipes	food-baking	Food/Recipe	1	19	19	0	0	0	tastybolt.com/leftover-fried-chicken-recipes/	0
mexican chicken casserole recipes	food-baking	Food/Recipe	1	18	18	0	0	0	tastybolt.com/mexican-chicken-casserole-recipes/	0
chicken coop with run	food-recipe	Food/Recipe	1	16	16	0	0	0	tastybolt.com/chicken-coop-with-run/	0
ground turkey bowl recipes	product-specific	Food/Recipe	1	16	16	0	0	0	tastybolt.com/ground-turkey-bowl-recipes/	0
ground turkey soup recipes	food-baking	Food/Recipe	1	16	16	0	0	0	tastybolt.com/ground-turkey-soup-recipes/	0
ground turkey taco recipes	food-baking	Food/Recipe	1	16	16	0	0	0	tastybolt.com/ground-turkey-taco-recipes/	0
chicken leg quarters crock pot	product-specific	Food/Recipe	1	15	15	0	0	0	tastybolt.com/chicken-leg-quarters-crock-pot/	0
ground turkey meatloaf recipes	food-baking	Food/Recipe	1	11	11	0	0	0	tastybolt.com/ground-turkey-meatloaf-recipes/	0
ina garten chicken salad	food-recipe	Food/Recipe	1	11	11	0	0	0	tastybolt.com/ina-garten-chicken-salad/	0
creamy buffalo chicken dip	food-recipe	Food/Recipe	1	7	7	1	14.29	13.34	tastybolt.com/creamy-buffalo-chicken-dip/	1
coconut water drink recipes	food-baking	Food/Recipe	1	582	582	0	0	0	tastycreate.com/coconut-water-drink-recipes/	0
chia seed drink recipes	food-baking	Food/Recipe	1	513	513	2	0.39	1.09	tastycreate.com/chia-seed-drink-recipes/	2
beef soup bone recipes	food-baking	Food/Recipe	2	205	103	0	0	0	tastycreate.com/beef-soup-bone-recipes/	0
ground beef crescent roll recipes	food-baking	Food/Recipe	1	126	126	0	0	0	tastycreate.com/ground-beef-crescent-roll-recipes/	0
shaved beef steak recipes	food-baking	Food/Recipe	1	83	83	0	0	0	tastycreate.com/shaved-beef-steak-recipes/	0
pinto beans with ground beef	food-recipe	Food/Recipe	1	76	76	0	0	0	tastycreate.com/pinto-beans-with-ground-beef/	0
corned beef hash canned	food-recipe	Food/Recipe	1	67	67	1	1.49	2.82	tastycreate.com/corned-beef-hash-canned/	1
baked sweet potato recipes	food-baking	Food/Recipe	1	60	60	0	0	0	tastycreate.com/baked-sweet-potato-recipes/	0
blueberry dump cake recipes	food-baking	Food/Recipe	1	44	44	0	0	0	tastycreate.com/blueberry-dump-cake-recipes/	0
ground beef chinese recipes	food-baking	Food/Recipe	1	42	42	1	2.38	4.02	tastycreate.com/ground-beef-chinese-recipes/	1
chex mix recipes sweet	food-baking	Food/Recipe	1	35	35	0	0	0	tastycreate.com/chex-mix-recipes-sweet/	0
beef shoulder roast recipes	food-baking	Food/Recipe	1	32	32	0	0	0	tastycreate.com/beef-shoulder-roast-recipes/	0
corn beef hash	food-recipe	Food/Recipe	1	20	20	0	0	0	tastycreate.com/corn-beef-hash/	0
canned sweet potato recipes	food-baking	Food/Recipe	1	19	19	0	0	0	tastycreate.com/canned-sweet-potato-recipes/	0
corned beef dinner	food-recipe	Food/Recipe	1	18	18	0	0	0	tastycreate.com/corned-beef-dinner/	0
boiled sweet potato recipes	food-baking	Food/Recipe	1	13	13	0	0	0	tastycreate.com/boiled-sweet-potato-recipes/	0
candied sweet potato recipes	food-baking	Food/Recipe	1	13	13	0	0	0	tastycreate.com/candied-sweet-potato-recipes/	0
plug in pendant light living room	room-ideas	Food/Recipe	1	13	13	0	0	0	tastycreate.com/plug-in-pendant-light-living-room/	0
corned beef and cabbage instant pot	product-specific	Food/Recipe	1	12	12	0	0	0	tastycreate.com/corned-beef-and-cabbage-instant-pot/	0
baked beans recipe with ground beef	food-baking	Food/Recipe	1	13	13	0	0	0	tastycreate.com/baked-beans-recipe-with-ground-beef/	0
blueberry pie filling recipes	food-baking	Food/Recipe	1	11	11	0	0	0	tastycreate.com/blueberry-pie-filling-recipes/	0
brie cheese recipes baked	food-baking	Food/Recipe	1	202	202	0	0	0	tastyhawk.com/brie-cheese-recipes-baked/	0
ground beef bowl recipes	product-specific	Food/Recipe	1	165	165	0	0	0	tastyhawk.com/ground-beef-bowl-recipes/	0
beef rump roast recipes	food-baking	Food/Recipe	1	103	103	0	0	0	tastyhawk.com/beef-rump-roast-recipes/	0
ground beef and mushroom recipes	food-baking	Food/Recipe	1	31	31	0	0	0	tastyhawk.com/ground-beef-and-mushroom-recipes/	0
beef brisket recipes oven	food-baking	Food/Recipe	1	26	26	0	0	0	tastyhawk.com/beef-brisket-recipes-oven/	0
beef shaved steak recipes	food-baking	Food/Recipe	1	19	19	0	0	0	tastyhawk.com/beef-shaved-steak-recipes/	0
ground beef recipes healthy	food-baking	Food/Recipe	1	19	19	0	0	0	tastyhawk.com/ground-beef-recipes-healthy/	0
beef bone broth soup recipes	food-baking	Food/Recipe	1	17	17	0	0	0	tastyhawk.com/beef-bone-broth-soup-recipes/	0
beef flank steak recipes	food-baking	Food/Recipe	1	16	16	0	0	0	tastyhawk.com/beef-flank-steak-recipes/	0
ground beef soup recipes	food-baking	Food/Recipe	1	16	16	0	0	0	tastyhawk.com/ground-beef-soup-recipes/	0
ground beef sweet potato recipes	food-baking	Food/Recipe	1	16	16	0	0	0	tastyhawk.com/ground-beef-sweet-potato-recipes/	0
beef top round roast recipes	outfit-style	Food/Recipe	1	14	14	0	0	0	tastyhawk.com/beef-top-round-roast-recipes/	0
beef skirt steak recipes	outfit-style	Food/Recipe	1	13	13	1	7.69	9.11	tastyhawk.com/beef-skirt-steak-recipes/	1
rice side dishes for chicken	food-recipe	Food/Recipe	1	44	44	0	0	0	tastymatrix.com/rice-side-dishes-for-chicken/	0
chicken mince recipes healthy	food-baking	Food/Recipe	1	37	37	0	0	0	tastymatrix.com/chicken-mince-recipes-healthy/	0
sous vide chicken thighs	food-recipe	Food/Recipe	1	19	19	0	0	0	tastymatrix.com/sous-vide-chicken-thighs/	0
easy chicken nugget recipes	food-baking	Food/Recipe	1	13	13	0	0	0	tastymatrix.com/easy-chicken-nugget-recipes/	0
crockpot chicken recipes dairy free	food-baking	Food/Recipe	1	10	10	1	10	10.77	tastymatrix.com/crockpot-chicken-recipes-dairy-free/	1
slow cooker chicken wings	food-recipe	Food/Recipe	1	9	9	1	11.11	11.49	tastymatrix.com/slow-cooker-chicken-wings/	1
minimal coffee table decor	wedding-event	Home Decor	1	18	18	0	0	0	tastynero.com/minimal-coffee-table-decor/	0
dining chairs for dark wood table	room-ideas	Home Decor	1	4	4	1	25	4.99	tastynero.com/dining-chairs-for-dark-wood-table/	1
dinner recipes for two	food-baking	Food/Recipe	1	177	177	1	0.56	1.3	tastywolf.com/dinner-recipes-for-two/	1
bacon dinner recipes	food-baking	Food/Recipe	1	83	83	11	13.25	26.37	tastywolf.com/bacon-dinner-recipes/	11
canned chicken and rice recipes	food-baking	Food/Recipe	1	82	82	0	0	0	tastywolf.com/canned-chicken-and-rice-recipes/	0
chicken stir fry sauce	food-recipe	Food/Recipe	1	58	58	1	1.72	3.15	tastywolf.com/chicken-stir-fry-sauce/	1
dinner recipes with rice	food-baking	Food/Recipe	1	50	50	0	0	0	tastywolf.com/dinner-recipes-with-rice/	0
chicken wing sauce recipes	food-baking	Food/Recipe	1	43	43	0	0	0	tastywolf.com/chicken-wing-sauce-recipes/	0
recipes with rotisserie chicken	food-baking	Food/Recipe	1	37	37	0	0	0	tastywolf.com/recipes-with-rotisserie-chicken/	0
cake recipes without eggs	food-baking	Food/Recipe	1	34	34	1	2.94	4.69	tastywolf.com/cake-recipes-without-eggs/	1
leftover rotisserie chicken meals	food-recipe	Food/Recipe	1	30	30	0	0	0	tastywolf.com/leftover-rotisserie-chicken-meals/	0
rotisserie chicken soup recipes	food-baking	Food/Recipe	1	30	30	0	0	0	tastywolf.com/rotisserie-chicken-soup-recipes/	0
whole 30 chicken thighs	food-recipe	Food/Recipe	1	30	30	0	0	0	tastywolf.com/whole-30-chicken-thighs/	0
chicken wire ghosts diy	diy-craft	Food/Recipe	1	27	27	0	0	0	tastywolf.com/chicken-wire-ghosts-diy/	0
rotisserie chicken wrap recipes	food-baking	Food/Recipe	1	27	27	0	0	0	tastywolf.com/rotisserie-chicken-wrap-recipes/	0
gluten free cake mix bundt recipes	food-baking	Food/Recipe	1	22	22	1	4.55	6.41	tastywolf.com/gluten-free-cake-mix-bundt-recipes/	1
sides for rotisserie chicken	food-recipe	Food/Recipe	1	19	19	0	0	0	tastywolf.com/sides-for-rotisserie-chicken/	0
asparagus stove top recipes	outfit-style	Food/Recipe	1	14	14	0	0	0	tastywolf.com/asparagus-stove-top-recipes/	0
panera chicken salad recipe	food-baking	Food/Recipe	1	13	13	0	0	0	tastywolf.com/panera-chicken-salad-recipe/	0
chicken roll ups stuffed	food-recipe	Food/Recipe	1	12	12	0	0	0	tastywolf.com/chicken-roll-ups-stuffed/	0
frozen butternut squash recipes	food-baking	Food/Recipe	1	11	11	0	0	0	tastywolf.com/frozen-butternut-squash-recipes/	0
dairy free dinner recipes	food-baking	Food/Recipe	1	8	8	1	12.5	12.33	tastywolf.com/dairy-free-dinner-recipes/	1
orange chicken recipe healthy	food-baking	Food/Recipe	1	7	7	1	14.29	13.34	tastywolf.com/orange-chicken-recipe-healthy/	1
unique tv stand ideas	product-specific	Food/Recipe	1	4	4	1	25	18.07	tastywolf.com/unique-tv-stand-ideas/	1
violet flower tattoo	tattoo	Tattoo	1	48	48	0	0	0	tattoohacks.com/violet-flower-tattoo/	0
lotus flower tattoo	tattoo	Tattoo	1	38	38	0	0	0	tattoohacks.com/lotus-flower-tattoo/	0
angel warrior tattoo	tattoo	Tattoo	1	25	25	0	0	0	tattoohacks.com/angel-warrior-tattoo/	0
aster flower tattoo	tattoo	Tattoo	1	23	23	0	0	0	tattoohacks.com/aster-flower-tattoo/	0
hibiscus flower tattoo	tattoo	Tattoo	1	23	23	0	0	0	tattoohacks.com/hibiscus-flower-tattoo/	0
small dragon tattoo	tattoo	Tattoo	1	23	23	0	0	0	tattoohacks.com/small-dragon-tattoo/	0
butterfly and flower tattoo	tattoo	Tattoo	1	21	21	0	0	0	tattoohacks.com/butterfly-and-flower-tattoo/	0
dragon tattoo arm	tattoo	Tattoo	1	21	21	0	0	0	tattoohacks.com/dragon-tattoo-arm/	0
angel numbers tattoo	tattoo	Tattoo	1	19	19	0	0	0	tattoohacks.com/angel-numbers-tattoo/	0
crescent moon tattoo	tattoo	Tattoo	1	16	16	0	0	0	tattoohacks.com/crescent-moon-tattoo/	0
triple moon tattoo	tattoo	Tattoo	1	16	16	0	0	0	tattoohacks.com/triple-moon-tattoo/	0
3d butterfly tattoo	tattoo	Tattoo	1	15	15	0	0	0	tattoohacks.com/3d-butterfly-tattoo/	0
777 angel number tattoo	tattoo	Tattoo	1	15	15	0	0	0	tattoohacks.com/777-angel-number-tattoo/	0
traditional flower tattoo	tattoo	Tattoo	1	15	15	0	0	0	tattoohacks.com/traditional-flower-tattoo/	0
angel devil tattoo	tattoo	Tattoo	1	13	13	0	0	0	tattoohacks.com/angel-devil-tattoo/	0
snake with flowers tattoo	tattoo	Tattoo	1	13	13	0	0	0	tattoohacks.com/snake-with-flowers-tattoo/	0
back dragon tattoo	tattoo	Tattoo	1	12	12	0	0	0	tattoohacks.com/back-dragon-tattoo/	0
carnation flower tattoo	tattoo	Tattoo	1	12	12	0	0	0	tattoohacks.com/carnation-flower-tattoo/	0
fine line rose tattoo	tattoo	Tattoo	1	12	12	0	0	0	tattoohacks.com/fine-line-rose-tattoo/	0
butterfly hand tattoo	tattoo	Tattoo	1	11	11	0	0	0	tattoohacks.com/butterfly-hand-tattoo/	0
flower of life tattoo	tattoo	Tattoo	1	11	11	0	0	0	tattoohacks.com/flower-of-life-tattoo/	0
shredded chicken and rice	food-recipe	Food/Recipe	1	32	32	1	3.13	4.91	wishcook.com/shredded-chicken-and-rice/	1
healthy canned chicken recipes	food-baking	Food/Recipe	1	59	59	1	1.69	3.11	wishflavor.com/healthy-canned-chicken-recipes/	1
healthy green bean recipes	food-baking	Food/Recipe	1	25	25	0	0	0	wishflavor.com/healthy-green-bean-recipes/	0
air fryer recipes healthy low carb	food-baking	Food/Recipe	1	14	14	0	0	0	wishflavor.com/air-fryer-recipes-healthy-low-carb/	0
greek yogurt recipes healthy	food-baking	Food/Recipe	1	12	12	0	0	0	wishflavor.com/greek-yogurt-recipes-healthy/	0
rice paper recipes healthy	food-baking	Food/Recipe	1	11	11	0	0	0	wishflavor.com/rice-paper-recipes-healthy/	0
healthy dinner recipes for kids	food-baking	Food/Recipe	1	5	5	1	20	16.09	wishflavor.com/healthy-dinner-recipes-for-kids/	1
16 cherry blossom table decor ideas with soft romantic vibes	wedding-event	Home Decor	1	26	26	3	11.54	4.72	yummybolt.com/16-cherry-blossom-table-decor-ideas-with-soft-romantic-vibes/	3
almond flour bread recipes	food-baking	Food/Recipe	1	314	314	3	0.96	2.48	yummyguru.com/almond-flour-bread-recipes/	3
bread machine recipes easy	food-baking	Food/Recipe	1	271	271	0	0	0	yummyguru.com/bread-machine-recipes-easy/	0
gluten free recipes bread	food-baking	Food/Recipe	1	265	265	0	0	0	yummyguru.com/gluten-free-recipes-bread/	0
cuisinart bread machine recipes	food-baking	Food/Recipe	1	129	129	0	0	0	yummyguru.com/cuisinart-bread-machine-recipes/	0
amish friendship bread recipes	food-baking	Food/Recipe	1	130	130	1	0.77	1.69	yummyguru.com/amish-friendship-bread-recipes/	1
ground beef spaghetti sauce	food-recipe	Food/Recipe	1	86	86	0	0	0	yummyguru.com/ground-beef-spaghetti-sauce/	0
beef patties recipes	food-baking	Food/Recipe	1	83	83	0	0	0	yummyguru.com/beef-patties-recipes/	0
coconut rum drinks recipes	food-baking	Food/Recipe	1	69	69	0	0	0	yummyguru.com/coconut-rum-drinks-recipes/	0
ground beef casserole recipes healthy	food-baking	Food/Recipe	1	43	43	0	0	0	yummyguru.com/ground-beef-casserole-recipes-healthy/	0
frozen cooked shrimp recipes	food-baking	Food/Recipe	1	40	40	0	0	0	yummyguru.com/frozen-cooked-shrimp-recipes/	0
roast beef sides	food-recipe	Food/Recipe	1	38	38	0	0	0	yummyguru.com/roast-beef-sides/	0
beef stew meat recipes	food-baking	Food/Recipe	1	33	33	0	0	0	yummyguru.com/beef-stew-meat-recipes/	0
french 75 cocktail recipes	food-baking	Food/Recipe	1	29	29	0	0	0	yummyguru.com/french-75-cocktail-recipes/	0
cuisinart ice cream maker recipes	food-baking	Food/Recipe	1	26	26	0	0	0	yummyguru.com/cuisinart-ice-cream-maker-recipes/	0
beef medallion recipes	food-baking	Food/Recipe	1	21	21	0	0	0	yummyguru.com/beef-medallion-recipes/	0
beef sirloin tip roast	food-recipe	Food/Recipe	1	21	21	0	0	0	yummyguru.com/beef-sirloin-tip-roast/	0
slow cooker pulled beef	food-recipe	Food/Recipe	1	21	21	0	0	0	yummyguru.com/slow-cooker-pulled-beef/	0
bread maker sweet recipes	food-baking	Food/Recipe	1	19	19	0	0	0	yummyguru.com/bread-maker-sweet-recipes/	0
mac and cheese with ground beef	food-recipe	Food/Recipe	1	19	19	0	0	0	yummyguru.com/mac-and-cheese-with-ground-beef/	0
minced beef recipes healthy	food-baking	Food/Recipe	1	11	11	0	0	0	yummyguru.com/minced-beef-recipes-healthy/	0
