Keyword chưa làm,Volume
wedding arch ideas,86209
diy wedding arch,23218
wedding arch flowers,21530
simple wedding arch,21421
arch decoration wedding,18833
flower arch wedding,15442
floral arch wedding,15423
wedding flower arch,9453
wedding ceremony arch,8453
wedding balloon arch,7594
white wedding arch,7261
wedding arch diy,7239
boho wedding arch,6259
wedding arch alternative,6119
hexagon wedding arch,5906
wedding arch decor,5871
circle wedding arch,5832
round arch decoration wedding,5762
circle arch wedding,5762
beach wedding arch,5724
triangle arch wedding,5709
metal wedding arch,5474
fall wedding arch,5448
simple wedding arch ideas,4934
round wedding arch,4817
wedding floral arch,4700
rustic wedding arch,4700
wooden wedding arch,4659
wildflower wedding arch,4359
outdoor wedding arch ideas,4334
diy wedding arch flowers,3651
ground arch wedding,3998
floral wedding arch,3982
wedding entrance arch,3649
cross wedding arch,3436
broken arch wedding,3433
entrance arch wedding,3421
octagon wedding arch,3091
arch wedding backdrop,3285
wooden arch wedding,3272
wisteria wedding arch,3250
arch for wedding ceremony,3182
homemade wedding arch,3145
wedding circle arch,3092
unique wedding arch ideas,2933
wood wedding arch,2924
hexagon wedding arch flowers,2480
western wedding arch,2687
winter wedding arch,2674
wedding arch ideas outdoor,2560
wedding arch draping,2474
wedding arch backdrop,2438
square wedding arch,2254
tropical wedding arch,2406
wedding arch rustic,2400
arch drapery wedding,2377
outdoor wedding arch,2300
balloon arch wedding,2260
round wedding arch ideas,2221
pampas grass wedding arch,2218
wedding arch decoration ideas,2209
wedding arch ideas indoor,2199
greenery wedding arch,2170
tree branch wedding arch,2142
christmas wedding arch,2135
flower wedding arch,2103
macrame wedding arch,2090
red wedding arch,2088
greenery arch wedding,2081
arch wedding invitation,2078
arch flowers wedding,2067
circular wedding arch,2056
wedding arch simple,2006
diy wedding arch outdoor,1983
square arch wedding,1966
wedding arch floral,1962
wedding arch with fabric,1845
unique wedding arch,1811
blue wedding arch,1806
wedding arch circle,1799
half arch wedding,1759
beach wedding arch ideas,1748
hydrangea wedding arch,1735
wedding arch no flowers,1655
colorful wedding arch,1601
arch wedding sign,1629
pastel wedding arch,1617
spring wedding arch,1614
wedding arch flowers simple,1577
black wedding arch,1544
green wedding arch,1498
simple wedding arch outdoors,1516
garden wedding arch,1515
wedding arch wood,1451
wedding shower balloon arch,1386
wedding arch indoor,1371
modern wedding arch,1347
eucalyptus wedding arch,1346
wedding ceremony arch outdoor,1343
wedding arch round,1321
beach wedding ceremony arch,1319
wedding arch with flowers,1306
sunflower wedding arch,1386
wedding wooden arch,1256
draped wedding arch,1256
simple arch decoration wedding,1246
mountain wedding arch,1235
backyard wedding arch,1229
indoor wedding arch,1177
wedding arch decorations,1212
rustic wedding arch ideas,1206
floor arch wedding,1189
birch wedding arch,1079
wedding arch hexagon,1161
wedding arch ideas diy,1146
white arch wedding,1141
gold wedding arch,1122
branch arch wedding,1117
wedding triangle arch,1093
wedding arch drapery,1069
black and white wedding arch,1039
hay ring wedding arch,1026
arch wedding decoration,1016
heptagon wedding arch,1015
wedding arch white,1002
wedding flowers arch,984
diy flower arch wedding,982
flower arch wedding outdoor,976
wildflower arch wedding,973
pink wedding arch,969
wedding backdrop arch,944
heart arch wedding decoration,940
wedding hexagon arch,930
wood arch wedding,927
metal arch decoration wedding,923
no arch wedding ceremony,917
wedding arch white flowers,888
wedding arch with lights,884
octagon arch wedding,882
wedding arch florals,881
gothic wedding arch,876
round arch wedding,835
purple wedding arch,834
a frame wedding arch,834
pampas wedding arch,814
wedding arch design,800
wisteria arch wedding,799
wedding round arch,782
dusty blue wedding arch,780
floral arch wedding outdoor,770
forest wedding arch,760
white flower arch wedding,757
driftwood wedding arch,748
arch ideas for wedding,731
white wedding arch flowers,729
grounded arch wedding ceremony,723
wedding entrance arch decor,722
wedding arch fabric,719
country wedding arch,718
wedding balloon arch ideas,717
autumn wedding arch,694
wedding arch sign,690
white and green wedding arch,678
moon arch wedding,668
burgundy wedding arch,668
wedding arch tulle,667
bamboo wedding arch,667
broken arch wedding flowers,660
moon wedding arch,652
tree wedding arch,650
whimsical wedding arch,648
hydrangea arch wedding,640
church arch wedding,633
fall wedding arch ideas,633
blue and white wedding arch,630
vintage wedding arch,629
elegant wedding arch,621
wedding arch flowers diy,619
arch seating chart wedding,569
wedding arch blue,616
wedding arch square,614
wedding ground arch,611
white floral arch wedding,607
wedding decor arch,602
balloon wedding arch,578
summer wedding arch,572
white floral wedding arch,560
wedding arch with draping,567
ground arch wedding ceremony,564
sunflower arch wedding,559
arch wedding decor,558
how to decorate a wedding arch,557
wedding circle arch ideas,556
wedding flower arch outdoor,556
wedding ceremony arch ideas,554
wedding arch drapes,547
rectangle wedding arch,544
wedding arch without flowers,539
rectangle arch wedding,532
rustic wedding arch outdoor,532
gold arch wedding,530
wedding arch alternative outdoor,529
wedding arch inspo,529
minimal wedding arch,528
balloon arch for wedding,525
church wedding arch ideas,523
wedding arch backdrop ideas,521
baby breath arch wedding,515
terracotta wedding arch,512
wedding arch ideas circle,507
heart wedding arch,507
deconstructed arch wedding,504
wedding arch entrance,499
moody wedding arch,498
wedding decorations arch,493
round wedding arch draping,493
boho wedding arch ideas,489
wedding arch with greenery,478
wedding arch balloons,478
wedding square arch,477
wedding photo arch,474
flowers for wedding arch,470
flower arch wedding ceremony,465
outside wedding arch ideas,463
wedding arch photo backdrop,461
wedding arch ideas simple,457
diy floral arch wedding,455
winter wedding arch ideas,444
indian wedding arch,444
fabric wedding arch,442
arch wedding flowers,439
curved wedding arch,433
how to make wedding arch,432
wedding arch illustration,430
circle wedding arch with drape,427
double triangle wedding arch,426
wedding arch minimalist,420
wedding arch png,420
wedding arch floral arrangements,419
baby's breath wedding arch,412
arch decoration wedding diy,411
simple wedding arch decor,410
square wedding arch with flowers,408
wedding arch ceremony,407
flowers arch wedding,405
western wedding arch ideas,405
simple wedding arch ideas indoor,404
sims 4 wedding arch cc,401
half moon wedding arch,413
wedding backdrop design,98785
wedding reception backdrop,89423
wedding stage backdrop,27514
wedding draping backdrop,7689
wedding photo backdrop,24381
wedding backdrop reception,23150
wedding backdrop decorations,22721
wedding ceremony backdrop,18040
boho wedding backdrop,12197
wedding backdrop ideas,12167
simple wedding backdrop,11208
diy wedding backdrop,23121
photo backdrop wedding,6792
cross wedding backdrop,6201
unique wedding backdrop,5991
wedding photo backdrop ideas,5871
wedding stage design backdrop ideas,5814
photo booth backdrop wedding,5638
wedding photo booth backdrop,5576
elegant wedding backdrop,5121
backdrop for wedding,5113
backdrop ideas for wedding,5092
wedding backdrop design indoor,4989
photobooth wedding backdrop,4830
indian wedding reception backdrop,4697
wedding reception backdrop elegant,4525
wedding stage backdrop elegant,4453
backdrop wedding ideas,4202
indian wedding stage backdrop,3128
flower backdrop wedding,3653
white wedding backdrop,3514
wood backdrop wedding,3300
backdrop for wedding reception,3270
macrame wedding backdrop,3249
pallet backdrop wedding,3234
sage green wedding backdrop,3205
indian wedding backdrop,3182
photo wall wedding backdrop,3042
outdoor wedding backdrop,3020
wedding photo booth backdrop ideas,2973
wedding head table backdrop,2933
blue wedding backdrop,2841
black and white wedding backdrop,2876
wedding backdrop design simple,2850
simple stage decorations wedding backdrop ideas,2800
chinese wedding backdrop,2794
fabric backdrop wedding,2790
simple wedding backdrop reception,2630
wedding backdrop design outdoor,2627
curtain backdrop wedding,2617
red wedding backdrop,2608
minimalist wedding backdrop,2600
floral backdrop wedding,2536
wedding backdrop head table,2437
backdrop wedding simple,2234
wedding balloon backdrop,2392
wedding shower backdrop,2383
wedding table backdrop ideas,2363
wedding backdrop design backgrounds,2330
rustic wedding backdrop,2222
wedding wall backdrop,2205
wedding backdrop diy,2204
garden wedding backdrop,2201
white backdrop wedding,2200
traditional wedding backdrop,2175
wedding drapery backdrop,2156
modern wedding backdrop,2148
wedding curtain backdrop,2111
diy wedding photo backdrop,2026
wedding picture backdrop,2197
vintage wedding backdrop,2087
beach wedding backdrop,2072
backdrop decorations wedding,2045
wedding neon sign backdrop,1743
minimal wedding backdrop,2004
wooden backdrop wedding,1995
photobooth backdrop wedding,1975
wedding floral backdrop,1922
wedding ceremony backdrop outdoor,1917
wedding backdrop ceremony,1916
wedding decor backdrop,1891
floral wedding backdrop,1815
indian wedding backdrop decorations,1797
indoor wedding backdrop ideas,1760
neon sign wedding backdrop,1748
indoor wedding ceremony backdrop,1735
greenery backdrop wedding,1694
wedding picture backdrop ideas,1687
rustic wedding backdrop reception,1650
pink wedding backdrop,1639
backdrop wedding minimal,1620
wedding flower backdrop,1594
black wedding backdrop,1500
green wedding backdrop,1561
simple wedding backdrop indoor,1522
wedding photo wall backdrop,1509
head table backdrop wedding,1506
hexagon backdrop wedding,1502
wedding stage backdrop simple,1498
diy wedding backdrop reception,1376
simple backdrop wedding,1426
diy photo backdrop wedding,1410
wedding backdrop reception head table,1385
civil wedding backdrop,1369
wedding backdrop outdoor,1329
wooden wedding backdrop,1317
wedding backdrop banner design,1303
wedding flower wall backdrop,1264
wedding cake backdrop ideas,1239
wedding backdrop lights,997
black backdrop wedding,1170
wood wedding backdrop,1158
green backdrop wedding,1156
wedding cake backdrop,1132
wedding ceremony backdrop indoor,1124
diy backdrop wedding,1119
balloon backdrop wedding,1099
wedding anniversary backdrop,988
wedding table backdrop,944
photo backdrop for wedding,985
wedding hoop backdrop,946
wedding photobooth backdrop,930
stage backdrop wedding,928
wedding photo backdrop diy,921
red backdrop wedding,910
dusty blue wedding backdrop,909
neon wedding sign backdrop,884
wedding led screen backdrop,864
flower wedding backdrop,851
flower wall wedding ceremony backdrop,837
wedding shower backdrop ideas,833
rustic backdrop wedding,782
wedding reception photo backdrop,756
pastel wedding backdrop,744
led wall backdrop stage design wedding,711
purple wedding backdrop,727
outdoor wedding backdrop ideas,721
wedding backdrop flowers,715
wedding screen backdrop,707
wedding guest photo backdrop,706
church wedding backdrop,693
green wall wedding backdrop,693
wedding backdrop design diy,687
diy wedding photo booth backdrop,685
wedding backdrop indoor,683
backdrop design for wedding,805
wedding backdrop blue,675
backyard wedding backdrop,672
wedding wood backdrop,667
cross backdrop wedding,651
spring wedding backdrop,648
drape wedding backdrop,647
picture backdrop wedding,645
winter wedding backdrop,932
rustic wedding decor backdrop,635
wedding photo area backdrop ideas,630
wedding decoration backdrop,629
wedding shower photo backdrop,618
easy wedding backdrop,616
tropical wedding backdrop,602
photo wedding backdrop,598
drapery wedding backdrop,597
wedding fabric backdrop,594
chinoiserie wedding backdrop,589
christmas wedding backdrop,587
indoor wedding backdrop,582
diy wedding backdrop ideas,579
wedding backdrop indian,572
intimate wedding backdrop,562
mirror backdrop wedding,562
simple wedding photo backdrop,556
colorful wedding backdrop,546
backdrop for wedding ceremony,545
south indian wedding backdrop,545
wedding backdrop stage,543
emerald green wedding backdrop,531
wedding simple backdrop,532
wedding party backdrop,524
wedding sweetheart table backdrop,497
wedding backdrop curtains,520
wedding stage backdrop design,517
wedding backdrop decorations receptions,506
burgundy wedding backdrop,504
backdrop ideas for wedding reception,501
wedding backdrop wood,500
blue backdrop wedding,492
flower wall wedding backdrop,449
gold wedding backdrop,475
round wedding backdrop,471
navy blue wedding backdrop,471
civil wedding backdrop simple,466
mexican wedding backdrop,465
wedding banner backdrop,498
wedding photo backdrop ideas receptions,452
christmas tree wedding backdrop,448
wedding backdrop for pictures,447
hoop wedding backdrop,446
rustic wedding photo backdrop,444
wedding reception backdrop simple,441
elegant backdrop wedding,434
wedding backdrop photo,433
50th wedding anniversary backdrop,433
luxury wedding backdrop,430
circle wedding backdrop,425
fall wedding photo backdrop,424
led backdrop wedding,423
backdrop wedding photobooth,423
small wedding backdrop,423
simple backdrop for wedding,419
wedding backdrop minimalist,412
wedding drapes backdrop,404
wedding backdrop ideas reception,403
beige wedding backdrop,402
simple wedding decorations indoor ceremony backdrop,401
wedding reception backdrop outdoor,401
book backdrop wedding,484
small wedding cakes,52413
classy wedding cakes,60779
naked wedding cakes,39478
2 tier wedding cakes,23790
1 tier wedding cakes,23580
simple wedding cakes,23152
wedding cakes elegant unique classy,7183
trending wedding cakes,22139
unique wedding cakes,20654
wedding anniversary cakes,20240
wedding cakes simple,19661
extravagant wedding cakes,18896
traditional wedding cakes,16224
elegant wedding cakes,16121
floral wedding cakes,16072
wedding sheet cakes,14737
mini wedding cakes,14230
fall wedding cakes,13431
square wedding cakes,9872
heart shaped wedding cakes,9249
2 tier wedding cakes simple elegant,9214
beautiful wedding cakes,8769
victorian wedding cakes,8744
50th wedding anniversary cakes,8742
vintage wedding cakes,7750
rose gold wedding cakes,7520
fancy wedding cakes,7513
traditional cakes wedding african,7142
wedding cakes ideas,7172
wedding cakes vintage,6980
25th wedding anniversary cakes,6829
purple wedding cakes,3861
glamorous wedding cakes,6695
small wedding cakes simple classy,6397
wedding cakes with flowers,5834
rustic wedding cakes,5758
big wedding cakes,5751
wedding cakes with cupcakes,5362
country wedding cakes,5181
beautiful wedding cakes unique,1531
3 tier wedding cakes,4971
retro wedding cakes,4874
white wedding cakes,4736
vintage wedding cakes elegant,1470
alternative wedding cakes,4725
royal blue wedding cakes,3710
unique wedding cakes elegant romantic,3011
navy blue wedding cakes,2624
non traditional wedding cakes,3605
25 wedding anniversary cakes,4293
wedding cakes lilac,4226
funny wedding cakes,4155
indian wedding cakes,4152
whimsical wedding cakes,4066
fondant wedding cakes,3727
textured wedding cakes,3714
romantic wedding cakes,3663
italian wedding cakes,3643
simple elegant wedding cakes,3575
modern wedding cakes,3540
bow wedding cakes,3417
mini wedding cakes for guests,3354
nothing bundt cakes wedding,3331
cookie cake wedding cakes,3309
black wedding cakes,3280
fountain wedding cakes,3189
cute wedding cakes,3984
cool wedding cakes,3143
wedding cakes simple elegant modern,3107
traditional wedding cakes in nigeria,3157
wedding cakes designs,3048
naked cakes wedding,3005
simple small wedding cakes,3004
halloween wedding cakes,3004
best wedding cakes,2982
wedding cakes blue,2915
huge wedding cakes,2831
boho wedding cakes,2783
amazing wedding cakes,2754
unusual wedding cakes,2743
pretty wedding cakes,2727
beach theme wedding cakes,2709
mexican wedding cakes,2600
christmas wedding cakes,2600
simple fall wedding cakes,2580
small wedding cakes one tier,2562
crazy wedding cakes,2496
bling wedding cakes,2493
fall themed wedding cakes,2475
wedding cakes 2 tier,2467
big wedding cakes elegant,2428
elegant wedding cakes romantic,2383
different wedding cakes,2364
classy wedding cakes unique,2343
country wedding cakes rustic,2303
pastel wedding cakes,2247
60th wedding anniversary cakes,2242
individual wedding cakes,3044
50th wedding anniversary cakes gold,2190
brownie wedding cakes,2121
fall wedding cakes rustic,2119
colorful wedding cakes,2098
fun wedding cakes,2328
wedding shower cakes,2086
naked wedding cakes rustic,1837
creative wedding cakes,2054
classic wedding cakes,1976
contemporary wedding cakes,1969
african wedding cakes,1968
autumn wedding cakes,1956
spring wedding cakes,1947
winter wedding cakes,1932
simple wedding cakes 2 tier,1895
costco wedding cakes,1812
blush wedding cakes,1809
cowboy wedding cakes,1766
small fall wedding cakes,1764
wedding mini cakes,1750
white wedding cakes elegant,1740
wedding cakes one tier,1736
little wedding cakes,1734
zulu traditional wedding cakes,1726
heart shape wedding cakes,1693
strawberry wedding cakes,3322
sparkly wedding cakes,1667
carrot cake wedding cakes,1649
two tiered wedding cakes,1640
blue wedding cakes,1637
wedding cakes 3 tier,1622
square wedding cakes simple,1587
multiple wedding cakes,1580
summer wedding cakes,1511
dark wedding cakes,1504
old school wedding cakes,1492
small wedding cakes with cupcakes,1472
two layer wedding cakes,1461
wedding cakes 2026 trends,1415
trending wedding cakes 2026,1399
wedding cakes two tier,1378
wedding cakes rustic,1345
large wedding cakes,1314
mini cakes wedding,1281
brown wedding cakes,1412
heart wedding cakes,1257
individual wedding cakes for each table,1243
cakes for wedding,1281
square wedding cakes elegant,1233
four tier wedding cakes,1223
diamond wedding cakes,1185
luxury wedding cakes,1157
beach wedding cakes,1118
easy wedding cakes,1106
pillow wedding cakes,1079
wedding towel cakes,1078
black and white wedding cakes,1063
wedding cup cakes,1057
skull wedding cakes,1042
winter wonderland wedding cakes,1031
wedding cakes simple elegant romantic,1026
wedding cakes maroon,1010
green wedding cakes,982
wedding cakes with pearls,950
wedding cakes flowers,949
single teir cakes wedding,943
chocolate wedding cakes,935
pink wedding cakes,932
lemon wedding cakes,924
wedding cakes white,856
wedding cakes unique,873
sheet cake wedding cakes,871
wedding cakes aesthetic,826
wedding cakes green,823
simple classy wedding cakes,819
wedding cakes pink,813
tall wedding cakes,790
birch wedding cakes,789
wedding cakes 1 tier,780
wedding cakes with hearts,773
wedding cakes elegant unique,772
red wedding cakes,770
classy wedding cakes romantic,769
plain wedding cakes,767
fake wedding cakes,750
buttercream wedding cakes,740
wedding cakes big,735
wedding cakes gold,651
one tier wedding cakes,710
pearl wedding cakes,710
french wedding cakes,688
mexican wedding cakes cookies,688
wedding cakes purple,682
multiple cakes wedding display,683
gold wedding cakes,662
wedding cakes fall,643
stunning wedding cakes,643
sams club wedding cakes,643
wedding cakes red,642
wedding cakes naked,639
mini cakes for wedding,636
coral wedding cakes,623
champagne wedding cakes,489
gothic wedding cakes,623
sparkle wedding cakes,621
wedding cakes toppers,598
sage green wedding cakes,613
pillow cakes wedding,611
reception cakes wedding,609
aesthetic wedding cakes,609
dark green wedding cakes,588
royal wedding cakes,694
wedding cakes black and white,593
wedding cakes boho,591
trending wedding cakes 2026,1399
fondant wedding cakes elegant,581
succulent wedding cakes,577
wedding cakes floral,572
mini wedding cakes for each table,569
wedding cakes single tier,570
camo wedding cakes,568
cakes wedding elegant,506
half and half wedding cakes,565
geometric wedding cakes,549
wedding cakes elegant romantic gold,546
multiple wedding cakes display,542
latest wedding cakes designs,541
themed wedding cakes,540
floral wedding cakes vintage,475
simple elegant wedding cakes classy,588
beautiful wedding cakes romantic,528
simple wedding cakes with flowers,524
wedding cakes with dogs,523
sunflower wedding cakes,517
minimalist wedding cakes,502
western wedding cakes rustic,500
wedding cakes pearls,496
fondant wedding cakes simple,494
simple elegant wedding cakes 2 tier,485
flower wedding cakes,484
wedding cakes and cupcakes,476
japanese wedding cakes,470
single tier wedding cakes,466
wedding cakes minimalist,466
wedding cakes 2026,463
nigerian traditional wedding cakes african,461
tswana traditional wedding cakes,459
wedding cakes square,456
wedding cakes blue and white,455
wedding cakes modern,446
jewel tone wedding cakes,442
nerdy wedding cakes,441
wedding cakes sage green,438
barn wedding cakes,437
diy wedding cakes,436
wedding cakes white and gold,428
daisy wedding cakes,427
metallic wedding cakes,424
wedding cakes traditional,423
country wedding cakes rustic simple,421
golden wedding cakes 50th anniversary,417
beach themed wedding cakes,417
wedding cakes flavors,413
rustic wedding cakes ideas,413
individual cakes wedding,409
vintage cakes wedding,408
small wedding cakes rustic,402
wedding cakes chocolate,401
wedding invitation cards,337888
hindu wedding invitation cards,58530
wedding cards handmade,54157
muslim wedding cards,49776
wedding thank you cards,41415
unique wedding invitation cards,37648
unique wedding cards,36798
wedding place cards,32260
wedding menu cards,25626
rsvp wedding cards,23811
indian wedding invitation cards,22804
wedding name place cards,22937
wedding cards design,21316
place cards wedding,17898
wedding cards ideas,15227
homemade wedding cards,14790
wedding anniversary cards,13808
name cards wedding,13119
indian wedding cards,13020
wedding thank you cards wording,12976
wedding name cards,12254
wedding cards indian,10370
blank wedding invitation templates cards,8707
cards and gifts table wedding,4941
wedding invitation cards ideas,8371
thank you cards wedding,7579
handmade wedding cards,7569
wedding invitation cards template,7496
simple wedding cards,7342
thank you wedding cards,7313
hindu wedding invitation cards indian style,6898
wedding table name cards,6637
watercolor wedding cards,6074
hindu wedding invitation cards marriage,5753
wedding invation cards,5655
name place cards wedding,5398
diy wedding cards handmade,5357
pakistani wedding cards,5157
indian wedding cards ideas,5101
rsvp wedding cards wording,4985
unique wedding cards creative,4902
sikh wedding invitations cards,4896
table cards wedding,4887
handmade wedding cards ideas,4859
unique place cards wedding,5090
wedding table cards,4799
wedding greeting cards,4671
christian wedding cards invitations,4228
marriage cards design wedding,4047
stampin up wedding cards,4011
wedding anniversary cards handmade,3986
muslim invitation wedding cards,3922
wedding cards images,3849
aesthetic wedding cards,3842
hindu wedding cards,3749
e cards wedding invitation,3689
wedding invitation cards background,3628
malayalam wedding invitation cards,3613
wedding invitation cards indian,3424
stampin up wedding cards ideas,3333
christian wedding cards,3231
south indian wedding invitation cards,3108
wedding inventions cards,3087
creative wedding cards,3079
traditional indian wedding cards,3030
wedding invitation cards design creative,3010
wedding cards handmade simple,2954
wedding menu cards place settings,2947
unique wedding invitation cards creative,2836
thank you wedding cards messages,2272
wedding seating cards,2792
diy wedding cards,2785
wedding day cards,2765
wedding table place cards,2747
creative place cards wedding,2738
menu cards wedding,2734
indian wedding invitation cards design hindus,2702
menu wedding cards,2545
indian wedding invitation cards unique,2498
shadi cards wedding invitations,2416
quotes for wedding cards invitation,2412
latest wedding cards design indian,2367
unique wedding cards indian,2333
wedding shower cards handmade,2328
funny wedding cards,2234
vintage wedding cards,2204
wedding boxes for cards,2201
christian wedding cards design,2173
detail cards for wedding invites,2153
watercolour wedding cards,2034
wedding advice cards,1998
wedding cards handmade congratulations,1986
punjabi wedding cards invitations,1970
gujarati wedding invitations cards,1966
wedding shower cards,1932
barat cards wedding invitations,1916
bengali wedding invitation cards,1901
diy wedding cards congratulations,1882
wedding invitation cards video,1871
golden wedding anniversary cards,1864
wedding playing cards,1814
rsvp cards wedding,1769
diamond wedding anniversary cards,1761
seating cards wedding,1729
save the date cards wedding,1699
wedding cards background design,1658
wedding thank you cards wording messages,1635
wedding cards background,1614
diy wedding name place cards,1611
wedding wishes cards,1527
best wedding cards designs,1524
what to do with wedding cards,1507
indian wedding cards handmade,1506
happy wedding anniversary cards,1505
wedding e cards invitation ideas,1444
wedding place cards with meal choice,1430
indian wedding invitation cards template,1394
diy wedding place cards,1353
kerala wedding invitation cards,1325
wedding announcement cards,1280
simple wedding cards indian,1280
wedding cards simple,1271
wedding invitation cards ideas unique,1270
wedding greeting cards handmade,1394
50th wedding anniversary cards,1257
name cards for wedding,1216
wedding cards template,1209
cards for wedding,1194
wedding invitation cards elegant,1173
thank you cards for wedding,1106
wedding sentiments for cards,1076
nigerian wedding invitation cards,1056
creative wedding invitation cards indian,1050
wedding anniversary greeting cards,1036
mehndi cards wedding invitations,1027
wedding cards in hindi,1025
cards and gifts sign wedding,1016
islamic wedding cards invitations,1000
cards sign wedding,996
unique wedding invitation cards simple,976
wedding anniversary invitation cards,974
wedding cards keepsake,968
wedding table menu cards,967
wedding cards handmade marriage,942
deck of cards wedding guest book,912
wedding invitation cards christian,888
table name cards wedding,865
wedding guest name cards,834
elegant wedding cards,820
cricut wedding cards,807
beautiful wedding invitation cards,800
wedding detail cards,766
simple wedding cards invitation,761
wedding wishes cards handmade,739
wedding inventions cards design,737
wedding gift thank you cards wording,726
cute wedding cards,721
wedding anniversary cards for parents,706
wedding invitation cards marathi,691
royal wedding cards,681
latest wedding invitation cards,682
wedding verses for cards,640
unique wedding place cards,673
wedding cards template design,669
wedding invitation cards with photo,665
beautiful wedding cards design,655
wedding cards digital,650
royal wedding invitation cards,649
wedding name place cards ideas,643
e cards wedding invitation videos,641
wedding rsvp cards with qr code,635
latest wedding cards design,635
pakistani wedding invitations cards,624
box for wedding cards,624
simple wedding invitation cards,623
indian wedding cards ideas unique,618
napkin folding ideas wedding menu cards,618
homemade wedding cards ideas,616
marathi wedding cards design,799
desi wedding cards,607
unique name cards wedding,612
wedding dinner menu cards,609
place cards wedding display,518
traditional wedding invitation cards,607
wedding cards design templates,602
cards box wedding,599
watercolor wedding cards handmade,598
table place cards wedding,594
tamil wedding cards design,594
silver wedding cards,590
rajput wedding invitation cards,583
placement cards wedding,580
wedding cards sign,555
playing cards wedding,573
simple wedding cards design,558
hindu wedding invitation cards template,567
muslim wedding cards wordings,561
minimal wedding cards,561
wedding name cards table,559
wedding cards box ideas,554
sikh wedding cards invitations,552
wedding menu and name cards,546
wedding invitation cards blue,512
wedding guest cards,541
wedding table menu cards place settings,531
thank you cards for wedding guests,531
place cards for wedding,520
sindhi wedding invitation cards,519
wedding placement cards,515
unique wedding name place cards,514
handmade wedding cards ideas simple,514
rsvp wedding cards wording text,503
cute wedding cards ideas,503
sample of wedding invitation cards,499
wedding quotes for invitations cards,499
wedding cards and gifts sign,495
wedding deck of cards,488
wedding day cards handmade,488
indian wedding cards ideas hindus,474
aesthetic wedding invitation cards,470
funny wedding anniversary cards,468
floral wedding cards,465
cards table wedding,465
wedding table name cards place settings,464
guest cards wedding,464
wedding reception cards,460
wedding thank you cards wording messages simple,459
vintage wedding cards invitation,451
cards wedding sign,452
wedding invitation cards green,451
advice cards wedding,448
telugu wedding cards designs,446
luxury wedding cards,440
wedding place cards ideas,437
deck of cards wedding favor,436
wedding invitation cards online,433
bapu bommalu wedding cards,431
arab wedding invitations cards,431
vintage wedding invitation cards,422
invitation cards wedding,422
urdu wedding cards design,420
wedding menu cards on table,420
50th wedding anniversary cards handmade,413
diy wedding cards handmade simple,402
hand made wedding cards,420
premium wedding cards,430
wedding table centerpieces,100158
simple wedding centerpieces,70149
round table centerpieces wedding,61221
rustic wedding centerpieces,33610
fall wedding centerpieces,26918
candle centerpieces wedding,23888
table centerpieces wedding,23319
wedding centerpieces ideas,19839
diy wedding centerpieces,18785
diy centerpieces wedding,13334
candle wedding centerpieces,13119
boho wedding centerpieces,12613
tall wedding centerpieces,12211
wedding flowers centerpieces,13239
greenery wedding centerpieces,10454
floating candles wedding centerpieces,10073
pastel wedding centerpieces,9216
fall centerpieces wedding,8889
wedding centerpieces elegant,8586
wedding floral centerpieces,8567
christmas wedding centerpieces,8399
winter wedding centerpieces,7629
simple wedding table centerpieces,7469
candelabra wedding centerpieces,7456
wedding candle centerpieces,7317
floral centerpieces wedding,6927
boho centerpieces wedding,6848
simple wedding centerpieces round tables,6149
hydrangea wedding centerpieces,5598
flower centerpieces wedding,5992
rectangle table centerpieces wedding,5935
wood centerpieces wedding,5870
cheap wedding centerpieces,5642
floating candle centerpieces wedding,5576
western wedding centerpieces,5545
book wedding centerpieces,5508
wedding reception centerpieces,5969
fall wedding centerpieces diy,5411
candle centerpieces wedding round table,5188
woodland wedding centerpieces,5112
beach wedding centerpieces,5079
spring wedding centerpieces,4855
wedding centerpieces flowers,4869
blush pink wedding centerpieces,4626
wedding centerpieces candles,4558
easy wedding centerpieces,4519
wedding centerpieces round table,4509
october wedding centerpieces,4491
black and white wedding centerpieces,4469
non floral wedding centerpieces,4439
wedding table centerpieces elegant,4395
ikebana wedding centerpieces,4394
round table wedding centerpieces,4350
wine bottle centerpieces for wedding,4344
non flower centerpieces wedding,4264
purple wedding centerpieces,4252
tropical wedding centerpieces,4240
burgundy wedding centerpieces,4199
round table centerpieces wedding elegant,4154
pumpkin centerpieces wedding,4134
mexican wedding centerpieces,4042
vintage wedding centerpieces,3961
diy wedding table centerpieces,3952
long table wedding centerpieces,3929
mason jar wedding centerpieces,3920
white wedding flowers centerpieces,3912
orchid centerpieces wedding,3904
blue wedding centerpieces,3757
unique wedding centerpieces,3719
round table centerpieces wedding simple,3646
fruit centerpieces wedding,3503
summer wedding centerpieces,3471
sunflower centerpieces wedding,3427
lantern wedding centerpieces,3105
wedding flower centerpieces,3414
white wedding centerpieces,3405
succulent wedding centerpieces,3317
simple wedding centerpieces diy,3275
dollar tree wedding centerpieces,3275
starry night wedding centerpieces,3170
cheap wedding table centerpieces,3158
flowerless wedding centerpieces,3026
orchid wedding centerpieces,3020
travel theme wedding centerpieces,2908
tall floral centerpieces wedding,2958
candle only centerpieces wedding,2783
december wedding centerpieces,2733
diy wedding centerpieces on a budget,2708
peonies wedding centerpieces,2702
lavender wedding centerpieces,2697
centerpieces wedding round table,2665
modern wedding centerpieces,2599
colorful wedding centerpieces,2570
wedding centerpieces simple,2569
wedding reception tables centerpieces,2528
small wedding centerpieces,2499
cheap wedding centerpieces diy,2487
celestial wedding centerpieces,2422
simple wedding centerpieces long tables,2415
winter wedding table centerpieces,2392
country wedding centerpieces,2389
terracotta wedding centerpieces,2380
gothic wedding centerpieces,2362
halloween wedding centerpieces,2356
rustic wedding decor centerpieces,2327
wedding shower centerpieces,2299
flameless candles wedding centerpieces,2292
beach wedding table centerpieces,2239
pink wedding centerpieces,2055
glass cylinder centerpieces wedding,3650
boho wedding centerpieces round table,2230
simple elegant wedding centerpieces,2222
centerpieces for wedding,2218
white and green wedding centerpieces,2193
orange wedding centerpieces,2164
pampas centerpieces wedding,2156
barn wedding centerpieces,2150
red wedding centerpieces,2136
tall candle centerpieces wedding,2131
wedding lantern centerpieces,2130
coastal wedding centerpieces,2122
dusty blue centerpieces wedding,2119
table centerpieces for wedding,2107
tree centerpieces wedding,2106
elegant centerpieces wedding,2097
disney wedding centerpieces,2057
navy blue wedding centerpieces,2047
gold wedding centerpieces,2037
wedding table centerpieces diy,2026
rustic fall wedding centerpieces,2009
minimalist wedding centerpieces,2001
tropical centerpieces wedding,1986
jewel tone wedding centerpieces,1633
long table centerpieces wedding,1970
white floral centerpieces wedding,1966
tulip wedding centerpieces,1940
50 wedding anniversary centerpieces,1935
white and greenery wedding centerpieces,1904
plant centerpieces wedding,1901
burgundy and blush wedding centerpieces,1890
simple centerpieces wedding,1877
inexpensive wedding centerpieces,1870
floral wedding centerpieces,1858
simple fall wedding centerpieces,1845
autumn wedding centerpieces,1843
green wedding centerpieces,1843
baby breath wedding centerpieces,1840
unique wedding table centerpieces,1830
wedding table centerpieces flowers,1995
blue centerpieces wedding,1829
colorful centerpieces wedding,1826
rustic wedding centerpieces diy,1824
moody wedding centerpieces,1811
dusty blue wedding centerpieces,1810
spring wedding flowers centerpieces,1804
white flower centerpieces wedding,1802
thrifted wedding centerpieces,1805
tall wedding centerpieces elegant,1793
dahlia wedding centerpieces,1776
wedding diy centerpieces,1770
50th wedding anniversary centerpieces,1749
diy table centerpieces wedding,1741
daisy wedding centerpieces,1726
simple table centerpieces wedding,1720
black and white centerpieces wedding,1719
branch centerpieces wedding,1690
enchanted forest wedding centerpieces,1677
rustic wedding table centerpieces,1663
low centerpieces wedding,1661
antler wedding centerpieces,1625
easy centerpieces wedding,1608
driftwood wedding centerpieces,1605
wedding centerpieces with candles,1604
candle centerpieces wedding long table,1602
potted plant centerpieces wedding,1598
wedding vase centerpieces,1595
peacock wedding centerpieces,1575
dusty blue wedding theme centerpieces,1566
nautical wedding centerpieces,1553
indian wedding centerpieces,1547
lilac wedding centerpieces,1541
low wedding centerpieces,1526
centerpieces fall wedding,1516
simple candle centerpieces wedding,1513
crystal centerpieces wedding,1503
blue hydrangea wedding centerpieces,1496
simple wedding centerpieces diy budget,1484
sage green wedding centerpieces,1477
black wedding centerpieces,1468
small centerpieces wedding,1397
white rose wedding centerpieces,1459
photo centerpieces wedding,1450
garden wedding centerpieces,1449
luxury wedding centerpieces,1448
wedding table centerpieces candles,1427
fall wedding table centerpieces,1427
winter wedding centerpieces elegant,1411
affordable wedding centerpieces,1453
harry potter wedding centerpieces,1376
dried flowers wedding centerpieces,1364
wedding round table centerpieces,1347
winter wonderland wedding centerpieces,1344
minimal wedding centerpieces,1341
centerpieces wedding diy,1335
centerpieces wedding simple,1333
diy wedding decorations centerpieces,1333
winter wedding flowers centerpieces,1328
yellow wedding centerpieces,1302
balloon centerpieces wedding,1294
pampas grass wedding centerpieces,1276
round wedding table centerpieces,1264
sage green centerpieces wedding,1258
fairy lights wedding centerpieces,1254
baby's breath centerpieces wedding,1252
white flower wedding centerpieces,1247
wedding centerpieces rustic,1242
tall vase wedding centerpieces,1240
outdoor wedding centerpieces,1237
art deco wedding centerpieces,1206
food centerpieces wedding,1244
budget friendly wedding centerpieces,1196
wedding decorations table centerpieces,1195
pearl wedding centerpieces,1192
simple greenery wedding centerpieces,1186
black centerpieces wedding,1156
minimalist wedding table decor simple centerpieces,1155
bud vases wedding centerpiece long table centerpieces,1153
elegant wedding centerpieces,1152
rose centerpieces wedding,1139
wedding centerpieces mason jars,1122
cherry blossom wedding centerpieces,1111
wedding centerpieces no flowers,1069
black and gold wedding centerpieces,1059
simple wedding flowers centerpieces,1052
round centerpieces wedding,1045
dark wedding centerpieces,873
lantern centerpieces wedding,1026
easy wedding centerpieces diy,977
wedding centerpieces fall,975
tall centerpieces wedding,969
forest wedding centerpieces,961
purple wedding flowers centerpieces,958
blush wedding centerpieces,954
wedding centerpieces long tables,921
nye wedding centerpieces,908
classic wedding centerpieces,902
blue and white wedding centerpieces,883
simple rustic wedding centerpieces,839
wedding table centerpieces simple,854
no flower wedding centerpieces,853
pink centerpieces wedding,848
wedding centerpieces without flowers,845
candles wedding centerpieces,838
wedding table candle centerpieces,833
simple flower centerpieces wedding,824
red centerpieces wedding,815
mirror wedding centerpieces,549
blush pink and sage green wedding flowers centerpieces,800
disney centerpieces wedding,798
november wedding centerpieces,736
wedding cake centerpieces,789
candle and flower centerpieces wedding,788
calla lily centerpieces wedding,834
silver wedding centerpieces,773
fall wedding centerpieces with pumpkins,765
western wedding table centerpieces,755
wedding table flower centerpieces,755
cheap centerpieces wedding,697
coral wedding centerpieces,748
white roses wedding centerpieces,745
fruit wedding centerpieces,742
long centerpieces wedding,742
dusty rose centerpieces wedding,742
beach theme wedding centerpieces,741
peony wedding centerpieces,738
wedding table centerpieces rustic,738
beach wedding centerpieces diy,737
fairytale wedding centerpieces,664
pastel centerpieces wedding,735
fall wedding centerpieces round table,734
fall wedding flowers centerpieces,734
pastel wedding flowers centerpieces,729
fall centerpieces for table wedding,724
centerpieces wedding long table,723
summer wedding flowers centerpieces,715
blue and white centerpieces wedding,712
creative wedding centerpieces,709
easy diy centerpieces wedding,703
navy and burgundy wedding centerpieces,678
winter centerpieces wedding,659
edible centerpieces wedding,567
wedding ideas centerpieces,658
classy wedding centerpieces,657
backyard wedding centerpieces,653
wedding centerpieces for round tables,644
cactus wedding centerpieces,639
wildflower wedding centerpieces,637
diy wedding flower centerpieces,633
september wedding centerpieces,630
fall table centerpieces wedding,626
candlestick wedding centerpieces,620
round table centerpieces wedding simple centre pieces,619
black tablecloth wedding centerpieces,730
wedding centerpieces ideas round table,613
royal blue wedding theme centerpieces,609
wedding centerpieces tall,607
baby’s breath and greenery wedding centerpieces,606
wedding tall centerpieces,606
butterfly wedding centerpieces,603
rustic boho wedding centerpieces,599
wine glass centerpieces for wedding,599
circle table wedding decor centerpieces,598
bottle centerpieces wedding,597
wedding centerpieces rectangle table,593
wooden centerpieces wedding,592
diy tall centerpieces wedding,591
wedding centerpieces bud vases,587
wedding flowers table centerpieces,586
crystal candelabra wedding centerpieces,586
candle wedding centerpieces round tables,584
budget wedding centerpieces,582
christmas wedding table centerpieces,582
wedding centerpieces diy rustic,574
wedding centerpieces greenery,540
white roses centerpieces wedding,571
navy wedding centerpieces,571
amber vases wedding centerpieces,569
no floral wedding centerpieces,565
moody centerpieces wedding,530
wedding simple centerpieces,562
diy wedding centerpieces elegant,558
wedding centerpieces candles and flowers,556
round table centerpieces wedding simple floral arrangements,556
candle stick centerpieces wedding,555
low centerpieces wedding round table,555
cinderella wedding centerpieces,553
wedding centerpieces blue,552
royal blue silver and white wedding centerpieces table decorations,546
lily wedding centerpieces,541
circle centerpieces wedding,538
wedding decor centerpieces,537
carnation wedding centerpieces,462
diy fall wedding centerpieces,532
sage centerpieces wedding,530
modern centerpieces wedding,527
centerpieces wedding candles,527
picture wedding centerpieces,526
peach wedding centerpieces,525
simple floral centerpieces wedding,517
goth wedding centerpieces,517
wedding centerpieces floating candles,516
woodsy wedding centerpieces,515
italian ruscus wedding centerpieces,512
non floral centerpieces wedding,511
unique wedding centerpieces diy,511
red rose wedding centerpieces,509
vase wedding centerpieces,492
gothic centerpieces wedding,507
inexpensive wedding table centerpieces,505
tall candles wedding centerpieces,504
boho wedding decorations centerpieces,502
simple diy wedding centerpieces,499
dollar store wedding centerpieces,499
wedding table centerpieces round tables,495
milk glass wedding centerpieces,576
wedding guest table centerpieces,488
cupcake centerpieces wedding,486
plant wedding centerpieces,455
white wedding centerpieces elegant,477
elegant fall wedding centerpieces,895
diy flower centerpieces wedding,450
glass wedding centerpieces,473
wine bottle centerpieces for wedding diy,469
wedding centerpieces lanterns,464
hacienda wedding decor centerpieces,463
rustic table centerpieces wedding,461
easy wedding table centerpieces,460
teal wedding centerpieces,457
centerpieces wedding fall,456
neutral wedding centerpieces,456
burnt orange centerpieces wedding,455
winter wedding centerpieces round table,453
blue wedding theme centerpieces,451
table centerpieces wedding simple,449
photo wedding centerpieces,407
centerpieces for wedding tables,440
elevated centerpieces wedding,439
picture centerpieces wedding,439
candle table centerpieces wedding,437
green and white centerpieces wedding,437
rose gold wedding centerpieces,437
black tie wedding centerpieces,436
tropical wedding flowers centerpieces,434
dusty blue wedding theme table settings centerpieces,429
whimsical garden wedding centerpieces,421
wedding centerpieces with pictures,405
black and white wedding table centerpieces,421
wedding centerpieces white,420
wedding rustic centerpieces,419
plum wedding centerpieces,418
emerald green wedding centerpieces,418
wedding long table centerpieces,416
spring wedding table centerpieces,414
western centerpieces wedding,414
wedding fall centerpieces,413
simple boho centerpieces wedding,412
vineyard wedding centerpieces,412
spring wedding flowers centerpieces table arrangements,410
light blue wedding centerpieces,410
dollar tree wedding centerpieces table decorations easy diy,409
wedding centerpieces boho,408
tall wedding centerpieces diy,408
rose gold centerpieces wedding,407
blue hydrangea centerpieces wedding,403
wedding mason jar centerpieces,402
spring centerpieces wedding,402
wedding centerpieces pink,402
blue wedding flowers centerpieces,417
wedding table decorations,305588
wedding stage decorations,142687
diy wedding decorations,103593
home wedding decorations,85769
simple wedding decorations,73432
wedding car decorations,64259
wedding decorations indoor,61084
car decorations for wedding,55977
wedding reception decorations,53347
aisle decorations wedding,47452
wedding decorations indian,42149
wedding night room decorations,39172
outdoor wedding decorations,37465
wedding ceremony decorations,34538
boho wedding decorations,33976
head table wedding decorations,33966
table decorations wedding,30079
stage decorations wedding,29424
wedding hall decorations,29261
hindu wedding decorations,26968
indian wedding decorations,26936
wedding room decorations,23738
wedding venue decorations,25716
wedding chair decorations,22232
barn wedding decorations,21937
wedding aisle decorations outdoor,17648
wedding decorations elegant,17254
wedding tent decorations,16488
wedding ceiling decorations,17019
wedding decorations outdoor,17741
garden wedding decorations,11470
wedding decorations on a budget,15724
wedding flower decorations,15433
red wedding decorations,15408
wedding balloon decorations,15063
dream wedding decorations,14726
round wedding table decorations,14350
beach wedding decorations,13284
wedding diy decorations,12915
blue wedding decorations,11111
fall wedding decorations,10979
wedding shower decorations,10804
wedding night room decorations romantic,10694
wedding decorations ideas,10499
indoor wedding decorations,10323
black wedding decorations,9609
wedding table decorations round tables,9360
winter wedding decorations,9354
royal blue wedding decorations,9153
church decorations wedding,8955
gazebo wedding decorations,8925
wedding anniversary decorations at home,8801
pew decorations wedding,8538
50th wedding anniversary decorations,8506
wedding stage decorations elegant,8425
wedding cake table decorations,8244
simple wedding decorations indoor,7398
christmas wedding decorations,8140
white wedding decorations,8094
indoor wedding reception decorations,7859
wedding room decorations romantic,7841
wedding house decorations indian,7764
gold and white wedding decorations,7755
wedding stage decorations indian,7626
wedding door decorations,7568
grand wedding stage decorations,7442
vintage wedding decorations,7355
isle decorations wedding,7210
table wedding decorations,6906
wedding decorations indoor elegant,6717
wedding round table decorations,6693
muslim wedding decorations,6651
church wedding decorations aisle,6595
simple wedding table decorations,6508
pearl wedding decorations,6478
purple wedding decorations,5514
low budget wedding decorations,6172
home wedding decorations indoor,6146
simple church wedding decorations,6124
elegant wedding decorations,6091
red wedding decorations elegant,5830
wedding anniversary decorations,5723
yellow wedding decorations,5697
outdoor wedding decorations indian,5532
wedding hall decorations indian,5437
wedding long table decorations,5377
sunflower wedding decorations,5331
christian wedding decorations,5319
simple wedding decorations indian,5318
elegant beach wedding decorations,4967
western wedding decorations,5224
wedding card decorations,3699
wedding car decorations ideas simple,5249
church wedding decorations elegant,5208
spring wedding decorations,5191
wedding house decorations,5122
wedding fireplace decorations,4923
25th wedding anniversary decorations,5023
black and gold wedding decorations,4985
pool wedding decorations,4973
wedding wall decorations,4476
wedding altar decorations,4932
dusty blue wedding decorations,4931
winter wedding table decorations,4925
wedding table decorations elegant,4844
wedding pew decorations,4616
decorations for wedding,4773
wedding aisle decorations indoor,4771
simple aisle decorations wedding,4725
wedding hall entrance decorations,4639
backyard wedding decorations,8183
small church wedding decorations,4432
wedding pool party decorations,4432
wedding stage decorations indian traditional,4403
simple table decorations wedding,4363
indian wedding decorations receptions,4347
boho wedding table decorations,4317
simple wedding stage decorations,4303
wedding room decorations ideas bedrooms,4288
korean wedding decorations,4271
cheap wedding decorations,4265
lavender wedding decorations,4179
colorful wedding decorations,4178
car decorations for wedding indian,4176
romantic vintage wedding decorations,4167
diy rustic wedding decorations,4153
outside wedding decorations,4116
autumn wedding decorations,4105
outdoor wedding ceremony decorations,4101
wedding cake decorations,4315
civil wedding decorations,4081
cheap diy wedding decorations,4042
background wedding decorations,4034
diy wedding decorations on a budget,3981
wedding chapel decorations,3963
entry decorations wedding,3953
open stage decorations wedding,3936
country wedding decorations,3911
green wedding decorations,3851
church pew wedding decorations,3819
wedding rehearsal dinner decorations,3785
lilac wedding decorations,3762
simple stage decorations wedding indian,3742
star wars wedding decorations,3731
navy blue wedding decorations,4052
simple indian wedding decorations,3644
chapel wedding decorations,3633
medieval wedding decorations,3606
church entrance wedding decorations,3567
dollar tree wedding decorations,3562
60th wedding anniversary decorations,3545
wedding reception stage decorations,3539
small wedding decorations,3535
wedding party decorations,3506
church wedding decorations aisle entrance,3485
long wedding table decorations,3479
wedding table decorations candles,3432
wedding tree decorations,2977
pergola wedding decorations,3350
outdoor night wedding decorations,3333
colourful wedding decorations,3374
whimsical wedding decorations,3314
antique wedding decorations,3297
simple wedding reception decorations,3235
wedding stage decorations elegant classy,3153
easy diy wedding decorations,3211
rukhvat wedding decorations,3204
homemade wedding decorations,3200
italian wedding decorations,3197
stage decorations wedding receptions,3192
home wedding decorations indian,3183
simple church wedding decorations aisle,3181
wedding gazebo decorations outdoor,3179
wedding hall decorations luxury,3178
tent wedding decorations,3174
diy fall wedding decorations,3159
ribbon wedding decorations,3148
purple wedding reception decorations,3136
pastel wedding decorations,3120
tulle wedding decorations,3120
wedding reception table decorations,3103
folding chair decorations wedding,3098
tree decorations outdoor wedding,3072
luxury wedding decor reception decorations,3059
wedding decorations flowers,3291
wedding reception stage decorations backdrops,2993
wood wedding decorations,2985
ceiling decorations wedding,2968
rustic wedding decorations,2966
gothic wedding decorations,2947
wedding ceremony decorations church,2935
reception wedding decorations indoor,2891
wedding table decorations simple,2878
easy wedding decorations,2878
hanging wedding decorations,2872
pumpkin wedding decorations,3023
house wedding decorations,2805
outdoor aisle decorations wedding,2788
woodsy wedding decorations,2788
hindu wedding decorations indian theme,2781
wedding decorations blue,2777
light blue wedding decorations,2755
wedding hall decorations simple,2743
floral decorations wedding,2743
pink wedding decorations,2726
aisle decorations wedding outdoor,2357
wedding venue decorations indoor,2688
cake table wedding decorations,2660
wildflower wedding decorations,2659
orange wedding decorations,2657
indian wedding venue decorations,2655
turquoise wedding decorations,2601
gold wedding decorations,2601
earthy wedding decorations,2600
glamour wedding decorations,2546
wedding chairs decorations,2542
silver wedding decorations,2541
black wedding decorations classy,2510
table decorations for wedding,2502
wedding decorations indian stage,2482
wedding bows decorations,2461
catholic church wedding decorations,2461
simple wedding stage decorations indoor,2457
church wedding decorations aisle altars,2449
royal wedding decorations,2443
simple wedding decorations outdoor,2424
peach wedding decorations,2422
silver wedding anniversary decorations,2373
wedding stage decorations simple,2358
red gold wedding decorations,2355
hall wedding decorations,2345
balloon wedding decorations,2339
simple wedding decorations ideas,2307
wedding anniversary party decorations,2299
teal wedding decorations,2627
wedding outside decorations,2296
red and black wedding decorations,2289
wedding decorations reception,2250
burgundy wedding decorations,2247
mexican wedding decorations,2245
black and red wedding decorations,2239
autumn wedding table decorations,2428
fall wedding table decorations,2220
fall wedding aisle decorations,2219
wedding bar decorations,2209
wedding bottle decorations,2203
lake wedding decorations,2193
baby blue wedding decorations,2329
goth wedding decorations,2183
wedding reception decorations table,2181
stage wedding decorations,2178
wedding chair decorations diy,2168
wedding table decorations rustic,2166
wedding decorations green,2161
sea wedding decorations,2152
forest wedding decorations,2150
south indian wedding decorations,2132
pool decorations for wedding,2130
25th wedding anniversary party ideas decorations,2125
pink and white wedding decorations,2122
wedding table decorations blue,2119
wedding ceremony decorations outdoor,2109
head table decorations wedding,2108
wedding decorations white,2082
head table wedding decorations elegant,2075
enchanted forest wedding decorations,2062
indian wedding car decorations,2056
red and gold wedding decorations,2040
crochet wedding decorations,2039
church pew decorations wedding,2032
simple rustic wedding decorations,2019
magenta wedding decorations,2016
halloween wedding decorations,2012
fairytale wedding decorations,2722
peacock wedding decorations,2005
wedding reception entrance decorations,1994
cowboy wedding decorations,1990
black and white wedding decorations,1981
indian wedding mandap decorations,1975
elegant wedding reception decorations,1972
church altar decorations wedding,1956
classic wedding decorations,1945
butterfly wedding decorations,1766
traditional wedding decorations,1939
beach wedding ideas decorations,1932
wedding gift table decorations,1904
minimalist wedding decorations,1904
white and red wedding decorations,1891
wedding decorations pink,1888
head table wedding decorations simple,1879
wedding decorations luxury,1878
aisle decorations wedding indoor,1872
wedding ceremony decorations indoor,1869
wedding pillar decorations,1866
wedding decorations red,1975
outdoor wedding reception decorations,1853
outdoor wedding decorations indian night,1825
budget wedding decorations,1823
fall wedding decorations receptions,1815
simple wedding stage decorations indian,1812
wedding pool decorations,1807
white and silver wedding decorations,1805
wedding room decorations pakistani,1804
navy blue and silver wedding decorations,1798
winery wedding decorations,1797
wedding decorations indoor simple,1786
wedding minimalist decorations,1783
sage green wedding decorations,1781
dusty rose wedding decorations,1775
simple wedding decorations reception,1773
wedding decorations stage,1771
flower decorations wedding,1766
vietnamese wedding decorations,1765
november wedding decorations,1758
rustic barn wedding decorations,1918
diy wedding table decorations,1750
boho wedding decorations table,1736
cake table decorations wedding,1717
disney wedding decorations,1713
rustic country wedding decorations,1712
wedding dance floor decorations,1711
art deco wedding decorations,1705
wedding decorations at home,1699
beauty and the beast wedding decorations,1679
elegant wedding decorations receptions,1677
simple wedding church decorations,1674
maroon wedding decorations,1673
diy wedding decorations ideas,1672
wedding ceremony chair decorations,1669
hall decorations for wedding,1664
wedding rectangle table decorations,1664
wedding car decorations ideas,1656
rose gold wedding decorations,1649
retro wedding decorations,1639
wedding gazebo decorations,1630
wedding food table decorations,1697
lavender wedding theme table decorations,1607
wedding shower ideas decorations,1604
winter wedding decorations elegant,1596
isle decorations wedding outdoor,1588
beach wedding decorations reception,1577
beach wedding table decorations,1566
wedding pew decorations church,1561
buddhist wedding decorations,1558
burgundy and gold wedding decorations,1878
wedding barn decorations,1552
wedding venue decorations indoor elegant,1547
40th wedding anniversary decorations,1519
outdoor wedding aisle decorations,1513
wedding walkway decorations,1506
coral wedding decorations,1498
boat wedding decorations,1392
september wedding decorations,1489
garden theme wedding decorations,1487
wedding party table decorations,1481
flower wedding decorations,1467
wedding night bedroom decorations,1463
unique wedding decorations,1460
beach wedding reception decorations,1449
wedding balloon decorations receptions,1441
wedding pergola decorations,1428
diy aisle decorations wedding,1426
wedding shower table decorations,1424
50th wedding anniversary party ideas decorations,1424
wedding day decorations,1423
burlap wedding decorations,1418
ideas for wedding decorations,1401
royal blue and gold wedding decorations,1392
couples wedding shower decorations,1388
punjabi wedding decorations,1379
gate decorations wedding,1363
church wedding ceremony decorations,1358
wedding ideas table decorations,1356
wedding decorations purple,1298
korean wedding decorations indoor,1250
fall wedding ideas decorations,1321
chair wedding decorations,1320
wedding aisle decorations church,1314
brewery wedding decorations,1313
floral wedding decorations,1304
harry potter wedding decorations,1301
feather wedding decorations,1296
farm wedding decorations,1669
fairy tale wedding decorations,1268
home wedding decorations indoor indian,1267
castle wedding decorations,1257
pavilion wedding decorations,1241
wedding decorations colorful,1237
rainbow wedding decorations,1231
chair decorations wedding,1214
wedding decorations garden,1203
tent decorations wedding,1182
wedding decorations beach,1133
small wedding table decorations,1161
black and burgundy wedding decorations,1148
diy boho wedding decorations,1140
wedding decorations balloons,1136
rose gold wedding decorations receptions,1118
diy simple wedding decorations,1118
wedding decorations aesthetic,1110
wedding balloons decorations,1106
balloon decorations wedding,1100
wedding arbor decorations,1105
wedding shower decorations ideas,1086
stage decorations for wedding,1068
wedding reception decorations indoor,1068
terracota wedding decorations,981
umbrella decorations wedding,1061
aisle chair decorations wedding,1058
winter wonderland wedding decorations,1045
crystal wedding decorations,861
simple wedding night room decorations,1029
railing decorations for wedding,1028
wedding table decorations green,1028
wedding top table decorations,1019
country wedding table decorations,1012
kerala wedding decorations,998
art nouveau wedding decorations,996
flower decorations for wedding,994
indoor stage decorations wedding,992
indoor decorations wedding,990
arbor decorations wedding,987
wedding hanging decorations,974
25th wedding anniversary decorations indian,968
blue and silver wedding decorations,953
outdoor wedding table decorations,951
chapel decorations wedding,897
diy wedding decorations indian,927
head table wedding decorations rustic,926
high table decorations wedding,923
house decorations for wedding,907
new years eve wedding decorations,913
wedding umbrella decorations,909
long table decorations wedding,895
wedding window decorations,894
wedding church decorations catholic,888
25 wedding anniversary decorations,879
wedding stage decorations outdoor,872
stage decorations wedding simple,956
wedding aisle decorations outdoor simple,869
morning wedding decorations,869
diy wedding reception decorations,868
rustic diy wedding decorations,849
isle wedding decorations,845
garden wedding ceremony decorations,843
wedding canopy decorations,838
christmas wedding decorations receptions,837
simple indoor wedding decorations,832
western wedding ideas decorations,714
wedding decorations candles,831
wedding table decorations pink,828
wedding church decorations aisle,825
calla lily wedding decorations,824
fruit decorations wedding,822
diy outdoor wedding decorations,817
wedding decorations round table,816
altar decorations wedding,815
church wedding aisle decorations,808
diy home wedding decorations,807
wedding table decorations purple,804
ceiling wedding decorations,801
wedding guest book table decorations,791
wedding decorations entrance,790
wedding kalash decorations,786
wedding reception ceiling decorations,784
afghan wedding decorations,782
wedding decorations colors,774
altar wedding decorations church,774
indoor wedding decorations indian,773
emerald green wedding decorations,763
wedding church aisle decorations,762
wedding decorations lights,691
blue and gold wedding decorations,758
indoor wedding decorations elegant,757
outdoor wedding stage decorations,756
fuschia wedding decorations,755
gatsby wedding decorations,752
tiffany blue wedding decorations,747
skull wedding decorations,747
indian wedding tent decorations,737
black car decorations for wedding,736
great gatsby wedding decorations,734
table decorations wedding simple,733
wedding table decorations round,735
simple diy wedding decorations,727
wedding ribbon decorations,714
round table decorations wedding,713
wedding decorations for home,712
paper wedding decorations,703
fall wedding shower decorations,701
camo wedding decorations,700
woodland wedding decorations,698
mauve wedding decorations,693
wedding lawn decorations indian,693
wedding table decorations flowers,692
purple decorations wedding,712
wedding ceiling decorations draping,679
royal wedding decorations indian,678
wedding night hotel room decorations,676
wedding bedroom decorations,674
wedding decorations outside,673
rustic church wedding decorations,671
outside wedding ceremony decorations,671
wedding decorations hall,671
simple church decorations wedding,669
nepali wedding decorations,668
simple wedding shower decorations,661
wedding venue decorations outdoor,659
umbrella wedding decorations,657
diy wedding aisle decorations,653
aisle decorations wedding church,648
golden wedding anniversary decorations,648
pew wedding decorations,645
outdoor wedding flower decorations,644
church wedding altar decorations,600
wedding decorations black,633
wedding dinner decorations,632
outdoor garden wedding decorations,549
wedding table decorations long tables,630
country wedding ideas decorations,627
simple elegant wedding decorations reception ideas,515
wedding decorations gold,623
wall wedding decorations,621
low budget wedding decorations diy,621
round wedding table decorations elegant,616
wedding decorations green and white,615
door decorations for wedding,610
door decorations wedding,605
wedding table decorations white,604
wedding decorations blue and white,603
cross decorations for wedding,602
wedding decorations indian home,600
winter wedding reception decorations,599
wedding decorations videos,677
wedding chair decorations ceremony,592
wedding getaway car decorations,614
diy church wedding decorations,591
chocolate decorations for wedding,590
rustic aisle decorations wedding,589
wedding diy decorations cheap,588
wedding decorations checklist,588
indoor wedding reception decorations indian,585
purple and gold wedding decorations,583
pink and gold wedding decorations,582
diy winter wedding decorations,538
church wedding decorations simple,579
wedding decorations diy centerpiece,579
wedding beach decorations,579
wedding cake table decorations elegant,578
head wedding table decorations,577
wedding roses decorations,577
indian wedding decor ideas stage decorations,575
boho fall wedding decorations,574
wedding main table decorations,574
book themed wedding decorations,572
wedding auditorium decorations,568
handmade wedding decorations,568
car decorations for wedding simple,567
wedding party decorations indoor,567
simple wedding anniversary decorations,566
italian style wedding decorations,560
wedding decorations simple elegant,558
indian wedding hall decorations,557
vintage wedding decorations 1920s,555
wedding oil lamp decorations,535
spring wedding reception decorations,553
wedding floral decorations,553
wedding decorations christian,551
steampunk wedding decorations,549
wedding decorations background,546
30th wedding anniversary decorations,544
wedding stage decorations indoor,544
evergreen wedding decorations,544
small chapel wedding decorations,544
wedding door decorations entrance,544
pastel wedding table decorations,543
brown wedding decorations,543
catholic wedding decorations,543
diy wedding shower decorations,543
simple garden wedding decorations,540
indian christian wedding decorations,571
cathedral wedding decorations,538
horseshoe wedding decorations,538
round wedding table decorations simple,537
wedding decorations restaurant,535
ranch wedding decorations,533
wedding hoop decorations,531
natural wedding decorations,530
hippie wedding decorations,529
simple and elegant wedding decorations,529
wedding table decorations rectangle,526
champagne wedding decorations,525
wedding banquet hall decorations,524
victorian gothic wedding decorations,519
rustic wedding ideas on a budget diy table decorations,513
blue wedding theme decorations,422
mexican style wedding decorations,512
western theme wedding decorations,510
pinecone wedding decorations,509
wedding pavilion decorations,508
tent wedding reception decorations,432
decorations for wedding reception,504
royal wedding theme decorations,498
lavender and sage wedding decorations,498
pre wedding decorations,494
barn wedding reception decorations,491
wedding black and white decorations,491
ruby wedding anniversary decorations,488
red car decorations for wedding,485
wedding table decorations colorful,482
wedding venues decorations,480
outdoor wedding chair decorations,479
champagne decorations wedding,492
fall aisle decorations wedding,476
wedding decorations south indian,475
diy wedding decorations table,472
wedding decorations fall,471
fall wedding decorations diy,470
wedding reception tables decorations,467
big stage decorations wedding,467
glamorous wedding decorations,465
indian wedding decorations indoor,463
royal blue wedding theme decorations,463
church door wedding decorations,461
red rose decorations wedding,461
simple wedding venue decorations,458
wedding decorations beige,458
wedding decorations vintage,457
western wedding decorations receptions,457
lilly wedding decorations,457
wedding lights decorations,456
indian wedding decorations on a budget,456
wedding dress decorations,454
outdoor tent wedding decorations,453
wedding decorations ceremony,453
khmer wedding decorations,453
christmas wedding ideas decorations,453
wedding decorations with balloons,453
wedding decorations burgundy,482
wedding decorations night,451
wedding cake table decorations simple,451
pink wedding decorations receptions,449
purple and green wedding decorations,402
wedding decorations summer,448
romantic wedding decorations,446
floating pool decorations wedding,446
diy backyard wedding decorations,445
diy western wedding decorations,444
groom decorations wedding,444
white wedding decorations outdoor,443
sri lankan wedding decorations,443
wedding classic decorations,443
wedding chair decorations diy cheap,442
lilies wedding decorations,442
simple wedding room decorations romantic,647
lawn decorations wedding,442
black and silver wedding decorations,441
wedding theme decorations,440
fall wedding aisle decorations outdoor,438
indoor wedding stage decorations,437
wedding shower brunch decorations,436
wheat wedding decorations,435
wedding decorations winter,434
black and gold wedding theme decorations,434
wedding table decorations red,434
bridal hair decorations wedding ideas,432
wedding ballroom decorations,432
ghana wedding decorations,431
wedding table decorations burgundy,431
spring wedding decorations table,430
wedding church pew decorations,430
wedding decorations tables,429
wedding ceiling decorations lights,429
wedding photo decorations,428
wedding car decorations ideas indian,428
arbor wedding decorations,427
decorations for home wedding,427
wedding decorations pastel,426
purple and white wedding decorations,425
simply wedding decorations,425
simple backyard wedding decorations,424
pub wedding decorations,424
wedding decorations indian stage mandap,423
wedding hotel room decorations,423
wedding decorations list,422
wedding guest decorations,422
wedding flower table decorations,421
winter wedding aisle decorations,421
simple wedding decorations table,421
wedding table decorations fall,420
valentine wedding decorations,418
house wedding decorations indoor,416
wedding decorations autumn,415
red white and gold wedding decorations,414
wedding reception hall decorations,414
fall barn wedding decorations,413
blue and purple wedding decorations,411
tuscan wedding theme rustic italian table decorations,410
bar decorations wedding,410
simple elegant wedding decorations,409
autumn wedding decorations table,408
wedding decorations wall,408
royal decorations wedding,407
wedding table decorations minimalist,407
vintage mexican wedding decorations,406
wedding decorations yellow,405
isle decorations wedding church,404
navy wedding decorations,402
wedding decorations pink and white,403
princess wedding dresses,342559
unique wedding dresses,318180
wedding dresses simple,309247
wedding dresses guest,230003
civil wedding dresses,229020
modest wedding dresses,187290
dresses to wear to a wedding,161402
wedding dresses with sleeves,153316
plus size wedding dresses,149583
dream wedding dresses,130193
desi wedding dresses,116420
wedding dresses lace,113334
wedding guest dresses,101118
rustic wedding dresses,73855
dresses for wedding guests,95480
black wedding dresses,92721
2026 wedding dresses,85804
minimalist wedding dresses,85156
dream wedding ideas dresses,75904
western wedding dresses,84876
pretty wedding dresses,74742
wedding bridesmaid dresses,80803
civil wedding dresses courts,66775
wedding dresses mermaid,55651
hijab wedding dresses,55242
white wedding dresses,52221
wedding dresses vintage,41940
plus size wedding dresses curvy bride,41198
simple wedding dresses,40460
muslim wedding dresses,38975
wedding dresses for kids,38549
wedding dresses 2026,36566
wedding dresses long sleeve,35272
earthy wedding dresses,34769
wedding dresses black women,33848
big wedding dresses,32553
kim kassas wedding dresses,32370
best wedding dresses,31795
wedding dresses princess,31827
catholic wedding dresses,31027
stylish wedding dresses,30687
elegant wedding dresses,30514
tswana traditional wedding dresses,29480
mini wedding dresses,28360
plus size wedding guest dresses,28756
wedding party dresses,28244
civil wedding dresses classy,27760
vintage wedding dresses,26613
colored wedding dresses,25880
wedding dresses plus size,25311
wedding dresses ball gown,24286
beautiful wedding dresses,23937
stunning wedding dresses,21842
plus size dresses to wear to a wedding,21737
wedding dresses short,21687
wedding dresses indian,21620
wedding dresses 2026,36566
arabic wedding dresses,21129
wedding dresses elegant,21014
wedding dresses hijab,20971
fancy wedding dresses,20758
short wedding dresses,19521
unique plus size wedding dresses,20126
wedding dresses vivienne westwood,18943
best indian wedding dresses,18795
wedding dresses modest,18782
extravagant wedding dresses,18386
elegant dresses for wedding guest,17885
wedding dresses satin,17465
unique wedding dresses vintage,17325
types of wedding dresses,16705
semi formal dresses for wedding guest,15928
bohemian wedding dresses,15883
2026 wedding dresses,85804
plus size wedding dresses with sleeves,15200
wedding dresses a line,15129
shweshwe wedding dresses,14989
modest wedding dresses with sleeves,14942
beach wedding dresses,14744
wedding dresses for curvy brides,14673
pakistani dresses wedding,14626
wedding dresses corset,15088
red wedding dresses,14062
muslim wedding dresses indian,14012
wedding dresses off the shoulder,13970
wedding dresses boho,13966
classy wedding guest dresses,13906
wedding dresses aesthetic,13786
wedding dresses men,13715
cute wedding dresses,13713
elegant long sleeve wedding dresses,13547
western wedding dresses guest,13499
wedding dresses unique,13398
wedding dresses black,13189
boho wedding dresses,13149
black wedding dresses gothic,12706
wedding dresses sleeves,12662
dresses to wear to a wedding as a guest,12623
dior wedding dresses,14502
wedding dresses for guests,12508
celebrity wedding dresses,12196
country western wedding dresses,12169
traditional wedding dresses,12120
dresses for wedding indian,12087
fall wedding bridesmaid dresses,12070
elegant modest wedding dresses,10453
maggie sottero wedding dresses,11894
dream wedding dresses black women,11849
vintage inspired wedding dresses,13991
long wedding dresses,11666
wedding dresses for short brides,11535
garden wedding bridesmaid dresses,11526
mermaid wedding dresses,11069
designer wedding dresses,10917
stylish dresses for wedding,10898
country style wedding dresses,10864
maids dresses wedding,10783
lace wedding dresses,12286
unique wedding dresses different,10760
summer dresses for wedding guest,10707
wedding dresses strapless,10692
crystal wedding dresses,10324
nigerian wedding dresses traditional,10287
puffy wedding dresses,10162
beach wedding bridesmaid dresses,11291
pagan wedding dresses,11816
latest wedding dresses indian style,9608
wedding dresses silk,9374
wedding ideas dresses,9340
men wedding dresses indian,9265
goth wedding dresses,9237
wedding dresses classy,9190
women wedding guest dresses,9449
wedding dresses for bridesmaids,8851
winter wedding dresses,8795
fairytale wedding dresses,8772
girls wedding dresses,8491
blue wedding dresses,8479
mermaid style wedding dresses,8334
wedding dresses beach,7939
wedding dresses romantic,8167
pink wedding dresses,8128
princess wedding dresses sparkle,8074
non traditional wedding dresses,8067
elopement wedding dresses,7983
pakistani wedding dresses sisters,7957
pakistani dresses for wedding,7689
informal wedding dresses,7674
summer wedding dresses,7650
wedding reception dresses for bride,7631
wedding function dresses,7622
classic wedding dresses,7530
ethereal wedding dresses,7500
wedding dresses tight,7490
lacy wedding dresses,7462
coat pent men suits wedding dresses,7374
desi wedding dresses bridesmaid outfits,7322
satin wedding dresses,7279
las vegas wedding dresses,7253
old wedding dresses,7206
wedding dresses for girls,7186
mid size wedding dresses,7132
baby girl dresses for wedding,7023
wedding dresses with gloves,7018
wedding dresses korean,6968
simple modest wedding dresses,6953
plus size formal dresses for wedding,6918
wedding dresses pink,6881
lds wedding dresses,6795
princess ballgown wedding dresses,6737
iconic wedding dresses,6717
bridal wedding dresses,6700
trendy wedding dresses,6681
wedding dresses sparkly,6596
pregnancy dresses for wedding guest,6577
wedding dresses square neckline,6575
silk wedding dresses,6574
vogue wedding dresses,6525
second wedding dresses,6503
wedding dresses with straps,6454
sepedi traditional wedding dresses,6443
garden wedding dresses,6337
country chic wedding dresses,6327
wedding dresses floral,6301
wedding dresses cinderella,6200
best wedding guest dresses,6146
short dresses for wedding guest,6073
wedding dresses red,6049
glittery wedding dresses,6023
formal dresses for men wedding style,6022
new wedding dresses,5973
corset wedding dresses,5943
wedding dresses ideas pakistani,5931
trending wedding dresses,5919
modest wedding dresses hijab,5828
wedding dresses bridesmaids,5885
fall dresses to wear to a wedding,5838
wedding dresses drawing,5836
ugly wedding dresses,5824
country wedding dresses with boots,5803
modern wedding dresses,5801
plus wedding dresses,5717
wedding dresses open back,5705
wedding dresses fitted,5700
muslim wedding dresses modern,5687
wedding dresses for women,5631
cool wedding dresses,5630
simple dresses for wedding,5627
vintage style wedding dresses,5605
wedding dresses fairytale,5548
black women wedding dresses,5530
wedding dresses after party,5501
wedding dresses whimsical,5408
wedding function dresses indian,5398
wedding dresses over 50 bride,5377
dresses to wear to a wedding hijab,3848
long sleeved wedding dresses,5333
wedding dresses for girls indian,5293
elegant summer dresses for wedding guest,2645
gothic wedding dresses,5269
blue dresses to wear to a wedding,5262
after wedding party dresses,5260
civil wedding dresses plus size,5258
basic wedding dresses,5222
green wedding dresses,5220
wedding maid of honor dresses,5172
pre wedding photoshoot outfit dresses,5166
ballgown wedding dresses,5153
winter wedding bridesmaid dresses,5147
wedding dresses desi,5110
milla nova wedding dresses,5083
black people wedding dresses,5045
wedding dresses blue,5041
plus size wedding dresses guest,4996
floral wedding dresses,4994
disney princess wedding dresses,4956
princess wedding dresses ball gown,4955
1960s wedding dresses,4949
disney wedding dresses,4934
princess style wedding dresses,4839
wedding dresses styles,4825
wedding dresses lace sleeves,4796
hijab wedding dresses simple,4774
wedding dresses 2026 bride,4746
wedding dresses with pearls,4741
wedding dresses classic elegant,4737
wedding dresses for pregnant brides,4739
evening wedding guest dresses,4724
spring wedding bridesmaids dresses,4712
october wedding dresses,4708
fancy wedding dresses guest,5189
princess wedding dresses corset top,4685
wedding dresses high neck,3590
strapless wedding dresses,4648
wedding dresses backless,4634
wedding dresses western,4615
wedding dresses man,4604
spring dresses for wedding guest,4579
indian wedding dresses for women,4535
eva lendel wedding dresses,4526
dresses for pre wedding shoot,4510
wedding dresses flowy,4500
wedding dresses country,4493
wedding wear dresses for women,4465
wedding dresses curvy bride,4424
pastel dresses for wedding guest,4420
mormon wedding dresses,4419
girls dresses for wedding,4419
wedding dresses long train,4417
wedding dresses pearls,4416
wedding dresses for petite women,4405
dresses to wear to a wedding classy,4401
summer wedding bridesmaid dresses,4397
wedding dresses zuhair murad,4356
pregnancy dresses for wedding,4354
barn wedding dresses,4315
wedding dresses simple pakistani,4297
xhosa wedding dresses,4294
traditional dresses for wedding indian,4276
fitted wedding dresses,4274
traditional dresses for wedding,4257
wedding dresses white,4242
wedding dresses gown,4218
black dresses for wedding guest,4196
casual beach wedding dresses,4196
plus size wedding guest dresses classy,4151
rosa clara wedding dresses,4133
wedding dresses winter,4124
wedding dresses old money,4287
wedding dresses with flowers,4105
wedding party dresses indian,4077
royal wedding dresses,4071
summer wedding guest dresses,4742
wedding dresses corset top,3946
wedding dresses reception,3978
davids bridal wedding dresses,3945
wedding dresses puffy,3930
valdrin sahiti dresses wedding,3924
outdoor wedding guest dresses,3887
best wedding guest dresses classy,3880
most beautiful wedding dresses,3879
green dresses for wedding,3873
dresses for teens wedding,3910
wedding dresses simple indian,3845
wedding dresses pakistani party wear,3842
wedding dresses green,3827
dresses to wear to a wedding pakistani,3813
fall formal dresses wedding guest,3804
wedding dresses timeless,3787
wedding dresses for curvy women,3786
halloween wedding dresses,3766
wedding dresses drop waist,3761
wedding dresses beaded,3743
wedding dresses with veils,3692
different types of wedding dresses,3689
classy wedding dresses elegant,3686
wedding traditional dresses,3674
wedding dresses traditional,3896
modest wedding dresses guest,3628
wedding dresses with long sleeves,3620
timeless wedding dresses with sleeves,3595
denim wedding dresses,3571
wedding dresses simple elegant classy,3560
nice dresses for wedding guest,3551
wedding dresses for bridesmaids indian,3540
wedding dresses with color,3538
simple unique wedding dresses,3502
petite wedding dresses short bride,3488
curve wedding dresses,3471
european wedding dresses,3465
kids wedding dresses indian,3457
wedding dresses for big busts,3447
wedding dresses hippie,3431
new designer dresses for wedding,3421
wedding dresses with detachable skirt,3414
off the shoulder wedding dresses,3408
huge wedding dresses,3396
wedding dresses 80s,3391
xhosa traditional wedding dresses,3381
wedding guest dresses summer,3379
morilee wedding dresses,3354
slim fit wedding dresses,3307
girls wedding dresses indian,3305
wedding dresses mid size,3294
unique wedding dresses boho,3266
korean wedding dresses,3317
wedding dresses low back,3248
mother dresses for wedding,3213
wedding dresses summer,3212
different wedding dresses,4270
jackets to wear with dresses to wedding,3177
wedding dresses fit and flare,3168
wedding dresses couple,3166
dhoti style dresses for wedding,3160
lace princess wedding dresses,3145
wedding dresses short bride,3137
kids wedding dresses pakistani,3136
different color wedding dresses,3124
wedding dresses for plus size women,3108
crochet wedding dresses,3093
wedding dresses flowers,3075
fantasy wedding dresses,3073
scottish wedding dresses,3050
formal wedding dresses for guest,3038
wedding dresses poofy,3033
wedding dresses 2026 bride,4746
wedding dresses 2 in 1 convertible,2981
wedding dresses v neck,2971
2026 wedding dresses trends,2959
wedding dresses with short sleeves,2935
christmas wedding dresses,2928
types of wedding dresses styles,2903
big princess wedding dresses,2898
dark wedding dresses,2875
dresses for wedding guests hijab,2869
modest lace wedding dresses,2840
wedding dresses lace ballgown,2839
wedding dresses glitter,2833
islamic wedding dresses,2831
purple wedding dresses,2825
black and white wedding dresses,2517
casual wedding guest dresses,2820
country wedding bridesmaids dresses,2815
celebrities wedding dresses,2809
cute wedding guest dresses,2808
wedding dresses veil,2802
wedding dresses sweetheart neckline,2794
basque wedding dresses,2791
wedding dresses arab,3088
classy dresses for wedding guest,2782
wedding dresses not white,2776
wedding dresses extravagant,2774
hijab dresses for wedding party,2772
elegant dresses for wedding guest classy style,2738
wedding dresses purple,2738
wedding dresses boys,2730
wedding dresses halter top,2720
ghana traditional wedding dresses,2704
wedding flower girl dresses,2701
wedding dresses for short brides petite,2684
dream wedding dresses mermaid,2682
christian gowns wedding dresses,2681
wedding dresses minimalist,2818
country wedding dresses guest,2663
plus size party dresses for wedding,2640
dresses for winter wedding guest,2629
wedding dresses men indian style,2617
pakistani wedding dresses for bride,2616
wedding dresses men indian groom outfit,2612
modest wedding guest dresses,2892
mother of the bride dresses summer outdoor wedding mom,2608
hania amir wedding dresses,2602
latest designer dresses for wedding,2595
dresses for a wedding,2588
amazon dresses wedding guest,2587
wedding dresses 2026 trend,2586
maternity wedding dresses pregnant brides,2585
wedding dresses off shoulder,2582
wedding dresses fall,2555
wedding dresses elegant classy,2544
flowy wedding dresses,2538
lilac wedding dresses,2533
desi wedding dresses pakistani bridal,2526
arab wedding dresses,2501
summer wedding dresses for guests,2500
wedding dresses styles chart,2496
historical wedding dresses,2489
wedding mother of the bride dresses,2483
big wedding dresses ball gown,2473
wedding dresses princess ballgown,2467
wedding pakistani dresses,2458
wedding dresses lace mermaid,2447
simple country wedding dresses,2432
wedding dresses inspiration,4859
heavy dresses for wedding,2417
kids designer dresses for wedding,2416
famous wedding dresses,2410
chinese wedding dresses,2405
puffy wedding dresses princesses,2394
wedding dresses for older brides,2384
wedding dresses casual,2380
dresses for women wedding,2375
wedding dresses curvy,2373
emo wedding dresses,2372
swati wedding dresses,2365
spring wedding guest dresses,2358
vintage wedding dresses lace,2345
zuhair murad bridal elie saab wedding dresses,2342
extra wedding dresses,2341
occasion dresses wedding guest,2334
petite dresses wedding guest,2326
wedding dresses for teenagers,2317
modest wedding dresses christian,2315
wedding dresses ideas indian,2312
wedding dresses modern,2298
pakistani wedding outfits sisters bridesmaid dresses,2290
champagne wedding dresses,2289
traditional wedding dresses south africa,2288
full lace wedding dresses,2287
fairy wedding dresses,2285
celtic wedding dresses,2282
couture wedding dresses,2267
wedding dresses fairy,2264
wedding dresses with lace,2263
wedding dresses colored,2260
courthouse wedding dresses,2800
wedding dresses with bow,2259
formal dresses for men wedding indian,2256
wedding dresses vintage 50s,2252
mother in law dresses for wedding,2250
pre wedding dresses,2242
plus size dresses to wear to a wedding as a guest classy,2241
convertible wedding dresses,2241
wedding dresses sleeveless,2239
gold wedding dresses,2236
wedding dresses silk satin,2235
wedding dresses tight fitted,2231
plus size wedding guest dresses formal,2220
sotho traditional wedding dresses,2201
shrug dresses indian wedding,2197
wedding dresses 2026 trend,2586
wedding dresses ball gown princess,2178
sophia tolli wedding dresses,2173
wedding dresses for small chest,2171
bridal wedding dresses indian,2171
dresses for sister wedding,2169
plus size formal dresses for wedding guest,2165
plain wedding dresses,2158
simple and elegant wedding dresses,2156
simple pakistani dresses wedding,2154
blush colored wedding dresses,2153
slim wedding dresses,2152
champagne dresses wedding,2226
wedding bridesmaids dresses,2148
wedding dresses chinese,2291
wedding dresses petite bride,2142
princess wedding dresses with sleeves,2141
off white wedding dresses,2138
wedding dresses plain,2136
tropical wedding bridesmaid dresses,2135
wedding dresses straps,2132
wedding dresses short sleeves,2129
backless wedding dresses,2128
tea length wedding dresses,2122
wedding bridesmaid dresses pink,2119
wedding dresses slim,2282
christian wedding dresses,2116
wedding dresses hijab bride,2110
turquoise wedding dresses,2107
eve of milady wedding dresses,2103
wedding dresses with boots,2100
dresses for brothers wedding,2099
wedding dresses royal,2097
wedding dresses for hourglass shape,2096
dresses for indian wedding,2094
aline wedding dresses,2093
wedding dresses for midsize brides,2080
wedding dresses with corset,2187
autumn dresses wedding guest,2397
wedding dresses designs,2071
ankara traditional wedding dresses,2065
beach wedding dresses short,2039
wedding dresses simple short,2029
wedding dresses with sleeves modest,2026
wedding wear dresses,2026
western wedding dresses with boots,2022
types of bustles wedding dresses,2020
earth tone dresses wedding guest,2181
wedding dresses christian,2015
bridesmaid dresses beach wedding,2013
wedding dresses for sisters,2009
black wedding dresses plus size,2009
wedding dresses curvy bride body types,2000
mahira khan wedding dresses,2000
men in wedding dresses,1999
wedding dresses for curvy brides plus size,1997
pearl wedding dresses,1988
wedding dresses 90s,1986
plus size a line wedding dresses,1983
forest wedding bridesmaid dresses,1982
vintage wedding dresses with sleeves,1971
new wedding dresses pakistani,1961
wedding dresses pregnant,1960
wedding dresses guest indian,1959
wedding dresses sims 4 cc maxis match,1959
unique wedding dresses boho vintage,1953
rustic wedding bridesmaid dresses,1929
terracotta wedding bridesmaid dresses,1952
designer dresses for wedding,1487
rockabilly wedding dresses,1949
off shoulder wedding dresses,1948
zulu traditional wedding dresses south africa,1939
long dresses for wedding guests,1939
wedding dresses lds,1939
shrugs for dresses indian wedding,1935
wedding dresses asian,1927
wedding dresses for brides sister,1926
black gothic wedding dresses,1925
tight fitting wedding dresses,1923
wedding dresses puffy sleeves,1920
2026 wedding dresses modest,1920
victorian wedding dresses,1912
cocktail dresses wedding,1908
wedding dresses after party short,1906
wedding guest dresses fall,1900
big puffy wedding dresses,1895
top wedding dresses,1892
venda traditional attire wedding dresses,1912
christmas wedding bridesmaids dresses,1885
inbal dror wedding dresses,1882
wedding dresses aline,1871
elle saab wedding dresses,1867
formal dresses wedding guest,1864
wedding dresses big bust,1854
fall wedding colors bridesmaid dresses,1854
simple but elegant wedding dresses,1849
popular wedding dresses,1747
wedding dresses with cowboy boots,1830
wedding dresses big poofy princesses,1828
wedding dresses with capes,1827
blue wedding guest dresses,1824
western style wedding dresses,1819
western wedding bridesmaids dresses,1816
wedding civil dresses,1811
wedding dresses form fitting,1811
pakistani dresses for wedding functions,1809
nigerian wedding dresses,1803
wedding dresses for men indian,1800
boho wedding bridesmaids dresses,1797
teen dresses for wedding,1792
wedding dresses sims 4 cc,1791
cute wedding dresses for guest,1783
pedi wedding dresses traditional,1781
kids wedding dresses,1773
old wedding dresses vintage,1773
temple wedding dresses,1771
italian wedding dresses,1766
low back wedding dresses,1766
wedding dresses korean style,1763
crazy wedding dresses,1760
wedding dresses plus size with sleeves,1760
nigerian wedding dresses traditional yoruba,1756
beaded wedding dresses,1751
wedding dresses long sleeve lace,1751
open back wedding dresses,1749
wedding dresses for hijabi girl,1746
elegant dresses for wedding,1794
blush wedding dresses,2001
wedding dresses hailey bieber,1728
wedding dresses western style,1723
busty wedding dresses,1710
wedding dresses tulle,1709
pastel wedding bridesmaids dresses,1705
unique wedding dresses with sleeves,1701
wedding dresses back detail,1700
wedding guest dresses spring,1699
wedding dresses bodycon,1698
high neck wedding dresses,1698
movie wedding dresses,1696
rustic wedding dresses plus size,1694
dresses ideas for wedding guest,1693
wedding dresses designer,1693
wedding dresses for guests elegant,1691
wedding dresses unique nontraditional,1983
wedding dresses with veil,1687
styles of wedding dresses,1687
wedding dresses fishtail,1845
wedding dresses bow,1686
khaleeji wedding dresses,1685
wedding dresses sparkly glitter,1685
wedding dresses sims 4,1683
wedding dresses with lace sleeves,1675
wedding dresses with puffy sleeves,1569
big wedding dresses ball gown princesses,1669
modern african dresses wedding,1668
wedding dresses for broad shoulders,1660
bad wedding dresses,1657
wedding dresses halter,1656
mother of the bride dresses for sage green wedding,1642
wedding dresses pakistan,1640
wedding dresses no lace,1637
vintage plus size wedding dresses,1634
dresses for wedding party,1615
wedding dresses sheath,1611
wedding dresses slim fit,1610
guess wedding outfit dresses,1649
wedding dresses with long trains,1605
wedding dresses dantel,1595
princess wedding dresses ball gown fairytale,1591
wedding dresses ethereal,1588
dream wedding dresses princesses,1587
pakistani wedding dresses for men,1587
plus size wedding dresses indian,1585
lacy wedding dresses with sleeves,1584
wedding dresses indian sisters,1584
wedding dresses 60s,1663
scuba dresses styles for wedding,1580
old fashion wedding dresses,1483
wedding dresses with sleeves plus size,1573
rustic country wedding dresses,1572
wedding dresses sketches,1570
teenage dresses for wedding,1569
white wedding dresses long sleeve,1511
minimalist wedding dresses short,1563
pretty wedding dresses princesses,1556
pakistani wedding dresses bridal lehenga red,1556
plus size summer dresses for wedding guest,1555
wedding dresses mini,1554
nude dresses for wedding guests,1549
azazie wedding dresses,1541
flowergirls wedding dresses,1535
bizarre wedding dresses,1534
wedding dresses women,1534
backyard wedding dresses,1529
wedding dresses bling sparkle,1528
wedding dresses cottagecore,1528
outdoor wedding dresses,1520
wedding function dresses pakistani,1353
wedding dresses high low,1523
wedding dresses men indian suits,1517
western dresses for wedding,1513
plus size elegant dresses classy wedding,1513
traditional dresses wedding,1513
wedding dresses gothic,1511
tea length wedding dresses lace,1506
dresses to wear to a wedding summer,1504
decent wedding dresses,1504
wedding dresses minimal,1504
wedding dresses saree,1504
wedding dresses spring,1541
wedding dresses petite,1496
wedding dresses gold,1492
white wedding dresses black women,1492
wedding dresses for black women,1491
hausa wedding dresses brides,1491
hijab wedding dresses princesses,1490
wedding dresses islamic,1293
ivory wedding dresses,1582
purple dresses for wedding,1544
boho dresses wedding guest,1479
long wedding dresses guest,1476
stunning wedding guest dresses,1472
wedding dresses videos,1468
bridesmaid dresses nigerian wedding,1466
mermaid dresses wedding,1466
wedding bridesmaid dresses blue,1459
womens wedding dresses,1457
wedding dresses colorful,1456
retro wedding dresses,1455
bridal wedding dresses pakistani,1453
drop waist wedding dresses,1451
wedding dresses spaghetti strap,1447
wedding dresses bohemian,1446
wedding dresses 70s,1274
dresses for wedding guests indian,1440
sleek wedding dresses,1334
wedding dresses satin and lace,1440
simple dresses for wedding guest,1421
destination wedding bridesmaid dresses,1414
wedding dresses 50s,1413
ethnic dresses indian wedding ideas,1412
party dresses for women wedding,1411
black wedding bridesmaid dresses,1408
wedding dresses with hijab,1407
senegalese wedding dresses,1404
wedding party dresses guest,2332
wedding dresses basque waist,1402
wedding dresses with scarf,1383
poofy wedding dresses,1316
wedding dresses victorian,1378
antique wedding dresses,1377
court dresses wedding civil,1373
cinderella wedding dresses,1373
wedding dresses midi,1371
wedding dresses colour,1368
fit and flare wedding dresses,1364
wedding dresses with pockets,1364
fall wedding dresses guest,1361
black wedding dresses lace,1360
coctail dresses 2026 wedding,1359
dream wedding dresses simple,1359
summer dresses for wedding guest classy,1359
wedding dresses with train,1347
elegant dresses wedding guest,1346
wedding dresses boho chic,1345
black dresses for wedding,1344
hijabi dresses for wedding guests,2745
cream wedding dresses,1340
pakistani bride wedding dresses,1336
wedding dresses modest lds,1328
halter wedding dresses,1324
elegant dresses for wedding guest classy beautiful,1318
wedding dresses romantic fairytale,1316
modest wedding dresses ball gown,1315
wedding dresses diamonds,1312
wedding dresses two piece,1312
dream wedding dresses ball gown princesses,1311
wedding dresses second marriage,1307
wedding dresses pink rose gold,1304
wedding dresses a line princess,1303
nice wedding dresses,1294
wedding dresses off the shoulder sleeves,1290
wedding dresses empire waist,1466
wedding short dresses,1287
wedding dresses off white,1282
plus size ball gown wedding dresses,1279
wedding bridal dresses pakistani,1277
princess wedding dresses black,1270
wedding dresses fitted elegant,1262
british wedding dresses,1262
short dresses for wedding,1260
mother daughter dresses matching wedding,1258
wedding guest dresses winter,1246
wedding bridesmaid dresses green,1244
forest wedding dresses,1239
flower wedding dresses,1239
cheap wedding dresses online,1236
modest long sleeve wedding dresses,1197
wedding dresses mexican style,1233
wedding dresses sister,1231
wedding dresses rustic,1231
wedding dresses with neck scarf,1230
wedding dresses not white colour,1228
wedding dresses trumpet,1262
square neck wedding dresses,1221
wedding dresses courthouse,1451
princess wedding dresses pink,1218
royal princess wedding dresses,1217
different types of wedding dresses style,1216
dream wedding ideas dresses the bride,1210
dresses to wear to a wedding as a guest summer,1206
princess wedding dresses with veil,1205
afghan dresses wedding,1156
dresses to attend a wedding,1197
october wedding dresses guest,1190
wedding dresses one shoulder,1185
wedding dresses with bows,1184
dresses to wear to a wedding plus size,1182
beautiful wedding dresses fairytale,1180
wedding dresses princess elegant,1179
unique wedding dresses aesthetic,1178
wedding dresses cute,1178
plus wedding dresses curvy bride,1173
white wedding bridesmaids dresses,1167
wedding dresses fluffy,1165
venda wedding dresses,1160
pretty wedding dresses with sleeves,1157
dresses for wedding function,1150
wedding dresses fancy,1149
wedding dresses in pakistan,1149
pre wedding shoot dresses,1149
greek wedding dresses,1146
formal wedding dresses,1109
long dresses for wedding,1141
simple wedding dresses with sleeves,1139
best wedding dresses long sleeves,1130
wedding dresses african,1130
2006 wedding dresses,1130
drawing wedding dresses,1123
wedding party dresses for bride,1114
tulle wedding dresses,1110
nigerian wedding dresses traditional igbo,1107
kids gown design wedding dresses,1107
short dresses to wear to a wedding as a guest,1106
peacock wedding dresses,1104
inexpensive wedding dresses,1104
mercy chinwo wedding dresses,1101
wedding dresses classic timeless,1100
dream wedding dresses hijab,1100
best lady dresses wedding in nigeria,1100
wedding dresses groom,1095
wedding dresses ivory,1091
wedding dresses detachable skirt,1090
kyha wedding dresses,1087
fall wedding dresses bride,1087
formal dresses for men wedding,3366
best wedding dresses for short brides,1086
wedding dresses mermaid bling,1083
sheath wedding dresses,1082
disney inspired wedding dresses,1069
elegant dresses wedding,1065
majestic wedding dresses,1064
wedding dresses with sleeves indian,1054
wedding dresses vintage 20s,1052
indo western gowns party wear wedding dresses,1049
wedding dresses hijab simple,1048
pastel wedding dresses,1047
dresses ideas for wedding,1046
gowns dresses for wedding,1038
dresses for girls wedding,1038
vera wang wedding dresses,1035
wedding day dresses,1032
formal wedding guest dresses,1083
dresses for wedding guests teens,1027
layered wedding dresses,1026
simple beach wedding dresses,1020
wedding dresses gloves,1019
wedding dresses train,1018
wedding dresses simple with sleeves,1013
wedding dresses lehenga,1013
jenny packham wedding dresses,1012
midi wedding dresses,1008
midsize dresses wedding guest,1007
wedding dresses myanmar,1007
wedding dresses black and white,1002
pink wedding guest dresses,1001
tsonga wedding dresses,1000
brown dresses for wedding,996
wedding dresses hourglass shape,995
wedding couple dresses,995
long wedding dresses train,990
short wedding guest dresses,989
yellow wedding dresses,988
wedding bridesmaid dresses black,1021
wedding dresses for couple,982
green wedding guest dresses,981
wedding event dresses,980
white dresses for wedding,979
ballroom wedding dresses,976
beautiful dresses to wear to a wedding as a guest,976
girl dresses for wedding,974
sage green wedding dresses,972
civil wedding dresses guest,967
wedding dresses art,967
wedding dresses photoshoot,966
wedding dresses cap sleeves,965
wedding dresses outdoor,962
simple modest wedding dresses with sleeves,961
short dresses wedding guest,959
dulha outfit wedding dresses,957
backless mermaid wedding dresses,956
wedding dresses south africa,956
gowns dresses wedding,953
wedding bride dresses indian,953
wedding dresses sparkle,950
wedding dresses arabic style,948
wedding with black bridesmaid dresses,946
red dresses for wedding,938
wedding dresses big poofy,937
wedding dresses invitada,936
2nd wedding dresses,935
groom dresses for wedding,931
dyed wedding dresses,931
indian dresses for wedding,930
modest dresses for wedding guests,930
orange dresses wedding,927
wedding dresses outfit,1026
stunning wedding dresses princesses,924
beach wedding ideas dresses,923
rebecca ingram wedding dresses,922
modest wedding dresses with sleeves lace,920
sottero and midgley wedding dresses,913
wedding dresses italian,912
fancy wedding dresses princesses,906
red wedding guest dresses,904
wedding dresses for groom sister,990
barn wedding dresses guest,902
princess wedding dresses aesthetic,901
wedding dresses for winter,900
wedding dresses trendy,900
winter dresses for wedding guest,900
formal dresses for women wedding,900
brocade dresses for wedding guest,899
romani wedding dresses,875
vienne westwood wedding dresses,897
simple wedding dresses lace,896
winter dresses for wedding,896
designer wedding dresses indian,896
wedding dresses floral lace,893
lace dresses for wedding guests,885
wedding dresses elopement,885
wedding dresses beautiful,883
long dresses wedding guest,879
medieval wedding dresses,878
pretty wedding dresses simple,836
hijab wedding dresses pakistani,871
wedding dresses catholic,870
wedding dresses yellow,869
baby dresses for wedding,869
hijab wedding dresses turkish,868
beachy wedding dresses,864
wedding dresses women indian,864
over 40 wedding dresses,860
wedding dresses friends,859
most unique wedding dresses,857
burgundy dresses for wedding,857
wedding dresses champagne,856
australian wedding dresses,854
fun wedding dresses,854
spring wedding bridesmaids dresses color palettes,853
90s wedding dresses,849
unique wedding dresses indian,849
wedding dresses garden,845
wedding dresses for petite brides,840
elie saab wedding dresses,840
wedding dresses for bigger women,837
white wedding dresses pakistani,836
gown for women wedding dresses,836
mexican wedding bridesmaids dresses,833
wedding dresses sleek,831
covered wedding dresses,830
wedding dresses illustration,828
wedding dresses dior,828
guess wedding dresses,828
v neck wedding dresses,827
sepedi traditional dresses wedding gowns,827
wedding dresses cape,825
modest dresses wedding guest,825
david’s bridal wedding dresses,825
wedding dresses uk,824
baby blue wedding dresses,823
modest mermaid wedding dresses,822
maya ali dresses wedding,821
wedding bride dresses,821
wedding dresses lace corset,962
wedding guess dresses,817
wedding dresses anime,816
bridesmaid dresses winter wedding,815
wedding dresses simple long sleeve,814
glam wedding dresses,813
wedding vintage dresses,811
black tie wedding guest dresses,810
wedding dresses chic,809
wedding dresses embroidery,808
brown wedding dresses,808
nigerian white wedding dresses,807
wedding dresses long veil,806
different style wedding dresses,805
old style wedding dresses,800
wedding dresses no sleeves,799
wedding dresses butterflies,702
wedding dresses neckline,797
ayeza khan dresses wedding,713
michael cinco wedding dresses,795
black and red wedding dresses the bride,795
wedding style dresses,795
wedding favors for guests,88982
unique wedding favors,41341
wedding party favors,34236
useful wedding favors for guests,23061
creative wedding favors,20048
unique wedding favors for guests,11064
cheap wedding favors,11020
diy wedding favors,10539
wedding favors ideas,8625
inexpensive wedding favors,7580
chocolate wedding favors,7577
practical wedding favors,7316
wedding guest favors,6790
indian wedding favors,5877
wedding shower favors,5842
candle wedding favors,6663
wedding favors cheap,5410
wedding gift favors,4993
honey wedding favors,4873
cool wedding favors,4529
succulent wedding favors,4376
beach wedding favors,4203
cookie wedding favors,4055
fall wedding favors,3950
edible wedding favors,3701
coffee wedding favors,3612
party favors wedding,3523
homemade wedding favors,3266
olive oil wedding favors,3135
winter wedding favors,3113
simple wedding favors,3105
small wedding favors,3088
his favorite her favorite wedding favors,3149
mexican wedding favors,2775
candy wedding favors,3254
wedding party favors for guests,2865
elegant wedding favors,2830
diy wedding favors for guests,2828
wedding guest gifts party favors,2710
fan wedding favors,2771
wedding favors diy,2666
italian wedding favors,2611
rustic wedding favors,2568
best wedding favors,2423
destination wedding favors,2225
mint to be wedding favors,2525
popcorn wedding favors,2257
koozie wedding favors,2166
wedding favors for kids,2140
soap wedding favors,2493
beach wedding favors for guests,2125
classy wedding favors,2097
wedding candle favors,2074
honey jar wedding favors,2051
plant wedding favors,2443
ceramic wedding favors,2017
christmas wedding favors,2006
matchbox wedding favors,1965
tea wedding favors,1938
wedding favors candles,1899
wedding coasters favors,1853
cute wedding favors,1851
fun wedding favors,1847
alcohol wedding favors,1844
matchbook wedding favors,2450
fall wedding favors for guests,1755
jordan almonds wedding favors,1748
wedding cookie favors,1724
matches wedding favors,1664
indian wedding favors for guests,1661
wedding guest favors ideas,1622
flower seed wedding favors,1603
let love grow wedding favors,1602
easy wedding favors,1508
useful wedding favors,1606
jam wedding favors,1502
wedding favors for guests elegant,1483
western wedding favors,1479
smores wedding favors,1439
mason jar wedding favors,1346
guest favors wedding,1328
wedding shower favors for guests,1310
diy wedding favors cheap,1287
kids wedding favors,1242
party favors for wedding guests,1239
seed wedding favors,1230
wedding favors fall,1210
blanket wedding favors,1205
macaron wedding favors,1205
summer wedding favors,1199
food wedding favors,1195
thank you wedding favors,1152
3d print wedding favors,1121
resin wedding favors,1106
shot glasses wedding favors,1091
shot glass wedding favors,1063
bookmark wedding favors,1051
dog treat wedding favors,1026
candle favors wedding,973
modern wedding favors,980
spring wedding favors,977
boho wedding favors,952
his and her candy wedding favors,918
wedding favors for guests diy,907
hot sauce wedding favors,906
mug wedding favors,898
hot chocolate wedding favors,814
wedding soap favors,881
vintage wedding favors,861
wedding favors for principal sponsors,872
sweet wedding favors,865
match box wedding favors,938
halloween wedding favors,840
greek wedding favors,803
magnet wedding favors,798
favors for wedding guests,784
unique wedding favors creative,782
honey wedding favors for guests,771
country wedding favors,755
wedding favors chocolate,753
wedding candy favors,751
wedding matches favors,749
chinese wedding favors,739
luxury wedding favors,737
wedding favors table,735
crochet wedding favors,730
tree wedding favors,728
in lieu of wedding favors,721
wedding guest party favors,706
wedding seed packet favors,706
destination wedding favors for guests,696
rustic wedding favors for guests,688
wedding favors for men,682
party favors for wedding,667
eco friendly wedding favors,665
wedding party favors ideas,665
christian wedding favors,659
wedding table favors,651
ornament wedding favors,832
clay wedding favors,646
wedding party favors cheap,637
cookies wedding favors,636
maple syrup wedding favors,633
sunflower wedding favors,631
memorable wedding favors,630
wedding matchbox favors,616
wedding favors and gifts,613
m m wedding favors,604
her favorite his favorite wedding favors,599
wedding favors unique,597
cricut wedding favors,591
wedding reception favors,583
disney wedding favors,575
coaster wedding favors,569
50th wedding anniversary favors,565
custom wedding favors,564
wedding favors candy,561
wedding magnets favors,559
wedding chocolate favors,558
dog wedding favors,558
affordable wedding favors,549
his and hers wedding favors,548
handmade wedding favors,545
koozie wedding favors display,544
his and hers favorite wedding favors,541
pottery wedding favors,535
wedding guest gift ideas party favors,533
wedding favors for guests ideas,521
honey favors wedding,520
gothic wedding favors,479
muslim wedding favors,505
nautical wedding favors,496
winter wedding favors for guests,496
wedding bottle opener favors,494
jar wedding favors,489
wedding bookmarks favors,489
wedding favors display,480
wedding lottery ticket favors,479
christmas ornament wedding favors,475
funny wedding favors,473
perfume wedding favors,467
bulk wedding favors,433
wedding favors cookies,461
beach wedding party favors,460
vegas wedding favors,459
macaroon wedding favors,454
cupcake wedding favors,452
coffee favors wedding,449
cute wedding favors for guests,447
black and white wedding favors,447
seed packet wedding favors,446
wedding favors coffee,445
royal blue wedding favors,444
wine glass wedding favors,443
succulents wedding favors,442
book wedding favors,441
guest gifts wedding favors ideas,440
seed paper wedding favors,439
cheap diy wedding favors for guests,438
purple wedding favors,435
tropical wedding favors,433
wedding cake favors,431
spice wedding favors,429
simple wedding favors diy,428
desi wedding favors,427
rustic wedding party favors,427
wildflower wedding favors,426
shot glass wedding favors ideas,426
please be seeded wedding favors,425
sugar cookie wedding favors,423
wedding ornament favors,422
blue wedding favors,421
mint wedding favors,406
his her favorite wedding favors,415
diy wedding party favors,414
candy for wedding favors,412
garden wedding favors,411
etsy wedding favors,409
match book wedding favors,409
keychain wedding favors,404
fall wedding flowers,36534
spring wedding flowers,28519
white wedding flowers,25250
wedding cake flowers,16812
wedding cake with flowers,15399
wedding aisle flowers,13352
winter wedding flowers,13511
wedding table flowers,13173
pastel wedding flowers,12641
hanging flowers wedding,12300
blue wedding flowers,11792
moody wedding flowers,11093
flowers for wedding,10744
church wedding flowers altar,10202
wedding ceremony flowers,10195
pink wedding flowers,9764
colorful wedding flowers,10009
autumn wedding flowers,8904
summer wedding flowers,8794
DIY wedding flowers,8709
bouquet of flowers wedding,8363
white flowers wedding,7884
wedding dress with flowers,7782
wedding flowers table,7643
bright wedding flowers,7282
wedding dress flowers,7116
boho wedding flowers,7061
aisle flowers wedding,6910
orange wedding flowers,6732
white and green wedding flowers,6634
jewel tone wedding flowers,6605
neutral wedding flowers,6447
september wedding flowers,6386
hand bucket wedding flowers,6339
wedding hair flowers,6304
champagne wedding flowers,6295
simple wedding flowers,6206
purple wedding flowers,6531
wedding hair with flowers,6032
church wedding flowers,5720
beach wedding flowers,5587
blue and white wedding flowers,5119
tropical wedding flowers,5091
red wedding flowers,5087
burgundy wedding flowers,5077
vibrant wedding flowers,5048
dried flowers wedding,4134
wedding flowers white,4853
yellow wedding flowers,4607
altar flowers wedding,4694
spring wedding flowers bouquet,3443
terracotta wedding flowers,4121
wedding flowers decoration,5061
wedding hairstyles with flowers,4489
may wedding flowers,3747
rustic wedding flowers,4364
wild flowers wedding,4266
wedding flowers summer,4214
pink and orange wedding flowers,4182
giant flowers wedding,4170
wedding bucket flowers,3984
colourful wedding flowers,3889
october wedding flowers,3814
flowers wedding decoration,3813
august wedding flowers,3796
december wedding flowers,3732
june wedding flowers,3674
christmas wedding flowers,3539
diy wedding bouquet fake flowers,3537
green wedding flowers,3388
indian wedding flowers,3326
wedding aisle flowers on ground,3292
wedding alter flowers,2061
wedding reception flowers,3144
november wedding flowers,2939
fall flowers wedding,3066
wedding ceremony flowers altar,3063
wedding welcome sign flowers,3046
boho wedding hair flowers,3032
black and white wedding flowers,2960
flowers in hair for wedding,2948
modern wedding flowers,2943
peach wedding flowers,2921
white and blue wedding flowers,2910
fall wedding flowers october,2882
wedding altar flowers,2872
wedding flowers blue,2827
white wedding cake with flowers,2796
wedding flowers tulips,2785
wedding flowers preservation ideas,2733
wedding flowers fall,2692
3 tier wedding cake with flowers,2672
isle flowers wedding,2614
dried wedding flowers,2571
hawaii wedding flowers,2567
wedding flowers pink,2541
western wedding flowers,2495
wedding white flowers,2534
white flowers wedding decor,2487
spring flowers wedding,2484
dusty blue wedding flowers,2462
wedding arbor flowers,2450
winter wedding flowers bouquets,2438
pink and white wedding flowers,2427
church flowers wedding,2426
hydrangea wedding flowers,2423
black wedding flowers,2407
wedding hairstyles flowers,2407
pink and blue wedding flowers,2400
wedding pedestal flowers,2393
blue flowers wedding,2374
blush wedding flowers,2372
wedding welcome sign with flowers,2357
lavender wedding flowers,2321
wedding arches with flowers,2313
2 tier wedding cake with flowers,2302
colorful flowers wedding,2298
naked wedding cake with flowers,2290
welcome sign wedding flowers,2282
wedding flowers peonies,2310
wedding church flowers,2275
whimsical wedding flowers,2232
wedding car flowers,2223
sage green wedding flowers,2218
coral wedding flowers,1867
hair flowers wedding,2192
staircase flowers wedding,2170
elegant wedding flowers,2165
table flowers wedding,2159
red flowers wedding,2130
vintage wedding flowers,2070
costco wedding flowers,2048
wildflower wedding flowers,2184
wedding flowers hand,2039
bouquet flowers wedding,2032
simple wedding cake with flowers,2001
wedding flowers hydrangea,2001
peony wedding flowers,2000
wedding bar flowers,1975
autumnal wedding flowers,1958
wedding flowers arrangements,1951
wedding chuppah flowers,1948
flowers hanging from ceiling wedding,1945
unique wedding flowers,1919
1 tier wedding cake with flowers,1918
aisle flowers wedding walkways,1917
burnt orange wedding flowers,1908
one tier wedding cake with flowers,1908
pink flowers wedding,1906
flowers in hair wedding,1892
pastel flowers wedding,1891
all white wedding flowers,1884
plum wedding flowers,2060
two tier wedding cake with flowers,1845
bouquet of flowers for wedding,1832
lilac wedding flowers,1825
wedding flowers red,1823
white wedding flowers bouquet,1822
wedding decor flowers,1816
wedding flowers purple,1796
april wedding flowers,1561
wedding flowers decor,1781
magnolia wedding flowers,1731
summer wedding flowers bouquets,1724
minimalist wedding flowers,1724
bride bouquet white elegant wedding flowers,1703
white and blush wedding flowers,1678
flowers wedding bouquet,1674
mauve wedding flowers,1674
bar flowers wedding,1673
paper flowers wedding,1663
dark wedding flowers,1649
wedding flowers spring,1675
flowers down the aisle wedding,1636
resin wedding flowers,1635
ceiling flowers wedding,1634
italian wedding flowers,1631
wedding ideas flowers,1624
garden wedding flowers,1622
blue wedding flowers bouquet,1617
family flowers for wedding,1617
boho wedding flowers bouquet,1599
fake wedding flowers,1582
white boquetes of flowers wedding,1578
wedding cake pink flowers,1559
blue and pink wedding flowers,1575
burgundy and blush wedding flowers,1575
floating flowers wedding,1566
white and pink wedding flowers,1566
wedding flowers colorful,1552
flowers bouquet wedding,1551
wedding flowers lilies,1549
wedding sign flowers,1544
thistle wedding flowers,1542
classic wedding flowers,1536
sunset wedding flowers,1530
wedding invitations flowers,1526
flowers wedding dress,1521
wedding car design flowers,1828
coastal wedding flowers,1511
sweetheart table wedding flowers,1509
country wedding flowers,1506
hawaiian wedding flowers,1202
wedding top table flowers,1503
dried wedding flowers keepsake,1477
flowers for wedding bouquet,1476
july wedding flowers,1475
wedding arbour flowers,1473
purple flowers wedding,1469
march wedding flowers,1464
wedding cake with blue flowers,1457
semi naked wedding cake with flowers,1445
wedding dress flowers embroidery,1434
gothic wedding flowers,1433
wedding venue flowers,1432
flowers on wedding cake,1428
types of wedding flowers,1422
chair flowers wedding,1671
wedding nails flowers,1416
wedding flowers green,1409
wedding cake with fresh flowers,1403
wedding flowers church,1395
pink orange wedding flowers,1395
crochet wedding flowers,1384
pressed wedding flowers,1382
flowers for wedding decoration,1348
arbor flowers wedding,1339
rose gold wedding flowers,1328
pew flowers for wedding,1325
simple wedding flowers bouquets,1321
rust wedding flowers,1317
black and white wedding theme receptions decor table settings flowers,1316
wedding flowers sunflowers,1314
rustic wedding flowers bouquet,1306
wedding flowers white and green,1300
wedding gazebo flowers,1297
fall wedding flowers november,1221
romantic wedding flowers,1284
wedding sign with flowers,1283
wedding flowers bride,1281
wedding without flowers,1273
wedding cake purple flowers,1264
flowers arrangements wedding,1262
tulip wedding flowers,1148
white flowers for wedding,1244
beach wedding flowers bouquet,1225
wood flowers wedding,1222
4 tier wedding cake with flowers,1219
terracotta flowers wedding,1182
flowers decoration for wedding,1165
light blue wedding flowers,1164
wedding flowers background,1148
wedding wild flowers,1147
wedding flowers roses,1136
wedding cake fresh flowers,1128
wedding cake blue flowers,1125
pink and green wedding flowers,1125
cheap wedding flowers,1029
outdoor wedding flowers,1121
flowers for wedding tables,1119
pink wedding flowers bouquet,1106
wedding flowers wildflowers,1099
january wedding flowers,1118
brown wedding flowers,1074
red and pink wedding flowers,1060
resin bouquet wedding flowers,1059
wedding decoration flowers,1041
bright flowers wedding,1039
coffee filter flowers wedding,1027
cake flowers wedding,1016
february wedding flowers,1006
pink and red wedding flowers,1005
old money wedding flowers,1107
burgundy flowers wedding,974
wedding flowers ceremony,970
black tie wedding flowers,967
yellow flowers wedding,965
wedding cake no flowers,960
wedding flowers simple,955
gold wedding flowers,952
wedding veil with flowers,949
wedding dress 3d flowers,937
flowers wedding table,930
white and green flowers wedding,921
wedding decor without flowers,920
wedding ceremony aisle flowers,916
wedding anniversary flowers,900
blue and green wedding flowers,900
blue and yellow wedding flowers,893
wedding cake without flowers,887
wedding flowers bride bouquets,886
milk churn wedding flowers,883
wedding cake with real flowers,882
blush pink wedding flowers,879
wedding nails with flowers,875
barn wedding flowers,872
potted flowers wedding,872
wedding flowers diy,871
minimal wedding flowers,868
wedding bouquet of flowers,867
wedding cake with white flowers,865
dahlia wedding flowers,864
lily wedding flowers,862
dusty rose wedding flowers,849
fall wedding flowers september,843
all white flowers wedding,840
red wedding flowers bouquet,836
wedding flowers winter,1065
wedding dress with colorful flowers,817
marigold wedding flowers,815
wedding dried flowers,813
fake flowers wedding,811
white and peach wedding flowers,808
wedding dress with embroidered flowers,806
hanging wedding flowers,806
bucket wedding flowers,806
preserved wedding flowers,795
giant paper flowers wedding,795
wild wedding flowers,784
flowers wedding cake,782
forest wedding flowers,781
white flowers wedding table,776
summer flowers wedding,775
wedding hair down with flowers,652
ground flowers wedding ceremony,771
wedding veil flowers,765
mexican wedding flowers,763
purple wedding flowers bouquet,763
orange and pink wedding flowers,761
head table wedding flowers,756
daisy wedding flowers,755
cream wedding flowers,753
teal wedding flowers,752
wedding boutique flowers,752
white green wedding flowers,746
blue and orange wedding flowers,743
wedding flowers for bride,642
pink and purple wedding flowers,740
dusty pink wedding flowers,739
wedding pocket flowers,738
wedding flowers autumn,737
meadow flowers wedding,736
wedding arrangements flowers,731
wooden flowers wedding,704
green flowers wedding,727
welcome wedding sign with flowers,726
vintage wedding cake with flowers,723
blue and purple wedding flowers,719
wedding bride flowers,715
wedding decor no flowers,714
wild flowers wedding theme,706
wedding flowers yellow,706
half up half down wedding hair with flowers,732
classy wedding flowers,699
orange flowers wedding,696
navy wedding flowers,698
wedding table flowers simple,694
wedding flowers pastel,694
rainbow wedding flowers,691
wedding cross with flowers,688
faux wedding flowers,686
light pink wedding flowers,673
navy blue wedding flowers,669
flowers hair wedding,667
yellow and white wedding flowers,655
timeless wedding flowers,651
colourful flowers wedding,567
bright pink wedding flowers,644
green and white flowers wedding,643
contemporary wedding flowers,641
wedding dresses with flowers detail,637
costco flowers wedding,636
white and yellow wedding flowers,633
winter flowers wedding,631
blue and white flowers wedding,630
red boquetes of flowers wedding,624
artificial wedding flowers,622
fall flowers for wedding,616
wedding flowers blue and white,615
tropical flowers wedding,615
wedding cake pastel flowers,613
orchid wedding flowers,663
sunflower wedding flowers,612
pillar flowers wedding ceremony,612
natural wedding flowers,607
gazebo flowers wedding,605
wedding flowers drawing,637
poppy wedding flowers,602
wedding party flowers,601
wedding no flowers,599
silk flowers wedding,598
wedding stage flowers,596
wedding barrels with flowers,590
wedding red flowers,590
vintage wedding flowers bouquet,522
backyard wedding flowers,589
wedding updo with flowers,588
wedding flowers in hair,549
wedding flowers orange,579
flowers mala for wedding,579
blush and white wedding flowers,579
wedding dresses 3d flowers,572
wedding flowers design,572
emerald green wedding flowers,572
preserve wedding flowers,566
preserving wedding flowers,566
boho flowers wedding,565
late summer wedding flowers,563
blue white wedding flowers,558
purple and blue wedding flowers,555
wedding flowers green and white,554
dry flowers wedding,553
altar wedding flowers,551
fireplace flowers wedding,550
wedding with flowers,546
dark and moody wedding flowers,545
dried flowers wedding decor,544
garden party wedding flowers,518
meadow wedding flowers,543
wild flowers wedding bouquet,541
beige wedding flowers,537
wedding blue flowers,536
wrist flowers wedding,534
red and white wedding flowers,534
wedding flowers baby breath,532
wedding entrance flowers,531
diy bouquet wedding artificial flowers,531
bridgerton wedding flowers,531
wedding pink flowers,529
white wedding dress with flowers,528
simple wedding cake flowers,527
3d flowers wedding dress,523
wedding white flowers decoration,523
green and pink wedding flowers,521
wedding table no flowers,521
small wedding flowers,520
wedding mirror with flowers,741
wedding flowers pink and white,514
diy flowers wedding,513
green white wedding flowers,512
wedding flowers eucalyptus,466
mountain wedding flowers,511
wedding table white flowers,507
wedding alter flowers pillars,506
pale pink wedding flowers,504
artificial flowers decoration wedding,500
autumn flowers wedding,499
diy wedding flowers bouquet,499
wedding cake burgundy flowers,499
pastel wedding flowers bridal bouquets,498
ceremony wedding flowers,496
sage wedding flowers,494
wedding flowers white roses,494
dark purple wedding flowers,494
goth wedding flowers,491
gazebo wedding flowers,491
wedding cake with purple flowers,489
yellow and blue wedding flowers,488
calla lily wedding flowers,486
silk wedding flowers,483
wedding cake with red flowers,479
peach flowers wedding,479
wedding cake fondant flowers,479
lily of the valley wedding flowers,478
traditional wedding flowers,478
civil wedding flowers,478
white flowers and candles wedding,477
wedding cake dried flowers,477
flowers church wedding,475
trader joe’s flowers wedding,473
baby blue wedding flowers,472
wedding cake real flowers,472
blue flowers for wedding,470
wedding bokeh flowers,468
halloween wedding flowers,467
luxury wedding flowers,466
bohemian wedding flowers,466
wedding bucket flowers brides,466
pergola flowers wedding,463
wedding with no flowers,462
artificial flowers wedding,462
white green blue wedding flowers,460
wild flowers bouquet wedding,459
wedding hairstyle with flowers,458
wedding cake buttercream flowers,458
minimal flowers wedding,458
simple wedding table flowers,458
wedding cake naked flowers,456
wedding day flowers,478
wedding paper flowers,454
purple and white wedding flowers,454
wedding flowers orchids,454
maroon wedding flowers,453
wedding hairstyles half up half down with flowers,453
wedding table candles and flowers,451
white flowers and greenery wedding,449
native wedding flowers,448
september flowers wedding,448
wedding hairstyles for long hair with flowers,448
pink red orange wedding flowers,447
affordable wedding flowers,436
butter yellow wedding flowers,443
diy wedding bouquet real flowers,443
mums wedding flowers,441
top table wedding flowers,440
pink and peach wedding flowers,440
church wedding flowers altar catholic,438
ivory wedding flowers,437
wedding sweetheart table flowers,437
desert wedding flowers,436
dark blue wedding flowers,436
wedding dress with 3d flowers,432
wedding flowers for tables,431
bouquet of flowers wedding simple,429
courthouse wedding flowers,428
wedding cake red flowers,427
long table wedding flowers,426
wedding pew flowers,424
waterfall bouquet wedding cascading flowers,424
wedding pillars with flowers,422
blue flowers wedding decoration,422
wedding dress with flowers on it,421
pressed flowers wedding,419
wedding cake orange flowers,418
wedding flowers burgundy,416
wedding flowers altar,416
dried flowers for wedding,415
wedding round table flowers,415
cross flowers wedding,486
fountain flowers wedding,413
peach and blue wedding flowers,413
wedding cake colorful flowers,412
types of flowers for wedding,411
autumn wedding flowers october bridal bouquets,410
no flowers wedding decor,409
wedding cake yellow flowers,407
wedding flowers bright,407
flowers at wedding,403
wedding signs with flowers,403
dark green wedding flowers,403
celestial wedding flowers,401
wedding flowers boho,401
flowers wedding ceremony,418
wedding gifts for guests,102371
wedding gifts for bride and groom,71412
creative wedding gifts,47107
wedding anniversary gifts,47814
wedding gifts packaging,26979
wedding thank you gifts,17217
wedding gifts ideas,13698
handmade wedding gifts,10984
diy wedding gifts,10876
wedding guest gifts,10698
wedding gifts for bride,9855
wedding anniversary gifts for husband,7272
indian wedding gifts,33977
wedding return gifts indian,8159
best wedding gifts,7516
homemade wedding gifts,7384
wedding anniversary gifts for parents,6160
wedding gifts for couples,4958
personalized wedding gifts,7021
indian wedding gifts for guests,6863
indian wedding return gifts ideas,6205
gifts for parents on wedding day,2535
gifts for bride on wedding day,5998
gifts for wedding guests,4976
wedding gifts for parents,4894
unique wedding gifts,4563
unique wedding gifts for bride and groom,3570
thank you gifts for wedding guests,4151
diy wedding gifts for bride and groom,4248
wedding party gifts,4154
gifts for wedding,4145
wedding shower gifts,4148
embroidery wedding gifts,3949
wedding gifts for men,5694
resin wedding gifts,4114
wedding gifts ideas for couple,3399
wedding return gifts,3325
groomsmen gifts wedding day,4380
wedding anniversary gifts for couple,2918
thoughtful wedding gifts,3003
best wedding gifts for couple,2919
day of wedding bridesmaid gifts,2837
bridesmaids gifts day of wedding,2764
bridesmaid wedding day gifts,2481
wedding day gifts,2447
diy wedding gifts for guests,2425
cute wedding gifts,2540
25 wedding anniversary gifts,2286
50 wedding anniversary gifts,2280
sentimental wedding gifts,2503
wedding gifts for groom,2268
embroidered wedding gifts,2222
creative wedding gifts for the couple,2004
small wedding gifts,1977
custom wedding gifts,1972
last minute wedding gifts,1957
wedding gifts packaging for groom,1926
gifts for bridesmaids on wedding day,1915
wedding anniversary gifts by year,1869
personal wedding gifts,1830
4th wedding anniversary gifts for him,1788
wedding gifts for bridesmaids,1669
wedding shower gifts for bride,1654
wedding gifts for guests cheap,2831
unique wedding gifts for couple,1630
crochet wedding gifts,1571
traditional wedding anniversary gifts,1541
welcome gifts for guests wedding,1493
5th wedding anniversary gifts for him,1304
wedding welcome gifts,1464
daughter wedding gifts,1461
wedding gifts for friends,1451
thank you gifts wedding,1446
meaningful wedding gifts,1425
creative wedding gifts for guests,1416
wedding gifts packaging ideas,1408
9 year wedding anniversary gifts for him,1386
2nd wedding anniversary gifts for him,1363
funny wedding gifts,1316
personalised wedding gifts,1300
gifts for wedding party,1285
no gifts please wording wedding,1263
wedding gifts for best friend,1231
9th wedding anniversary gifts for him,1215
personalized wedding gifts for couple,1193
diy wedding gifts for couple,1191
wedding take home gifts,1189
wedding party gifts for bridesmaids,1162
good wedding gifts,1141
8 year wedding anniversary gifts for him,1138
gifts for friends wedding,1116
wedding anniversary gifts for him,1111
6th wedding anniversary gifts for him,971
gifts for couples wedding marriage,1072
20th wedding anniversary gifts,936
ideas for wedding gifts,934
wedding countdown gifts,922
wedding gifts for groom from bride,921
wedding shower gifts basket,902
wedding gifts for sister,884
personalized wedding gifts for bride and groom,862
50th wedding anniversary gifts,846
cadeau bruiloft wedding gifts,845
wedding gifts for husband,840
parent gifts wedding,832
thoughtful wedding gifts for the couple,811
indian wedding gifts for groom,800
pottery wedding gifts,797
2 year wedding anniversary gifts for him,786
wedding diy gifts,773
wedding gifts for groomsmen,765
gifts for best friends wedding,750
gifts for sister wedding,747
day of wedding gifts,734
ruby wedding anniversary gifts,706
gifts for wedding anniversary,702
wedding gifts for guests diy,697
destination wedding guest gifts,689
customized wedding gifts,687
15 year wedding anniversary gifts,680
wedding anniversary gifts ideas,679
cricut wedding gifts,675
best wedding gifts for bride and groom,675
cheap wedding gifts,672
wedding gifts for couple,670
diy wedding anniversary gifts,667
wedding ideas gifts,665
3rd wedding anniversary gifts for him,662
unusual wedding gifts,657
best friend wedding gifts,646
cute wedding gifts for couple,641
wedding anniversary gifts for parents diy cute ideas,630
boho wedding gifts,630
luxury wedding gifts,624
traditional wedding gifts by year,609
sentimental gifts for best friends wedding,607
golden wedding anniversary gifts,604
unique wedding shower gifts,566
4 year wedding anniversary gifts for him,560
leather wedding anniversary gifts,538
diy wedding thank you gifts,548
wedding gifts table,547
wedding gifts Indian,546
traditional wedding gifts,538
wedding advent calendar gifts ideas,537
diy wedding gifts for bride and groom crafts ideas,525
homemade wedding gifts diy,524
wedding table gifts,521
gifts for bride on wedding day from maid of honor,515
wedding gifts for son from mom,515
simple wedding gifts,514
wooden wedding gifts,514
memorable wedding gifts,512
special wedding gifts,511
engraved wedding gifts,507
gifts for best friend wedding,507
wedding gifts for husband on wedding day,497
men wedding gifts ideas,496
return gifts indian ideas for wedding,494
wedding gifts money,490
wedding table gifts for guests,488
gifts table wedding,485
wedding guests gifts,479
second wedding anniversary gifts for him,479
15th wedding anniversary gifts,472
wedding guest gifts ideas,472
couple gifts for wedding,468
simple wedding gifts for bride and groom,468
diy wedding anniversary gifts for him,465
islamic wedding gifts,460
wedding guest souvenirs gifts,456
45th wedding anniversary gifts,453
wedding day gifts for parents,447
wedding guest thank you gifts,422
wedding gifts for him,441
indian wedding return gifts,440
wedding gifts for mom,439
practical wedding gifts,439
gifts for 25th wedding anniversary ideas,437
christian wedding gifts,428
wedding gifts for newlyweds,425
useful wedding gifts,416
gifts for daughter on wedding day,415
gifts for 50th wedding anniversary,413
wedding gifts for guest,401
ball gown wedding dress,83702
muslim wedding gown,58994
vintage wedding gown,31342
satin wedding gown,17891
white gown wedding,15080
wedding dress ball gown,13476
gown for wedding,12752
wedding ball gown,12657
wedding gown simple,12043
wedding gown ideas classy,11592
minimalist wedding gown,10331
wedding gown patterns,10706
classy wedding gown,10574
christian wedding gown,9624
white wedding gown,9393
dream wedding gown,9103
mermaid wedding gown,7674
silk wedding gown,7298
drop waist wedding dress ball gown,6975
princess gown wedding dress,6482
princess wedding gown,6233
lace wedding gown,6207
wedding gown ideas,6180
wedding gown hijab,6178
off shoulder wedding gown,6515
corset wedding gown,5914
wedding gown inspiration,5821
elegant wedding gown,5522
satin ball gown wedding dress,5518
luxury wedding gown,5499
fairy wedding gown,5381
floral wedding gown,4668
garden wedding gown,5221
gown wedding dress,5209
wedding guest gown,5188
hairstyle for gown indian wedding,5131
timeless wedding gown,5037
purple wedding gown,4536
halter wedding gown,4511
a line wedding gown,4260
filipiniana wedding gown,4117
korean wedding gown,3873
wedding gown brand,3643
tulle wedding gown,3617
wedding dress gown,3395
boatneck wedding gown,3394
long sleeve ball gown wedding dress,3338
repurpose wedding gown,3755
maternity wedding gown,3215
civil wedding gown,3122
wedding gown styles,3072
wedding gown with veil,2047
green wedding gown,3044
ankara long gown styles for wedding,2924
modern filipiniana wedding gown,2842
wedding gown for petite bride,2785
champagne wedding gown,2767
ball gown wedding dress with sleeves,2648
corset ball gown wedding dress,2621
fairytale wedding gown,2570
wedding gown with cape,2557
gown for wedding guest,2495
wedding gown indian,2481
mermaid gown wedding,2468
wedding gown off shoulder,2625
strapless ball gown wedding dress,2452
classic wedding gown,2430
wedding gown for pregnant brides,2424
serpentina wedding gown,2413
wedding gown design,2398
two way wedding gown,2357
wedding gown with gloves,2837
dior wedding gown,2315
tail gown for pre wedding,2311
wedding white gown,2307
hijab wedding gown,2283
2 way wedding gown,2265
ball gown wedding dress princess,2257
dropwaist wedding gown,3718
high neck wedding gown,2170
milly bobby brown wedding gown,2116
gown for wedding indian receptions,2104
wedding gown aesthetic,2070
simple wedding gown minimalist,2066
wedding gown for short bride,2065
wedding gown mermaid,2015
wedding gown elegant,2002
sheath wedding gown,1977
wedding gown sketches design,1966
wedding gown lace,1916
satin wedding gown with sleeves,1877
wedding gown plus size,1822
lace ball gown wedding dress,1784
flower wedding dress floral gown,1752
blush wedding gown,1652
modern minimalist wedding gown,1544
pre wedding gown photoshoot,2022
modern wedding gown,1580
modern filipiniana gown wedding,1574
short gown ankara styles for wedding,1566
drop waist wedding gown,1564
wedding gown ballgown,1552
mother gown for wedding,1505
hairstyle on gown indian wedding,1497
wedding gown a line,1492
fitted wedding gown,1477
strapless wedding gown,1476
v neck wedding gown,1465
wedding gown simple elegant,1469
black ball gown wedding dress,1446
white gown wedding indian,1442
wedding gown muslim,1470
filipiñana wedding gown modern,1405
tube wedding gown,1400
wedding gown simple classy,1391
reception dress bride indian gown wedding ideas,1379
rose gold gown wedding,1375
nigeria wedding gown styles,1373
dream wedding gown princesses,1365
wedding gown long sleeve,1363
satin wedding gown mermaid,1335
tulle ball gown wedding dress,1320
elegant ball gown wedding dress,1318
wedding gown back design,1340
sleeveless wedding gown,1261
off the shoulder ball gown wedding dress,1235
big ball gown wedding dress,1217
minimalist wedding gown classy,1207
marian rivera wedding gown,1207
simple ball gown wedding dress,1206
wedding gown princess,1181
wedding ball gown princess,1178
wedding gown designs,1163
long gown for wedding,1160
gold wedding gown,1146
latest gown designs indian wedding,1138
wedding gown korean,1128
off white wedding gown,1106
mothers gown for wedding mom,1086
ninang gown for wedding,1079
a line ball gown wedding dress,1059
traditional wedding gown,1040
wedding gown sketch,1038
fantasy wedding gown,1033
organza wedding gown,1017
gown indian wedding,997
wedding guest gown classy,994
pakistani wedding gown,989
white gown for wedding,981
wedding gown satin,940
wedding gown for plus size,937
wedding gown hairstyle,932
mikado wedding gown,920
sparkly ball gown wedding dress,1048
simple wedding gown with sleeves,885
red gown wedding,879
square neck wedding gown,878
trumpet wedding gown,874
wedding gown minimalist,869
embroidered wedding gown,865
the fool in her wedding gown,876
plain wedding gown,853
luxury ball gown wedding dress,839
wedding evening gown,641
antique wedding gown,832
wedding gown vintage classy,832
wedding dress white gown,820
pearl wedding gown,803
off shoulder wedding dress ball gown,801
white ball gown wedding dress,791
gown pre wedding shoot,789
gown for wedding party,786
trail gown for pre wedding shoot,782
pnina tornai wedding dress ball gown,780
aesthetic wedding gown,776
elegant wedding gown classy,772
cinderella gown wedding,759
gown wedding guest,759
ball gown wedding dress with veil,746
wedding gown for bride,743
fish tail wedding gown,739
straight wedding gown,738
big wedding gown,737
drop waist ball gown wedding dress,736
burgundy gown wedding,732
wedding gown silk,729
wedding gown alterations,720
white wedding dresses ball gown,711
black gown wedding,711
nigerian wedding reception gown,711
wedding ball gown with sleeves,709
black gown indian wedding dresses,707
long sleeve wedding dress ball gown princesses,707
full sleeve wedding gown,706
bowl gown wedding dress,695
ivory wedding gown,692
big wedding dresses ball gown long train,691
wedding gown illustration,737
vera wang wedding dress ball gown,675
victorian wedding gown,676
vivienne westwood wedding gown,673
wedding gown corset,670
dream wedding dresses ball gown,667
wedding gown photoshoot,665
ball gown wedding dress princess glitter,663
wedding gown bustle,663
lace gown styles for wedding,654
french lace wedding gown,651
black wedding dresses ball gown,649
simple gown for wedding,756
whimsical wedding gown,645
samantha wedding gown,639
silver wedding gown,633
pre wedding gown design,629
aline wedding gown,629
modest ball gown wedding dress,628
wedding gown designs brides,625
gown packing ideas for wedding,620
wedding gown cuts,618
wedding gown modest,669
wedding gown christian,615
ball gown wedding dress with train,520
wedding gown for bridesmaid,611
pleated wedding gown,605
gown design for wedding,671
wedding gown with detachable skirt,600
wedding guest gown indian,593
turtle neck wedding gown,591
wedding gown backless,590
halter neck wedding gown,585
golden wedding gown,579
silk wedding gown satin,575
princess wedding gown fairytale,571
cinderella wedding gown,577
long wedding gown,556
turkish wedding gown,647
wedding gown kerala,551
wedding gown vivienne westwood,548
western wedding gown,546
luxury wedding ball gown,531
open hairstyles indian wedding gown,531
court wedding gown,520
wedding gown with pearls,519
long sleeves wedding gown,519
long gown for wedding guest,494
cinderella ball gown wedding dress,494
gown for sisters wedding,512
gown for wedding reception,604
detachable wedding gown,509
wedding gown vintage,507
grey gown indian wedding,506
wedding ball gown dresses,502
beige wedding gown,496
off the shoulder wedding gown,495
basque waist ball gown wedding dress,623
ankara gown styles for wedding,562
wedding gown hairstyles brides,489
sister gown for wedding,487
wedding gown sleeves design,486
flowy wedding gown,483
goddess wedding gown,470
extra wedding dresses ball gown,482
bridal gown designs wedding dresses,481
white wedding gown with veil,414
minimalist gown wedding,474
mom gown for wedding,467
filipina wedding gown,466
wedding gown filipiniana,464
wedding gown mermaid classy,462
heart evangelista wedding gown,462
wedding gown veil,460
wedding gown elegant classy,458
silk ball gown wedding dress,457
wedding gown neckline types,454
mermaid wedding gown elegant,454
wedding gown accessories,451
wedding gown 2026,447
princess wedding gown with sleeves,447
garden wedding gown ideas,446
square neck ball gown wedding dress,446
red gown for wedding,444
long gown wedding guest,440
megan young wedding gown,439
wedding dress ball gown with sleeves,437
wedding dresses ball gown lace,434
emerald green gown wedding,431
yellow wedding gown,427
wedding gown and suit,427
wedding princess gown,426
tell gown pre wedding,426
wedding gown reception,424
wedding mermaid gown,420
gown saree design wedding dresses,420
cream gown wedding,419
black gown wedding guest,418
vintage wedding gown victorian,418
wedding gown types,418
boat neck wedding gown,414
empire wedding gown,412
custom wedding gown,412
hairstyle for wedding gown,412
kerala wedding gown,410
wedding gown for garden wedding,408
wedding gown beach,406
maria clara wedding gown,405
wedding gown styles chart,403
wedding heels for bride,26671
wedding shoes heels,20800
comfortable wedding heels,13906
wedding shoes bride heels,12630
heels for wedding,10383
bride shoes wedding heels,7424
wedding high heels,5849
wedding heels brides,2209
white wedding heels,4870
jimmy choo heels wedding,4479
nude heels wedding,4044
white heels wedding,3667
wedding kitten heels,3053
wedding heels elegant,3443
wedding guest heels,3374
blue wedding heels,3337
jimmy choo wedding heels,3230
bride heels wedding,2992
comfortable wedding heels for bride,2711
gold heels wedding,2286
golden heels wedding,2251
elegant wedding shoes heels,2056
black wedding heels,1962
wedding heels for bride elegant,1958
blue heels wedding,1953
gold wedding heels,1915
white wedding shoes brides heels,1840
wedding heels aesthetic,1741
heels for wedding guest,2005
pink wedding heels,1489
white high heels wedding,1552
short heels for wedding,1479
heels for wedding brides,1478
short wedding heels,1367
sandals heels wedding indian,1314
silver heels wedding,1313
pearl wedding heels,1293
bridal wedding shoes heels,1283
wedding block heels,1225
wedding heels for bride indian,1164
high heels for wedding,1116
indian wedding heels,1040
louboutin wedding heels,1013
shoes wedding heels,981
chunky wedding heels,969
louboutin heels wedding,967
red wedding heels,961
high heels wedding shoes,942
wedding heels jimmy choo,1003
beautiful wedding shoes brides heels,933
western wedding heels,922
wedding dress heels,901
platform wedding heels,893
vintage wedding heels,851
kitten heels wedding,825
heels for women wedding,784
low wedding heels,778
lace wedding heels,707
white heels for wedding,691
black heels wedding,682
aquazurra heels wedding,656
wedding platform heels,632
simple wedding heels,632
green wedding heels,631
silver wedding heels,622
block heels wedding,621
heels wedding guest,588
heels for wedding bridesmaid,572
wedding high heels brides,559
wedding guest shoes heels,547
elegant wedding heels,500
dior wedding heels,560
designer wedding heels,523
wedding heels short,515
sage green heels wedding shoes,503
wedding sandals for bride heels,500
wedding kitten heels bridal,492
wedding heels designer,467
sandals heels wedding,465
unique wedding heels,465
white wedding heels for bride,465
bride shoes wedding heels white,464
bride heels wedding indian,462
wedding day heels,441
wedding shoes not heels,433
blue wedding heels for bride,432
wedding guest outfit no heels,432
wedding dress shoes heels,422
beach wedding heels,418
diy wedding heels,402
creative wedding invitations design,129965
wedding invitations ideas,81985
muslim wedding invitations,56640
minimalist wedding invitations,51297
elegant wedding invitations,29078
caricature wedding invitations,44439
digital wedding invitations templates,42588
modern wedding invitations,61921
classy wedding invitations,31481
diy wedding invitations,28971
simple wedding invitations,28722
digital wedding invitations,28299
wedding invitations elegant,27612
unique wedding invitations,27259
digital invitations wedding,23734
luxury wedding invitations,21864
vintage wedding invitations,19076
black and white wedding invitations,15963
quirky wedding invitations,15290
passport wedding invitations,14969
wedding invitations template,14384
destination wedding invitations,13874
wedding invitations digital,13816
hand drawn wedding invitations,13396
cartoon wedding invitations,13156
green wedding invitations,12412
watercolor wedding invitations,12122
islamic wedding invitations template,11657
wedding invitations card,11591
indian wedding invitations,11461
floral wedding invitations,10888
timeless wedding invitations,10862
fall wedding invitations,10262
rustic wedding invitations,10174
traditional wedding invitations,10143
colorful wedding invitations,9759
blue wedding invitations,9618
purple wedding invitations,9487
fun wedding invitations,9476
digital wedding invitations design,8979
red wedding invitations,8687
burgundy wedding invitations,8605
elegant wedding invitations classy,8487
retro wedding invitations,8312
newspaper wedding invitations,8283
embossed wedding invitations,8136
wedding invitations with pictures,8057
beach wedding invitations,7970
classic wedding invitations,7944
luxury wedding invitations box,7722
wedding invitations design,7486
wedding invitations background,7150
pink wedding invitations,6270
boho wedding invitations,6800
winter wedding invitations,6777
spring wedding invitations,6771
canva wedding invitations,6769
traditional indian wedding invitations,6753
creative wedding invitations,6700
funny wedding invitations,6642
wedding reception invitations,6604
western wedding invitations,6560
virtual wedding invitations,6474
handmade wedding invitations,6372
black tie wedding invitations,6355
sage green wedding invitations,6309
vellum wedding invitations,6272
letterpress wedding invitations,6237
black wedding invitations,6217
unique wedding invitations elegant,6197
wedding invitations video,6150
formal wedding invitations,6120
eclectic wedding invitations,6023
cool wedding invitations,5850
aesthetic wedding invitations,5715
christmas wedding invitations,5662
whimsical wedding invitations,5656
wildflower wedding invitations,5570
mexican wedding invitations,5553
cricut wedding invitations,5541
victorian wedding invitations,5527
illustrated wedding invitations,5507
dusty blue wedding invitations,5039
digital wedding invitations templates design,5191
navy blue wedding invitations,5073
bright wedding invitations,4913
save the date wedding invitations,4891
scroll wedding invitations,4800
gothic wedding invitations,4730
garden wedding invitations,4697
gold wedding invitations,4619
pakistani wedding invitations,4576
wedding invitations indian,4522
fancy wedding invitations,4478
25th wedding anniversary invitations,4444
cartoon wedding invitations illustration,4427
50th wedding anniversary invitations,4416
modern indian wedding invitations,4366
old money wedding invitations,4315
italian wedding invitations,4267
catholic wedding invitations,4237
diy wedding invitations handmade,4200
wedding invitations green,4138
funky wedding invitations,5372
wedding shower invitations,4098
arabic wedding invitations,4093
gatefold wedding invitations,4037
autumn wedding invitations,4031
wedding digital invitations,4031
wedding invitations unique,4025
homemade wedding invitations,3769
animated wedding invitations videos,3982
pastel wedding invitations,3922
electronic wedding invitations,3908
reception only wedding invitations,3882
white wedding invitations,3488
pearl wedding invitations,3794
online wedding invitations design,3789
wedding invitations simple,3776
hindu wedding invitations,3740
wedding invitations blue,3729
coastal wedding invitations,3703
cute wedding invitations,3702
spanish wedding invitations,3467
tropical wedding invitations,3462
orange wedding invitations,3414
summer wedding invitations,3379
vintage wedding invitations elegant,3373
modern wedding invitations minimalist,3372
passport invitations wedding,3323
classic wedding invitations elegant,3279
enchanted forest wedding invitations,3264
online wedding invitations templates,3238
luxury indian wedding invitations,3207
garden party wedding invitations,3201
digital wedding invitations indian,3192
elegant wedding invitations luxury,3123
wedding invitations with photos,3116
photo wedding invitations,3096
moody wedding invitations,3094
fairytale wedding invitations,3092
brown wedding invitations,3076
wedding anniversary invitations,3068
emerald green wedding invitations,3039
dark wedding invitations,3035
mountain wedding invitations,3023
hand painted wedding invitations,3012
blank wedding invitations,2465
wedding invitations envelopes,2958
lavender wedding invitations,2947
handwritten wedding invitations,2928
wedding invitations aesthetic,2898
unique modern wedding invitations,3037
light blue wedding invitations,2887
wedding invitations online,2883
simple wedding invitations elegant,2874
wedding party invitations,3485
wedding invitations pink,2742
country wedding invitations,2739
trifold wedding invitations,2711
wedding invitations black and white,2675
box wedding invitations,2649
laser cut wedding invitations,2420
watercolour wedding invitations,2608
wedding invitations minimalist,2600
chic wedding invitations,2595
wedding card ideas invitations,2518
trendy wedding invitations,2503
yellow wedding invitations,2560
dark green wedding invitations,2494
wedding invitations red,2493
traditional wedding invitations african,2485
forest wedding invitations,2467
wedding invitations vintage,2457
rose gold wedding invitations,2256
graphic wedding invitations,2451
online wedding invitations,2447
digital invitations wedding design,2414
wedding invitations templates free,2365
royal blue wedding invitations,2364
3d wedding invitations,2340
blue and white wedding invitations,2330
expensive wedding invitations,2306
e wedding invitations,2298
romantic wedding invitations,2297
acrylic wedding invitations,2287
simple elegant wedding invitations,2254
islamic wedding invitations,2216
white and gold wedding invitations,2213
wedding invitations wording,2196
wedding save the date invitations,2164
lilac wedding invitations,2163
terracotta wedding invitations,2160
original wedding invitations,2126
wedding invitations floral,2102
wedding invitations illustration,2100
black wedding invitations classy,2089
disney wedding invitations,2056
olive green wedding invitations,2048
golden wedding anniversary invitations,2032
black and gold wedding invitations,2022
harry potter wedding invitations,2018
sunflower wedding invitations,2011
wax seal wedding invitations,2008
intimate wedding invitations,1988
wedding invitations photo,1970
how to address wedding invitations,1966
beige wedding invitations,1963
goth wedding invitations,1956
wedding invitations templates design,1373
blush pink wedding invitations,1946
colourful wedding invitations,1940
dusty pink wedding invitations,1912
unusual wedding invitations,1881
luxury wedding invitations unique,1879
muslim wedding invitations template,1876
celestial wedding invitations,1850
travel wedding invitations,1831
art deco wedding invitations,1799
wedding invitations colorful,1796
gold wedding invitations elegant,1773
desi wedding invitations,1767
sage wedding invitations,1765
addressing wedding invitations,1765
letter pressed wedding invitations,1756
wedding invitations rustic,1740
neutral wedding invitations,1733
pocket wedding invitations,1727
christian wedding invitations,1709
passport wedding invitations template,1691
halloween wedding invitations,1689
simple wedding invitations minimalist,1689
champagne wedding invitations,1704
maroon wedding invitations,1687
crazy wedding invitations,1686
watercolor invitations wedding,1678
wedding invitations black,1676
green and gold wedding invitations,1652
traditional wedding invitations indian,1641
wedding invitations modern,1623
simple wedding invitations diy,1622
wedding invitations sage green,1602
vellum wrapped wedding invitations,1407
wedding invitations with ribbon,1598
wedding invitations 2026,1593
keepsake wedding invitations,1592
burnt orange wedding invitations,1589
transparent wedding invitations,1577
dusty blue invitations wedding,1870
custom wedding invitations,1567
glass wedding invitations,1561
beautiful wedding invitations,1553
vegas wedding invitations,1473
canva wedding invitations template,1542
minimalistic wedding invitations,1540
silver wedding invitations,1540
wedding invitations watercolor,1537
wedding invitations purple,1535
rustic wedding invitations diy,1526
black and white invitations wedding,1508
modern simple wedding invitations,1506
wedding invitations muslim,1496
wedding invitations minimal,1473
peach wedding invitations,1469
diy invitations wedding,1449
wedding card messages invitations,1433
pocket fold wedding invitations,1427
greenery wedding invitations,1423
velvet wedding invitations,1417
clear wedding invitations,1410
creative wedding invitations digital,1403
rustic wedding invitations templates,1395
invitations wedding design,1391
animated wedding invitations,1384
emerald wedding invitations,1382
navy wedding invitations,1377
wooden wedding invitations,1398
wedding invitations details,1351
wedding ideas invitations,1350
wedding invitations fall,1353
travel theme wedding invitations,1335
wedding invitations boho,1306
barn wedding invitations,1305
bohemian wedding invitations,1299
qr code wedding invitations,1278
wedding invitations passport,1275
news paper wedding invitations,1262
wedding invitations classic,1242
backyard wedding invitations,1237
elegant wedding invitations templates,1233
boarding pass wedding invitations,1233
bold wedding invitations,1231
lace wedding invitations,1228
invitations wedding template,1223
beach theme wedding invitations,1217
beauty and the beast wedding invitations,1216
printable wedding invitations,1207
las vegas wedding invitations,1202
asian wedding invitations,1192
beach wedding invitations ideas,1189
casual wedding invitations,1188
layered wedding invitations,1179
make your own wedding invitations,1177
save the date background design wedding invitations,1164
purple wedding invitations elegant,1153
custom illustrated wedding invitations,1197
when to send out wedding invitations,1129
vellum paper wedding invitations,1117
jewel tone wedding invitations,1115
bespoke wedding invitations,1106
woodland wedding invitations,1104
ticket wedding invitations,1103
botanical wedding invitations,1094
wedding invitations white,1091
evening wedding invitations,1088
italy wedding invitations,1061
wedding invitations arabic,1061
hydrangea wedding invitations,1060
cheap wedding invitations,1053
pink and green wedding invitations,1030
moroccan wedding invitations,1024
wedding invitations 2026 trends,1022
courthouse wedding invitations,1020
what to include in wedding invitations,1016
fantasy wedding invitations,1010
book wedding invitations,1000
wedding ceremony invitations,992
tuscany wedding invitations,988
sunset wedding invitations,987
caricature wedding invitations templates,1203
book themed wedding invitations,973
wedding invitations pictures,969
tri fold wedding invitations,965
minted wedding invitations,961
peacock wedding invitations,961
small wedding invitations,957
wedding invitations burgundy,953
how to make wedding invitations,949
vellum jacket wedding invitations,948
wedding invitations ribbon,935
ribbon wedding invitations,924
white wedding invitations elegant,920
wedding invitations vellum,912
wedding invitations creative,907
wedding invitations luxury,905
lemon wedding invitations,902
antique wedding invitations,889
nature wedding invitations,882
modern wedding invitations luxury,856
adults only wedding invitations,851
magazine wedding invitations,839
wood wedding invitations,837
contemporary wedding invitations,831
wedding invitations beach,830
cowboy wedding invitations,828
bow wedding invitations,820
monogram wedding invitations,815
mauve wedding invitations,813
star wars wedding invitations,813
wedding box invitations,801
landscape wedding invitations,796
shell wedding invitations,791
wedding online invitations,790
gate fold wedding invitations,789
wedding invitations ideas digital,787
wedding invitations text,786
nautical wedding invitations,778
blush wedding invitations,778
free printable wedding invitations,778
wedding invitations marathi,820
baby blue wedding invitations,776
green and white wedding invitations,775
wedding invitations dress code,773
picture wedding invitations,773
mexico wedding invitations,772
lord of the rings wedding invitations,768
caricature wedding invitations indian,765
rose wedding invitations,755
greek wedding invitations,751
wedding invitations acrylic,749
hawaii wedding invitations,748
butterfly wedding invitations,739
mediterranean wedding invitations,739
ocean wedding invitations,729
square wedding invitations,729
olive wedding invitations,723
wedding invitations spring,711
medieval wedding invitations,723
blue and green wedding invitations,719
orchid wedding invitations,710
dusty rose wedding invitations,710
cruise wedding invitations,709
lotr wedding invitations,700
wedding invitations suite,691
caricature wedding invitations unique,686
fonts for wedding invitations,685
wedding invitations drawing,681
bible quotes for wedding invitations,676
swan wedding invitations,674
wedding invitations ideas simple,673
wedding invitations card background,672
wedding invitations champagne,670
wedding invitations sample,668
cherry blossom wedding invitations,666
floral wedding invitations template,664
wedding invitations old money,664
wedding invitations with qr code,661
lds wedding invitations,659
teal wedding invitations,659
gold and white wedding invitations,654
wedding background wallpaper invitations,555
wild flower wedding invitations,647
wedding invitations wax seal,644
wedding invitations christian,712
wedding invitations psd free,641
black white wedding invitations,640
wedding invitations simple elegant,638
diy wedding invitations templates,755
indian wedding invitations template,630
french wedding invitations,630
wedding invitations classy,624
palm tree wedding invitations,622
linocut wedding invitations,618
wedding invitations green and gold,610
tarot wedding invitations,607
diy wedding invitations ideas,606
wedding invitations autumn,605
photo booth wedding invitations,604
stacked wedding invitations,602
polaroid wedding invitations,602
gay wedding invitations,601
dusty blue wedding invitations template,600
handmade paper wedding invitations,598
clear acrylic wedding invitations,596
jewish wedding invitations,595
castle wedding invitations,592
foil wedding invitations,587
simple invitations wedding,587
black and white wedding invitations elegant,585
festival wedding invitations,583
red and gold wedding invitations,582
luxury wedding invitations design,582
wedding invitations funny,581
blue floral wedding invitations,578
blue and gold wedding invitations,577
kid free wedding invitations,573
wedding invitations traditional,576
wedding invitations timeline,570
african wedding invitations,564
vintage floral wedding invitations,563
fairy wedding invitations,523
pink and orange wedding invitations,562
lake como wedding invitations,556
wedding invitations brown,553
farm wedding invitations,552
wedding invitations lavender,510
wedding invitations winter,552
wedding invitations save the date,552
wedding invitations online design,551
zazzle wedding invitations,551
vineyard wedding invitations,548
wedding invitations emerald green,545
black and red wedding invitations,542
wedding invitations photography,542
wedding invitations layout,541
wedding invitations beige,540
etsy wedding invitations,537
peony wedding invitations,537
wedding invitations card template,536
modern elegant wedding invitations,536
red rose wedding invitations,535
wedding invitations cricut,535
red wedding invitations elegant,534
minimal wedding invitations,527
wedding invitations hindu,526
talavera wedding invitations,523
wedding invitations pearl,522
alternative wedding invitations,521
pretty wedding invitations,520
wedding invitations formal,525
purple wedding invitations templates,519
wedding invitations pastel,517
wedding invitations design ideas,514
bible verses for wedding invitations,513
2026 wedding invitations,512
red and black wedding invitations,510
wedding invitations fonts,510
coquette wedding invitations,510
wedding invitations navy blue,507
comic wedding invitations,501
cream wedding invitations,498
october wedding invitations,497
50th wedding anniversary invitations templates free printable,496
wedding invitations electronic,496
wedding invitations spanish,495
striped wedding invitations,495
forest green wedding invitations,492
red and white wedding invitations,492
wedding day invitations,492
burgundy invitations wedding,490
tuscan wedding invitations,490
wedding invitations blue and white,489
formal wedding invitations wording,488
princess wedding invitations,486
ideas for wedding invitations,485
pocketfold wedding invitations,485
origami wedding invitations,484
cinderella wedding invitations,482
wedding invitations romantic,481
wedding invitations with vellum,480
indian wedding invitations videos,480
dream wedding invitations,479
trending wedding invitations,479
fabric wedding invitations,478
vintage style wedding invitations,477
secret garden wedding invitations,477
debossed wedding invitations,475
how to word wedding invitations,473
lake wedding invitations,473
ethereal wedding invitations,472
music themed wedding invitations,472
vintage inspired wedding invitations,471
wedding invitations italy,470
ivory wedding invitations,470
cute wedding invitations unique,467
fancy wedding invitations luxury,465
monochrome wedding invitations,464
music wedding invitations,462
pink and blue wedding invitations,462
wedding invitations black and gold,461
forest theme wedding invitations,459
wedding invitations summer,456
evite wedding invitations,456
blue wedding invitations elegant,454
inexpensive wedding invitations,453
funny wedding invitations humor,449
hot pink wedding invitations,409
december wedding invitations,447
all in one wedding invitations,446
simple elegant wedding invitations classy,445
wedding invitations in spanish,444
luxurious wedding invitations,525
drawn wedding invitations,442
baroque wedding invitations,442
summer camp wedding invitations,442
white and black wedding invitations,440
affordable wedding invitations,438
earthy wedding invitations,437
wedding invitations frame,433
font for wedding invitations,431
home made wedding invitations,431
camp wedding invitations,431
wedding invitations embossed,464
wedding invitations royal,430
wax stamp wedding invitations,430
burgundy wedding invitations templates,429
eco friendly wedding invitations,429
wedding invitations letterpress,439
wedding invitations mexican,428
gamer wedding invitations,426
movie ticket wedding invitations,425
tangled wedding invitations,424
trending wedding invitations 2026,424
classy wedding invitations gold,424
watercolor floral wedding invitations,423
golden wedding invitations,420
wedding invitations examples,419
collage wedding invitations,418
artistic wedding invitations,418
new orleans wedding invitations,417
winery wedding invitations,416
wedding invitations pdf,416
wedding invitations forest,415
pocket invitations wedding,414
wedding invitations gold and white,414
sky blue wedding invitations,414
wording wedding invitations,414
purple and gold wedding invitations,413
whimsical garden wedding invitations,412
wedding anniversary party invitations,411
wedding invitations with bow,411
scottish wedding invitations,411
woodsy wedding invitations,411
invitations wedding digital,410
free wedding templates invitations,410
desert wedding invitations,410
wedding scroll invitations,409
wedding invitations orange,409
wedding invitations landscape,407
love quotes for wedding invitations,406
dark blue wedding invitations,405
diy wedding invitations cricut,405
printed wedding invitations,403
wedding invitations classic elegant,431
indian wedding jewelry sets,71721
wedding jewelry ideas for bride,32705
indian wedding jewelry,10970
wedding jewelry sets,10680
strapless wedding dress jewelry,8632
wedding flower jewelry,7851
bridal sets indian wedding jewelry,7589
neckless gold jewelry indian wedding,7493
wedding guest jewelry,6572
wedding day jewelry brides,6083
gold wedding jewelry,5063
wedding jewelry for bride,4693
necklace set gold wedding jewelry,4198
beaded wedding jewelry,4147
pearl wedding jewelry,3955
wedding jewelry ideas,3968
pearl jewelry wedding,3630
wedding day jewelry,3072
wedding accessories jewelry,3036
wedding jewelry gold,2816
simple wedding jewelry,2736
jewelry for wedding,2558
hair jewelry wedding,2424
wedding dress jewelry,2383
silver wedding jewelry,2334
diamond wedding jewelry,2790
boho wedding jewelry,2210
western wedding jewelry,2065
wedding jewelry and accessories,2036
wedding gold jewelry,2026
rose gold wedding jewelry,2432
turquoise wedding jewelry,1904
v neck wedding dress jewelry,1980
gold wedding jewelry ideas for bride,1798
gold jewelry wedding,1728
wedding hair jewelry,1709
wedding accessories for bride jewelry,1594
south indian wedding jewelry sets,1523
wedding jewelry pearls,1769
vintage wedding jewelry,1432
wedding guest jewelry accessories,1245
desi wedding jewelry,1239
wedding jewelry ideas for bride indian,1180
back jewelry wedding,991
wedding jewelry necklace,983
wedding guest accessories jewelry,974
foot jewelry wedding,943
wedding jewelry silver,923
south indian wedding jewelry,872
jewellery for bride wedding jewelry,852
off shoulder wedding dress jewelry ideas,825
dainty wedding jewelry,802
wedding dress accessories jewelry,789
gold jewelry for wedding,788
wedding pearl jewelry,780
jewelry for wedding dress,761
jewelry for wedding guest,748
jewelry for strapless wedding dress,744
beach wedding jewelry,708
wedding bride jewelry,702
wedding jewelry bride,701
jewelry set design for wedding,683
wedding jewelry indian,668
wedding jewelry simple,663
wedding dress with gold jewelry,616
unique wedding jewelry,602
gold service jewelry wedding,624
off the shoulder wedding dress jewelry,579
jewelry accessories for wedding,576
western wedding jewelry brides,573
headpiece jewelry wedding,558
wedding dress jewelry guide,545
pearl wedding jewelry sets,536
blue wedding jewelry,470
wedding jewelry earrings,524
silver jewelry wedding,524
silver jewelry set wedding,507
wedding jewelry strapless dress,504
wedding gold jewelry for bride,495
jewelry wedding for bride,485
elegant wedding jewelry,475
wedding jewelry vintage,463
jewelry bride wedding,449
gold jewelry indian wedding,442
indian wedding jewelry gold,430
turquoise jewelry wedding,410
gold jewelry wedding bridal sets,403
silver jewelry for wedding,403
wedding makeup for brown eyes,243672
wedding guest makeup,208453
natural wedding makeup,176836
wedding makeup for blue eyes,83139
wedding day makeup,47038
wedding makeup ideas,51789
wedding makeup looks,51663
wedding makeup for green eyes,40494
simple wedding makeup,40430
natural glam wedding makeup,40172
makeup for wedding,37134
soft glam wedding makeup,35614
soft wedding makeup,26833
full glam wedding makeup,29621
glam wedding makeup,22154
wedding guest makeup brown eyes,21108
makeup for wedding guest,20632
makeup wedding guest,19163
natural wedding makeup for brown eyes,15863
wedding hair and makeup,15349
elegant wedding makeup for brown eyes,13943
wedding makeup green eyes,13797
natural glowy wedding makeup,13641
wedding makeup blue eyes,12431
fall wedding makeup,12962
soft makeup look for wedding,12147
makeup wedding looks,10521
makeup ideas for wedding,10303
wedding guest makeup blue eyes,10109
bronzy glowy makeup wedding,10036
natural makeup wedding,9993
wedding makeup for bridesmaids,9979
korean wedding makeup,9450
thai makeup looks wedding,9450
summer wedding makeup,9215
light wedding makeup,8792
natural makeup for wedding,8783
wedding makeup for blue eyes blonde hair,8445
wedding makeup for hazel eyes,8249
wedding makeup tutorial,8114
wedding makeup brown eyes,8075
pink wedding makeup,7874
makeup looks wedding,7815
soft wedding makeup for blue eyes,7669
glowy wedding makeup,7641
wedding makeup indian,7593
indian wedding guest makeup,7564
party makeup for indian wedding,7352
wedding guest makeup green eyes,7061
wedding makeup for blue eyes brunette,7061
simple wedding makeup natural looks,6959
soft glam wedding makeup brides,5927
fall wedding makeup for bride,6890
natural wedding makeup for blue eyes,6731
makeup for wedding guest classy,6672
boho wedding makeup,6621
beach wedding makeup,6588
indian wedding makeup bridal looks,6580
makeup ideas for wedding guest,6361
soft glowy makeup wedding,6236
wedding makeup asian,6179
makeup bride wedding,6028
simple makeup for wedding,5984
wedding makeup black women,5822
neutral wedding makeup,5729
makeup for blue dress wedding,5559
natural wedding makeup for green eyes,5539
wedding makeup hazel eyes,5381
makeup for red dress wedding,5334
natural glam wedding makeup brown eyes,5282
soft wedding makeup for brown eyes,5175
makeup looks for wedding guest,5083
wedding soft glam makeup,5687
ethereal wedding makeup,4855
wedding makeup for asian brides,4989
wedding makeup for brown eyes bridal,4950
black bride makeup wedding,4792
desi wedding makeup,4855
makeup ideas wedding,4750
wedding makeup for hooded eyes,4734
wedding makeup hooded eyes,4679
sofia richie wedding makeup,4602
bronze wedding makeup,4554
soft wedding makeup for green eyes,4518
winter wedding makeup,4453
wedding bride makeup,4452
wedding makeup soft glam,4426
clean wedding makeup,4339
brides makeup wedding,4258
wedding makeup blonde,4257
wedding makeup bride,4249
goth wedding makeup,4842
diy wedding makeup,4212
thailand makeup look wedding,4840
wedding makeup for bride,4172
wedding glam makeup,4172
light wedding makeup natural looks,4146
elegant wedding makeup,4141
wedding day makeup for bride brown eyes,4121
natural glam wedding makeup blue eyes,4084
hailey bieber wedding makeup,4038
bridal makeup looks wedding day,3992
wedding makeup hijab,3972
makeup packing ideas for wedding,3935
wedding guest makeup looks,3931
minimal wedding makeup,3880
wedding makeup red lips,3838
wedding bridesmaid makeup,3837
simple wedding guest makeup,3824
wedding makeup for brown eyes brunette,3766
dark wedding makeup,3731
makeup looks wedding guest,3707
soft glam makeup wedding,3682
wedding makeup simple,3654
wedding makeup for brown eyes bridal romantic,3605
wedding glam makeup brides,3596
subtle wedding makeup,3596
arab wedding makeup,3581
makeup for wedding for bride,3577
wedding natural makeup,3574
dramatic wedding makeup,3551
bridal makeup indian wedding,3517
korean wedding makeup look,3436
wedding makeup redhead,3410
fairy wedding makeup,4370
natural makeup wedding look,3384
makeup tutorial for wedding,3335
wedding makeup pink,3332
wedding day makeup for bride blue eyes,3056
soft wedding makeup for brown eyes natural looks,3299
wedding day makeup for bride green eyes,3286
simple makeup looks for wedding,3250
makeup for wedding party,3233
wedding makeup bridesmaid,3216
dewy makeup look wedding,3193
wedding makeup for redheads,3184
purple wedding makeup,3179
arabic wedding makeup,3168
spring wedding makeup,2759
makeup look for wedding,3151
light makeup for wedding,3146
pakistani wedding makeup,3110
soft glam makeup looks natural wedding,3100
wedding makeup natural glam,3077
wedding makeup for brunettes,3075
pink wedding makeup brides,3065
vintage wedding makeup,3063
wedding makeup tutorial step by step,3062
full glam wedding makeup blue eyes,3030
gothic wedding makeup,3016
simple wedding makeup for bride,2935
wedding makeup for blondes,2931
wedding makeup looks natural,2930
latina wedding makeup,2868
alternative wedding makeup,2846
wedding makeup looks for brown eyes,2830
makeup ideas wedding guest,2761
wedding makeup round face,2749
subtle makeup looks for wedding,2721
wedding guest makeup tutorial,2717
natural wedding makeup for blue eyes brunette,2701
wedding makeup glam,2700
korean wedding makeup the bride,2654
wedding bridal makeup,2623
black wedding makeup,2586
wedding makeup for hazel eyes brunette,2570
wedding makeup inspiration,2548
gold wedding makeup,2166
alt wedding makeup,2499
hair and makeup wedding,2490
timeless wedding makeup,2484
guest makeup for wedding,2481
wedding bride makeup natural,2094
wedding makeup 2026,1287
wedding makeup ideas for brown eyes,2421
day wedding makeup,2419
wedding party makeup,2417
romantic wedding makeup,2415
smokey eye wedding makeup,2410
taylor hill wedding makeup,2405
moody wedding makeup,2360
indian makeup looks wedding bride,2350
summer wedding guest makeup,2283
wedding makeup for brown skin,2340
autumn wedding makeup,2328
natural wedding makeup for brown eyes brunettes,2325
dewy wedding makeup,2313
clean girl wedding makeup,2306
wedding makeup dark skin,2297
natural makeup wedding brunette,2148
wedding makeup for black women,2269
classic wedding makeup,2253
makeup looks for wedding bridesmaid,2238
nude makeup for wedding,2230
eye makeup for wedding,2228
civil wedding makeup,2208
bronze makeup wedding,2177
best wedding makeup for brown eyes,2151
wedding simple makeup,2148
wedding makeup for green eyes blonde,1710
wedding makeup brunette,2135
neutral wedding makeup brown eyes,2122
burgundy makeup look wedding,2110
simple makeup for wedding guest,2104
easy wedding guest makeup,2090
wedding guest eye makeup,2072
fresh wedding makeup,2041
indian wedding makeup natural,2036
wedding makeup pale skin,2010
wedding guest hair and makeup,2006
wedding eye makeup for bride,2003
eye makeup wedding,1995
wedding makeup red lipstick,1992
natural wedding guest makeup,1991
blue wedding makeup,1880
alex cooper wedding makeup,1974
wedding makeup brown skin,1974
easy wedding makeup,1953
brunette wedding makeup,1945
nude wedding makeup,1942
makeup for yellow dress wedding,1931
guest wedding makeup,1929
simple makeup wedding,1912
heavy makeup look wedding,1910
makeup look wedding,1891
summer wedding makeup for brown eyes,1887
natural wedding makeup for brown eyes brunettes dark hair,1884
bride eye makeup wedding day,1873
natural wedding makeup for hazel eyes,1802
classy wedding makeup,1855
airbrush makeup wedding,1850
glamorous wedding makeup,1850
wedding makeup blue eyes brown hair,1836
beach wedding makeup for brown eyes,1836
brown eye wedding makeup,1834
wedding makeup blonde hair blue eyes,1814
wedding makeup full glam,1813
wedding guest makeup brown eyes natural,1812
bengali bridal makeup wedding,1812
bronzed makeup look sun kissed wedding,1791
wedding makeup korean,1784
cat eye wedding makeup,1773
hijab makeup look wedding,1761
natural wedding makeup blue eyes,1733
brown wedding makeup,1732
natural makeup looks for wedding,1728
makeup for brides wedding day,1650
bold wedding makeup,1709
wedding makeup soft,1699
bridal wedding makeup,1696
natural makeup for wedding guest,1682
green wedding makeup,1680
rose gold wedding makeup,1387
red lip wedding makeup,1664
60s wedding makeup,1661
makeup for a wedding,1654
makeup inspo wedding,1647
blonde wedding makeup,1639
wedding party makeup ideas,1634
glowy makeup wedding,1605
wedding makeup vintage,1603
wedding makeup and hair,1603
light makeup looks for wedding,1597
natural makeup for wedding bride,1589
eye makeup indian wedding,1560
natural wedding makeup green eyes,1556
wedding makeup with glasses,1696
wedding makeup fair skin,1535
brown eyes wedding makeup,1533
hooded eye wedding makeup,1515
fall wedding makeup for bridesmaids,1507
wedding makeup for green eyes brown hair,1755
makeup ideas for wedding bridesmaid,1487
wedding makeup gold,1484
wedding makeup aesthetic,1503
nigerian wedding makeup,1457
wedding makeup styles,1457
wedding makeup artist,1456
fall wedding guest makeup,1437
winter wedding makeup for brown eyes,1436
indian bridal makeup wedding,1434
fall wedding makeup for brown eyes,1434
redhead wedding makeup,1428
wedding makeup glowy,1424
wedding makeup for black skin,1397
wedding bride makeup brown eyes,1392
makeup wedding guest brunette,1385
natural makeup for wedding bridesmaid,1380
wedding makeup blue,1380
makeup wedding natural,1366
wedding makeup light,1365
makeup for a wedding guest,1359
boho wedding makeup brunette,1355
bridal makeup natural wedding day,1342
wedding hair and makeup brunette,1340
old money wedding makeup,1336
wedding makeup ideas natural,1321
light makeup wedding,1318
light makeup for wedding guest,1302
natural summer wedding makeup,1292
sophia richie wedding makeup look,1273
blue eye wedding makeup,1272
makeup and hairstyles for wedding,1259
natural makeup wedding guest,1258
simple wedding makeup for blue eyes,1250
sophia richie wedding makeup,1242
natural fall wedding makeup,1238
red lipstick wedding makeup,1232
summer wedding guest makeup brown eyes,1224
wedding makeup for brown eyes natural,1214
minimalist wedding makeup,1207
eye makeup for wedding guest,1200
bride wedding makeup,1199
wedding guest makeup ideas,1197
makeup indian wedding,1188
wedding makeup smokey eye,1184
makeup wedding indonesia,1181
eye makeup wedding guest,1168
fall wedding makeup for bride brown eyes,1156
black tie wedding makeup,1148
makeup looks for brown eyes wedding,1012
douyin wedding makeup,1135
wedding makeup 2026 trends,1119
makeup look for wedding guest,1104
soft makeup for wedding,1099
wedding guest makeup hazel eyes,1092
indian wedding makeup bridal looks brown skin,1081
kim kardashian wedding makeup,1080
bridesmaid wedding makeup,1070
pink glowy makeup wedding,1065
wedding makeup for green eyes bridal,1057
wedding makeup natural brown eyes,1055
makeup guest wedding,1054
pink makeup wedding,1039
soft makeup wedding,1039
diy wedding makeup the bride,1028
soft natural wedding makeup,1026
asian makeup wedding,1021
wedding makeup inspo brides,1015
brown girl wedding makeup,1014
white wedding makeup,1006
soft glam wedding makeup brown eyes,1005
smokey eye wedding makeup brides,998
blue eyes wedding makeup,995
wedding makeup eyeliner,992
bride natural makeup wedding day,990
spring wedding makeup looks,989
glowy natural wedding makeup,989
best wedding makeup,988
wedding makeup green,973
pink wedding makeup looks,964
green eyes wedding makeup,963
sultry wedding makeup,962
bride wedding makeup natural,956
wedding makeup blue eyes blonde hair,943
wedding makeup hazel eyes brown hair,936
wedding makeup looks for green eyes,933
green eye wedding makeup,928
makeup looks wedding bride,924
makeup for wedding bridesmaid,913
smokey wedding makeup,911
glowy wedding makeup brown eyes,905
wedding makeup with red lips,892
basic wedding makeup,889
indian wedding guest makeup look,882
wedding makeup simple natural,880
black women wedding makeup,880
braid makeup wedding,746
wedding makeup for round face,867
bridesmaid makeup for brown eyes wedding,866
red wedding makeup,863
pink makeup for wedding,855
matte wedding makeup,965
soft pink wedding makeup,848
desi wedding makeup looks,847
night wedding makeup,845
black wedding makeup dark skin girl,843
wedding bridesmaid makeup natural,843
soft glam makeup for wedding,843
easy wedding makeup diy,842
traditional wedding makeup,838
wedding makeup asian brides,837
wedding eye makeup for brown eyes,837
wedding makeup for guest,828
fall wedding makeup for blue eyes,827
natural wedding makeup brown eyes,757
south indian wedding makeup,824
makeup for black dress wedding,822
whimsical wedding makeup,819
wedding makeup purple,818
wedding makeup products,816
natural wedding makeup looks,813
round face wedding makeup,807
makeup bridal wedding,806
desi wedding guest makeup,806
wedding light makeup,809
natural wedding makeup for brown eyes light skin,800
christian wedding makeup look,797
wedding makeup ideas for blue eyes,795
wedding makeup freckles,794
2026 wedding makeup,794
red head wedding makeup,788
cute wedding makeup,787
winter wedding makeup for blue eyes,786
brown makeup looks wedding,784
makeup looks indian wedding,780
dark wedding makeup brides,780
warm wedding makeup,778
makeup tutorial wedding,772
wedding makeup eyes,764
pale wedding makeup,760
no makeup wedding,781
wedding makeup dark,757
brown skin wedding makeup,748
natural makeup look for wedding,744
ariana grande wedding makeup,738
wedding makeup glitter,737
garden wedding makeup,736
hooded eye makeup wedding,732
bronze wedding makeup brown eyes,732
bride makeup looks wedding day,731
wedding makeup tutorial videos,728
wedding smokey eye makeup,726
natural wedding makeup for green eyes brunette,722
silver wedding makeup,721
wedding day makeup for bride,718
wedding guest hair and makeup ideas,717
makeup wedding bride,715
glam makeup looks wedding,715
fair skin wedding makeup,714
wedding makeup red hair,714
wedding makeup for brown eyes spring,713
western wedding makeup,712
aesthetic wedding makeup,712
wedding guest makeup asian,708
natural smokey eye makeup wedding,708
peachy wedding makeup,705
2026 wedding makeup,794
wedding makeup brown hair,704
hooded eyes wedding makeup,703
pre wedding makeup,702
makeup inspo for wedding,701
smokey wedding eye makeup,699
cool toned wedding makeup,697
wedding makeup smokey,695
wedding makeup step by step,695
hair and makeup for wedding guest,688
black woman wedding makeup,682
brown eye makeup wedding,681
wedding makeup dark hair,677
natural wedding makeup hazel eyes,675
pakistani wedding guest makeup,674
wedding makeup for blue eyes natural,674
soft glam wedding makeup blue eyes,672
south asian wedding makeup,672
winged eyeliner wedding makeup,672
peach wedding makeup,670
old hollywood wedding makeup,669
daytime wedding makeup,665
bronze makeup look wedding,664
makeup ideas wedding bride,664
wedding makeup for pale skin,653
natural glam makeup wedding,653
soft glam makeup wedding guest,652
pre wedding makeup ideas,652
no makeup makeup wedding,651
full glam makeup looks wedding,651
dark skin wedding makeup,662
summer wedding makeup looks,596
colorful wedding makeup,645
wedding makeup winged eyeliner,644
makeup tray decoration for wedding,644
wedding makeup for dark brown eyes,637
glam wedding makeup brown eyes,640
wedding makeup for blue eyes brown hair,636
civil wedding makeup brides,636
wedding makeup fall,632
grunge wedding makeup,626
golden wedding makeup,626
fall wedding makeup for bride blue eyes,624
simple wedding makeup for brown eyes,624
arabian wedding makeup,623
pale skin wedding makeup,623
retro wedding makeup,623
vintage wedding makeup looks,622
wedding makeup green eyes blonde hair,621
beach wedding makeup for blue eyes,619
romantic wedding makeup bridal,615
sparkly wedding makeup,615
smokey eye makeup wedding,614
wedding makeup looks for blue eyes,610
makeup wedding guest brown eyes,610
indian makeup wedding,606
wedding makeup blonde hair green eyes,606
wedding elegant makeup,605
black bridal makeup wedding day,603
wedding makeup bronze,603
winter wedding makeup looks,603
wedding makeup soft glam brown eyes,602
wedding hair makeup,602
90s wedding makeup,600
morning wedding makeup,598
wedding makeup olive skin,598
wedding hair and makeup brunette brides,597
gold wedding makeup brides,539
spring wedding makeup brown eyes,596
saree makeup look for wedding,596
makeup inspo wedding guest,594
natural makeup looks wedding,588
wedding makeup silver,588
bright wedding makeup,587
wedding makeup for black eyes,587
minimal makeup for wedding,613
blush wedding makeup,585
wedding makeup latina,584
simple natural wedding makeup,575
no makeup look for wedding,575
simple wedding makeup bridesmaid,575
very natural wedding makeup,574
bride makeup ideas wedding,573
spring wedding guest makeup,573
wedding makeup tan skin,572
neutral wedding makeup blue eyes,571
soft wedding glam makeup,568
makeup look wedding guest,568
burgundy wedding makeup,567
glowy wedding makeup blue eyes,564
wedding guest makeup hooded eyes,562
makeup wedding ideas,561
makeup for indian wedding guest,558
wedding makeup cat eye,557
wedding makeup tips,557
wedding makeup hooded eyes brides,554
makeup natural wedding,553
purple wedding makeup the bride,552
arab makeup wedding,551
christmas wedding makeup,550
japanese wedding makeup,549
gothic wedding makeup brides,546
wedding reception makeup,546
light wedding makeup for brown eyes,544
bridal makeup ideas wedding day,544
easy makeup for wedding guest,542
wedding makeup for fair skin,539
fall wedding makeup for bride green eyes,483
full glam wedding makeup brown eyes,538
soft wedding guest makeup,536
simple makeup looks wedding,536
editorial wedding makeup,536
wedding makeup for green dress,536
mother makeup wedding,535
full glam wedding makeup hazel eyes,535
black tie wedding guest makeup,531
simple wedding makeup for brown eyes natural looks eyeshadow tutorials,530
pakistani wedding makeup look,529
indian wedding makeup bridal looks hair styles asian bride,529
cool tone wedding makeup,607
barbara palvin wedding makeup,525
fantasy wedding makeup,524
eye makeup for indian wedding,523
wedding guest makeup pink,523
wedding eye makeup for blue eyes,482
indian wedding eye makeup,544
beach wedding guest makeup,519
wedding guest makeup for brown eyes,517
natural glowy wedding makeup green eyes,517
charlotte tilbury wedding makeup,516
glowy wedding makeup green eyes,410
edgy wedding makeup,515
courthouse wedding makeup,515
wedding makeup for blue eyes red hair,515
brown eyes makeup wedding,513
wedding guest makeup blue eyes blonde hair,513
rustic wedding makeup,513
boho wedding makeup blonde,509
wedding makeup for small eyes,507
makeup looks for wedding bride,507
heavy wedding makeup,507
wedding guest makeup blue dress,506
smoky wedding makeup,524
wedding guest makeup red lips,503
hindu wedding makeup,503
wedding guest makeup natural,502
wedding makeup for dark skin,500
filipino wedding makeup,499
wedding makeup with eyeliner,499
beautiful wedding makeup,497
natural wedding makeup for green eyes blonde,496
wedding makeup minimal,495
70s wedding makeup,494
light wedding guest makeup,494
makeup idea for wedding,493
makeup looks for indian wedding,493
natural glam wedding makeup green eyes,492
natural glowy wedding makeup blue eyes,492
viking wedding makeup,490
makeup ideas wedding bridesmaid,497
princess wedding makeup,489
red lipstick wedding makeup brides,487
simple wedding makeup looks,487
mom wedding makeup,487
natural wedding makeup for hooded eyes,486
mexican wedding makeup,486
light pink wedding makeup,485
siders makeup look for wedding,484
wedding makeup for olive skin tone,483
black bride makeup wedding natural,483
light bridal makeup indian wedding,482
simple wedding eye makeup,482
how to do wedding makeup,482
wedding makeup pink eyeshadow,481
light glam wedding makeup,478
minimal wedding makeup natural looks,477
natural wedding makeup for brown eyes blonde hair,476
pink makeup looks wedding,476
natural looking makeup for wedding,475
glowy makeup for wedding,473
makeup ideas for wedding bridal,473
wedding makeup mother of the bride,472
timeless makeup wedding,471
bengali wedding makeup,471
makeup tutorial wedding guest,471
clean makeup wedding,470
hazel eyes wedding makeup,470
kate middleton wedding makeup,470
wedding look makeup,469
plus size wedding makeup,469
french wedding makeup,468
mauve wedding makeup,465
wedding makeup pink tones,462
unique wedding makeup,462
wedding makeup for grey eyes,461
minimal makeup look for wedding,460
wedding makeup for brown eyes blonde,460
wedding natural makeup for brown eyes,460
bronze wedding makeup blue eyes,429
brown smokey eye wedding makeup,458
wedding makeup glasses,458
simple wedding makeup indian,457
halloween wedding makeup,457
makeup ideas for a wedding,457
indian wedding makeup look,453
wedding makeup for brown eyes bridal natural looks brunettes,452
natural wedding makeup brunette,452
wedding glam makeup brides brown eyes,451
simple makeup look for wedding,449
formal wedding guest makeup,448
makeup wedding looks for brown eyes,448
makeup looks for a wedding,447
makeup for navy blue dress wedding,444
natural spring wedding makeup,443
winter wedding guest makeup,443
simple wedding makeup natural looks blue eyes,443
glowy glam makeup wedding,440
wedding hairstyles and makeup,439
how to do makeup for wedding,491
asian wedding makeup soft glam,437
natural wedding makeup for bridesmaid,436
makeup for brown eyes wedding,435
side makeup for indian wedding,434
wedding bridal makeup natural,433
beach wedding makeup for green eyes,432
wedding makeup for black dress,483
rose wedding makeup,429
wedding makeup for freckled skin,428
forest wedding makeup,427
makeup inspo for wedding guest,427
hannah godwin wedding makeup,426
wedding simple makeup natural looks,426
wedding makeup matte,424
makeup decoration ideas for wedding,424
wedding makeup light skin,423
wedding makeup for pink dress,423
black tie wedding makeup guest,421
eyeliner wedding makeup,421
wedding makeup for purple dress,420
full glam wedding makeup green eyes,419
wedding makeup for blondes blue eyes,419
wedding guest makeup pink dress,418
wedding makeup photography,418
day wedding makeup indian,418
wedding makeup lips,417
glowy makeup look wedding,415
arabic makeup wedding,412
wedding makeup looks indian,412
wedding makeup brown skin indian,412
brunette makeup wedding,411
soft summer wedding makeup,410
modern wedding makeup,410
casual wedding makeup,408
wedding guest makeup green dress,408
soft autumn wedding makeup,407
wedding makeup for blue eyes brunette and fair skin,407
no makeup look wedding,406
hair and makeup wedding guest,430
wedding makeup for brown eyes tutorial,405
hazel eye wedding makeup,405
celebrity wedding makeup,404
wedding makeup with freckles,404
fairytale wedding makeup,532
wedding makeup plus size,403
classic wedding makeup for brown eyes,403
wedding day makeup for bride natural,402
makeup for wedding bride,401
natural makeup look for wedding bridesmaid,467
wedding guest outfit,935924
wedding outfit men,432856
winter wedding guest outfit,210479
wedding outfit guest,201399
pre wedding photoshoot outfit,150887
men wedding outfit,95892
casual wedding outfit guest,66951
wedding guest outfit summer,65152
fall wedding guest outfit,54527
wedding guest outfit men,54287
wedding guest outfit indian,50946
pre wedding shoot ideas outfit,45875
men wedding guest outfit,42359
court wedding outfit the bride,37800
men's wedding outfit,36224
civil wedding outfit,35694
bride and groom indian wedding outfit,33451
wedding men outfit,31167
wedding outfit for brides sister,29561
autumn wedding guest outfit,29456
male wedding guest outfit,27298
wedding guest outfit winter,25549
indian wedding guest outfit,25120
indian wedding outfit,25016
summer wedding outfit men,24019
outfit wedding guest,23213
outfit for wedding guest,23181
country wedding guest outfit,22677
all black wedding guest outfit,21978
man wedding outfit,21631
wedding guest outfit inspiration,21395
casual wedding outfit men,21085
boys wedding outfit,20916
outfit for wedding,20834
courthouse wedding outfit,18996
garden party wedding outfit guest,23118
mens wedding guest outfit,18692
simple wedding guest outfit,17719
spring wedding guest outfit,17698
boys wedding outfit indian,17601
wedding night outfit,17487
wedding outfit ideas,16780
wedding photographer outfit,15059
wedding guest outfit fall,16197
wedding dress shopping outfit,16108
men’s wedding guest outfit,15872
western wedding guest outfit,15764
men’s summer wedding outfit casual,15629
wedding rehearsal outfit,15540
pregnant wedding guest outfit,15478
casual wedding outfit,15389
getting ready wedding outfit,15206
wedding guest couple outfit,14903
day wedding outfit guest,14538
wedding lingerie outfit night,14223
city hall wedding outfit,12879
wedding outfit for men,14122
winter wedding outfit,14061
summer wedding guest outfit,13808
casual wedding guest outfit,13641
semi formal men outfit wedding guest,13505
ankara wedding guest outfit,13342
wedding guest men outfit,13154
winter wedding guest outfit cold formal,13140
wedding guest outfit ideas,13042
ambani wedding outfit,12552
pre wedding outfit ideas,12497
groom sister wedding outfit,12281
plus size wedding guest outfit,11814
maternity wedding guest outfit,12150
cold weather wedding outfit guest,11914
wedding getting ready outfit,11835
groom outfit wedding indian,12015
brothers wedding outfit for men,11267
wedding shower outfit for guest,10890
wedding guest outfit summer classy,10827
brothers wedding outfit for sister,10804
wedding reception outfit,10752
barn wedding guest outfit,10736
men’s wedding outfit,10735
cowboy wedding outfit for men,10623
hijabi wedding guest outfit,10543
boho wedding guest outfit,10526
beach wedding outfit,10134
nonbinary wedding outfit,10009
winter wedding outfit guest,9740
wedding day outfit,9680
wedding guest outfit pants women,10541
lilac dress outfit wedding,9295
grandmother wedding outfit,9483
wedding planner outfit,9370
dti wedding day theme outfit,9219
wedding outfit men guest,9048
nigerian wedding guest outfit,8913
nude dress outfit wedding,8847
wedding after party outfit,8827
italy wedding guest outfit,6760
baby boy wedding outfit,8771
olive green dress outfit wedding,8767
orange dress outfit wedding,8611
navy blue dress outfit wedding,8518
desi wedding guest outfit,8451
march wedding guest outfit,8324
men’s summer wedding outfit,8279
simple wedding guest outfit indian,8185
civil wedding guest outfit,8159
jumpsuit outfit wedding,8113
wedding outfit for boys,8042
wedding outfit women,8040
outfit ideas for wedding,8018
wedding guest outfit spring,7906
italian wedding guest outfit,4518
men outfit for wedding,7790
baby wedding outfit,7639
indian wedding guest outfit ideas,7581
wedding guest pants outfit,7391
wedding rehearsal outfit guest,7248
baby pink dress outfit wedding,7208
baby blue dress outfit wedding,7195
boy wedding outfit,7157
summer wedding outfit,7148
chic wedding guest outfit,6875
black wedding guest outfit,6951
outfit ideas for wedding guest,6877
beige dress outfit wedding guest,6785
groom wedding outfit,6674
spanish wedding guest outfit,6667
after wedding outfit the bride,6582
beach wedding outfit guest,6578
summer wedding outfit guest men,6560
wedding guest outfit semi formal,6547
tomboy wedding outfit,6520
grandma wedding outfit,6321
wedding reception outfit for bride,6269
peach dress outfit wedding,6240
wedding outfit for women,6237
wedding outfit ideas for women,6226
winter wedding guest outfit indian,6187
hijab wedding guest outfit,6177
muslim wedding guest outfit,6152
men blazer outfit for wedding,6136
all black wedding guest outfit men,6084
lavender dress outfit wedding,6078
farm wedding guest outfit,5984
mens wedding guest outfit summer casual,5970
kerala wedding guest outfit,5969
men summer wedding outfit guest,5962
mint green dress outfit wedding,5608
masc wedding outfit guest,5908
wedding guest outfit black women,5877
pre wedding photoshoot outfit couple photos,5869
curvy wedding guest outfit,5849
beach wedding guest outfit men,5809
korean wedding guest outfit,5717
wedding guest outfit plus size,5683
summer wedding men outfit,5611
non binary wedding outfit,5609
male wedding outfit,5582
toddler wedding outfit boy,5574
cowboy wedding outfit,5541
african wedding guest outfit classy,5526
mens wedding outfit,5515
february wedding guest outfit,5512
wedding casual outfit guest,5497
queer wedding outfit,5477
casual courthouse wedding outfit,5464
wedding reception outfit guest,5433
midsize wedding guest outfit,5422
men wedding outfit guest casual,5406
man wedding guest outfit,5364
wedding guest inspo outfit,5329
wedding anniversary outfit ideas,5309
cowgirl wedding outfit guest,5242
morning wedding outfit guest,5236
casual fall wedding outfit guest,5193
september wedding guest outfit,5117
pink lehnga outfit wedding,5070
winery wedding outfit guest,5029
december wedding guest outfit,4993
wedding guest outfit indian saree,4985
christian wedding guest outfit,4976
cool wedding guest outfit,4955
stylish wedding guest outfit,4953
wedding dress outfit,4946
south indian wedding guest outfit,4943
wedding coordinator outfit,4920
white wedding guest outfit,4901
magenta dress outfit wedding,4877
grooms sister wedding outfit,4865
cold wedding outfit guest,4857
ranch wedding outfit guest,4827
wedding guest outfit casual,4825
edgy wedding guest outfit,4781
friends wedding indian outfit,4763
men wedding outfit guest,4737
casual wedding outfit guest men,4669
indian men wedding outfit,4647
wedding boys outfit,5270
wedding dress guest outfit,4574
beach wedding guest outfit,4548
burnt orange dress outfit wedding,4540
vineyard wedding guest outfit,4506
saree outfit for wedding,4496
court wedding outfit,6709
outdoor fall wedding guest outfit,4599
wedding guest winter outfit,4457
black dress wedding guest outfit,4448
baby girl wedding outfit,4428
guest outfit for wedding,4425
male wedding guest outfit casual,4372
winter wedding guest outfit men,4371
civil wedding outfit the bride,4039
bengali groom outfit wedding,4301
boys outfit for wedding,4273
pre wedding photoshoot outfit indian,4268
wedding attendee outfit,4254
backyard wedding guest outfit,4344
wedding guest outfit trousers,4247
two piece wedding guest outfit,4219
pregnancy wedding outfit guest,4216
wedding brunch outfit,4196
wedding shower guest outfit,4174
church wedding guest outfit,4135
pastel dress outfit wedding,4122
beach wedding men’s outfit,4047
wedding pants outfit,4019
green dress outfit wedding,4012
court wedding guest outfit,3922
outfit for wedding men,3972
wedding guest outfit women,3966
navy dress outfit wedding,3921
cowboy wedding guest outfit,3909
boys suit outfit ideas for wedding,3707
cancun wedding outfit guest,3895
country chic wedding outfit guest,3849
wedding shower outfit,3809
toddler boy wedding outfit,3795
traditional wedding guest outfit,3783
guy wedding outfit guest,3783
blouse and skirt outfit wedding,3742
wine dress outfit wedding,3738
wedding welcome party outfit,3731
wedding reception guest outfit,3726
wedding guest outfit for men,3720
mens wedding guest outfit casual,3707
black wedding outfit,3691
wedding guest ideas outfit,3683
ranveer singh wedding outfit,3677
spring wedding outfit,3663
pre wedding shoot outfit ideas,3655
formal wedding guest outfit,3648
ranbir kapoor wedding outfit,3648
wedding outfit men indian,3644
goth wedding guest outfit,3643
wedding reception outfit for men,3610
alternative wedding guest outfit,3608
modest wedding guest outfit,3599
teen boy wedding guest outfit,3574
beach chic outfit wedding guest,3574
court wedding outfit the bride nigeria,3557
garden wedding outfit,3529
gender neutral wedding outfit,3538
day wedding outfit guest indian,3531
best friend wedding outfit indian,3496
plum dress outfit wedding,3468
men indian wedding outfit,3456
nigeria traditional wedding outfit,3453
casual summer wedding guest outfit,3435
neutral wedding guest outfit,3435
jumsute outfit wedding,3419
pastel wedding guest outfit,3408
winter wedding outfit men,3391
outfit for brothers wedding indian,3357
wedding mens outfit,3357
male wedding guest outfit summer,3352
best men wedding outfit,3338
garden wedding guest outfit,3337
vicky kaushal wedding outfit,3337
skirt wedding outfit guest,3318
wedding outfit for bride,3314
casual wedding outfit guest pants,3280
tomboy wedding outfit guest,3277
wedding night outfit brides,3276
civil wedding outfit the bride classy,3256
satin skirt outfit wedding guest,3229
outdoor wedding outfit guest,3222
indian wedding reception outfit guest,3217
yellow dress outfit wedding,3209
wedding groom outfit,3207
outfit wedding men,3198
groom outfit beach wedding,3197
wedding outfit guest indian,3192
wedding outfit men casual,3187
black wedding guest dress outfit,3179
rust dress outfit wedding,3173
blue wedding guest outfit,3171
courthouse wedding guest outfit,3506
wedding guest skirt outfit,3160
wedding outfit guest pants,3152
carnival wedding outfit,3143
classy wedding guest outfit,3143
wedding outfit guest winter,3127
burgundy dress outfit wedding guest,3126
fall country wedding guest outfit,3114
friend wedding outfit indian,3111
long jacket outfit indian wedding,3071
skirt top indian outfit wedding,3070
androgynous wedding outfit,3042
elegant wedding guest outfit summer,3034
wedding guest outfit skirt,3023
wedding outfit men formal,3007
formal outfit men wedding,2993
fuchsia dress outfit wedding,2993
wedding outfit bride,2979
men’s indian wedding outfit,2953
pre wedding photoshoot outfit couple photos picture ideas beach,2945
elegant wedding guest outfit,2936
evening wedding guest outfit,2922
green wedding guest outfit,2913
emerald green dress outfit wedding,2534
african wedding guest outfit classy ankara styles,2890
french wedding guest outfit,2881
wedding guest outfit black,2876
wedding guest dress outfit,2874
plus size fall wedding guest outfit,2874
summer garden wedding outfit guest,2868
wedding outfit guest black women,2867
light green dress outfit wedding,3296
pre wedding outfit ideas indian,2851
brown wedding guest outfit,2836
coral dress outfit wedding,2826
wedding rehearsal outfit bridesmaid,2823
mens wedding guest outfit fall,2820
tuscany wedding guest outfit,2819
pink dress outfit wedding guest,2816
montana wedding guest outfit,2816
beige dress outfit wedding,2814
black outfit for wedding,2804
pink wedding guest outfit,2803
2 piece wedding guest outfit,2798
outfit ideas for wedding guest casual,2797
lake como wedding guest outfit,2792
black dress outfit wedding,2791
best woman in wedding outfit,2772
maharashtrian groom outfit wedding,2762
vintage wedding guest outfit,2754
outfit ideas wedding,2741
black and white wedding guest outfit,2733
baby wedding outfit boy,2701
wedding guest plus size outfit,2731
plus size wedding guest outfit pants,2728
church wedding outfit guest,2724
outfit for wedding function,2711
masc lesbian wedding outfit,3563
bali wedding guest outfit,2703
wedding shower outfit for bride,2696
wedding guest outfit winter classy,2694
bollywood wedding outfit,2686
pants outfit for wedding guest,2674
casual wedding reception outfit guest,2656
outdoor winter wedding outfit guest,2642
men outfit wedding,2630
blue dress outfit wedding,2621
south indian men wedding outfit,2614
wedding casual outfit men,2611
wedding winter outfit guest,2608
christmas wedding guest outfit,2600
black blazer outfit men wedding,2600
courthouse wedding outfit men,2599
after wedding outfit,2587
turquoise dress outfit wedding,2586
wedding male outfit,2586
boys wedding guest outfit,2564
wedding photographer outfit what to wear,2561
wedding day getting ready outfit,2556
wedding outfit ideas for women guest,2554
wedding guest male outfit,2554
greece wedding guest outfit,2531
day wedding outfit,2530
man outfit for wedding,2529
men outfit wedding guest,2517
garden theme wedding guest outfit,2515
muslim wedding outfit,2607
wedding morning outfit,2509
daytime wedding guest outfit,2506
wedding outfit groom,2493
outfit for sisters wedding indian,2492
alt wedding guest outfit,2488
dusty pink dress outfit wedding,2486
cowboy boots outfit wedding guest,2485
rustic wedding guest outfit,2481
wedding indian outfit,2480
bride and groom wedding outfit,2461
summer wedding outfit guest formal,2460
pants wedding outfit guest,2459
spring wedding guest outfit men,2453
civil wedding outfit men,2430
wedding guest casual outfit,2428
blazer wedding guest outfit,2414
indian wedding reception outfit,2405
casual winter wedding outfit guest,2362
wedding outfit for boys kids,2391
winter wedding guest outfit women,2389
men wedding outfit casual groom attire,2368
bride and groom indian wedding outfit matching,2347
toddler boy wedding guest outfit,2344
attending wedding outfit ideas,2344
navy wedding guest outfit,2342
little boy wedding outfit,2339
autumn wedding outfit,2375
wedding outfit couple,2333
turkish wedding guest outfit,2331
indian guest wedding outfit,2327
wedding dinner outfit,2317
indian wedding reception outfit couple,2296
mens outfit for wedding,2280
summer wedding guest outfit men,2271
wedding guest men outfit formal,2267
wedding guest outfit green,2250
grey dress outfit wedding,2248
red wedding guest outfit,2247
wedding guest outfit ideas for women,2245
mint dress outfit wedding,2239
formal pants outfit wedding,2227
men wedding guest outfit summer,2222
grooms outfit wedding,2218
fall wedding guest outfit october,2211
peach dress outfit wedding guest,2210
outfit for wedding party,2208
best man outfit wedding,1945
bag for wedding outfit,2191
day after wedding outfit,2190
country club wedding guest outfit,2187
men casual wedding outfit,2187
wedding outfit for men guest,2185
cocktail wedding outfit,2181
wedding outfit men unique,2179
wedding guest outfit formal,2175
lesbian wedding guest outfit,2169
indian wedding reception outfit bridal,2231
after party wedding outfit,2168
civil wedding outfit the bride casual,2158
elegant outfit for wedding guest,2139
wedding outfit inspo guest,2138
formal skirt outfit wedding,2128
wedding rehearsal dinner outfit guest,2123
wedding after party outfit guest,2115
grunge wedding guest outfit,2109
mens wedding outfit guest,2108
garden wedding outfit guest,2096
wedding outfit ideas men,2093
green dress wedding guest outfit,2085
semi formal men outfit wedding,2085
wedding guest trouser outfit,2084
purple wedding guest outfit,2083
wedding outfit ideas for women indian,2082
wedding outfit pants women,2072
may wedding guest outfit,2045
gurudwara wedding outfit,2042
warm wedding guest outfit,2035
cousin wedding outfit indian,2027
purple dress outfit wedding,2024
dress with jacket outfit wedding,2015
outdoor wedding outfit,2005
wedding pool party outfit,2003
summer wedding men outfit guest,1995
mustard yellow dress outfit wedding,1987
wedding guest outfit indian lehenga,1954
mexican wedding guest outfit,1953
boho chic wedding guest outfit,1950
men’s wedding guest outfit fall,1938
wedding guest outfit aesthetic,1936
summer beach wedding outfit guest,1928
wedding guest outfit midsize,1914
mauve dress outfit wedding,1951
country wedding outfit,1910
palazzo pants outfit indian wedding,1905
baby boy wedding guest outfit,1905
beach wedding outfit men,1904
outfit for sister wedding,1901
wedding guest outfit simple,1899
mens black suit outfit wedding,1894
wedding dress shopping outfit ideas,1884
texas wedding guest outfit,1867
cold outdoor wedding outfit guest,1711
garden party wedding outfit guest man,1851
hot pink dress outfit wedding,1842
dress and blazer outfit wedding,1836
men’s fall wedding guest outfit,1834
garden party wedding outfit,1930
wedding guest two piece outfit,1821
pool party wedding outfit,1816
italian wedding outfit,1813
wedding guest black dress outfit,1812
black wedding outfit men,1793
wedding guest indian outfit,1792
outfit for a wedding guest,1786
day wedding outfit guest men,1786
bride and groom indian wedding outfit for reception,1785
fuschia dress outfit wedding,1780
old money wedding outfit,1771
orange dress outfit wedding guest,1770
wedding outfit indian,1769
wedding kids outfit,1766
photographer wedding outfit,1760
satin skirt outfit wedding,1754
wedding guest autumn outfit,1751
wedding dress try on outfit,1748
cold weather wedding outfit guest classy,1722
wedding anniversary outfit,1744
non dress wedding outfit guest,1742
portugal wedding guest outfit,1732
wedding rehearsal dinner ideas outfit,1729
boys summer wedding outfit,1723
wedding guest outfit pakistani,1718
wedding guest outfit men summer,1706
father wedding outfit,1705
bride and groom indian wedding outfit red,1696
formal wedding outfit men,1695
afternoon wedding outfit,1695
ankara wedding guest outfit elegant,1693
summer wedding outfit guest women,1691
wedding reception bride outfit,1689
wedding ceremony outfit,1681
wedding day outfit guest,1678
wedding outfit for women guest,1673
boho wedding outfit,1670
april wedding guest outfit,1668
city hall wedding dress civil ceremony outfit,1656
fall wedding guest outfit november,1654
punjabi wedding guest outfit,1647
wedding outfit men summer,1644
pink wedding outfit,1643
dhoti pants outfit wedding,1643
wedding guest fall outfit,1640
simple outfit for wedding guest,1639
registry office wedding outfit,1794
legal wedding outfit,1634
black wedding outfit guest,1633
white wedding outfit,1630
wedding men outfit casual,1625
couple outfit for wedding,1618
sister wedding outfit,1591
wedding sponsors outfit,1588
boy wedding guest outfit,1587
copper dress outfit wedding,1586
wedding outfit women indian,1585
vegas wedding guest outfit,1576
dark green dress outfit wedding,1575
beach wedding outfit guest men,1565
civil wedding groom outfit,1560
abroad wedding guest outfit,1521
garden wedding men outfit,1555
january wedding guest outfit,1574
tulle skirt outfit wedding,1780
wedding pants outfit guest,1549
red dress outfit wedding,1548
green wedding outfit,1547
indian wedding outfit men,1547
wedding guest bag outfit,1538
red jumpsuit outfit wedding,1534
green jumpsuit outfit wedding,1530
wedding garba outfit,1530
wedding guest outfit classy,1530
wedding outfit for groom sister,1528
casual summer wedding outfit men,1527
outfit for wedding guest indian,1524
outfit for friends wedding indian,1519
fall wedding guest outfit men,1519
wedding outfit guest plus size,1515
green blazer outfit men wedding,1514
sisters wedding outfit,1506
mustard dress outfit wedding,1504
festival wedding outfit guest,1478
rainy wedding outfit guest,1503
wedding ideas outfit,1499
couple wedding outfit,1499
ibiza wedding guest outfit,1492
fall wedding guest outfit casual,1491
carnival outfit ideas indian wedding,1488
casual wedding outfit guest winter,1488
wedding after party outfit brides,1486
blue jumpsuit outfit wedding,1480
formal men outfit wedding,1475
wedding guest summer outfit,1472
formal outfit for wedding,1472
jumpsuit outfit wedding indian,1469
wedding dinner outfit guest,1461
wedding evening guest outfit,1456
casual wedding guest outfit men,1454
man outfit wedding,1440
wedding ootd guest outfit ideas,1439
grey blazer outfit men wedding,1436
wedding outfit men casual suits,1433
punjabi wedding couple outfit,1379
wedding get ready outfit,1423
wedding exit outfit,1422
burgundy dress outfit wedding,1421
gothic wedding guest outfit,1553
toddler wedding outfit girl,1416
wedding bartender outfit,1414
brother outfit for sister wedding,1413
african wedding guest outfit,1406
boat wedding outfit guest,1402
wedding casual outfit,1401
white lingerie outfit wedding,1398
nashville wedding guest outfit,1391
wedding guest outfit western,1377
summer casual wedding outfit guest,1385
outfit for wedding guest men,1383
blush dress outfit wedding guest,1377
formal wedding outfit,1376
men outfit for wedding guest,1373
coral dress outfit wedding guest,1368
wedding rehearsal dinner outfit,1367
elegant wedding outfit,1363
late summer wedding guest outfit,1362
june wedding guest outfit,1359
wedding outfit guest women,1355
wedding outfit for groom indian,1351
spring wedding outfit men,1347
men casual wedding outfit guest,1344
long skirt wedding outfit guest,1337
gents wedding outfit,1333
outfit ideas for wedding indian,1333
attending a wedding outfit,1325
stardew valley wedding outfit,1322
palazos outfit indian wedding,1319
tamil wedding guest outfit,1312
attend wedding outfit simple,1305
wedding guest simple outfit,1305
rustic wedding outfit guest,1298
javanese wedding outfit,1286
smart casual wedding outfit women,1276
wedding outfit for girl,1275
womens wedding guest outfit,1270
virat kohli wedding outfit,1257
light blue blazer outfit men wedding,1309
summer wedding outfit guest men linen suit,1251
navy blue blazer outfit men wedding,1251
wedding day outfit dress to impress,1245
backyard wedding outfit,1242
blue wedding outfit,1222
mens khaki pants outfit wedding,1211
greek wedding guest outfit,1208
jeans wedding outfit women,1207
outfit for indian wedding,1201
black outfit wedding guest,1199
cold weather wedding outfit guest casual,1195
women wedding outfit,1192
guy wedding outfit guest casual,1191
pastel wedding outfit,1177
teenage wedding guest outfit,1171
august wedding guest outfit,1159
western outfit for wedding,1156
queer wedding guest outfit,1155
plus size winter wedding guest outfit,1138
plus size men wedding outfit,1127
frat wedding outfit,1122
night wedding outfit guest,1118
maxi skirt wedding guest outfit,1117
black skirt wedding outfit guest,1115
wedding rehearsal outfit for bride,1110
winter wedding guest outfit plus size,1102
skirt wedding outfit,1095
cold fall wedding guest outfit,1091
evening wedding outfit,1090
wedding guest outfit summer casual,1089
beige wedding guest outfit,1087
pre wedding casual outfit,1082
country wedding guest outfit men,1080
wedding venue tour outfit,1180
wedding outfit black women,1071
wedding guest satin skirt outfit,1070
womens suits wedding guest outfit,1067
jumpsuit outfit wedding guest,1063
wedding garba night outfit,1324
90s wedding guest outfit,1051
mens suspenders outfit wedding,1051
old money wedding guest outfit,1050
two piece wedding outfit,1048
wedding dress shopping outfit guest,1047
golf course wedding outfit guest,1044
satin skirt outfit classy wedding,1040
winter civil wedding outfit,1040
traditional outfit for wedding,1037
blue dress wedding guest outfit,1037
red wedding outfit,1031
wedding guest outfit men casual,1027
wedding winter outfit,1026
sage green wedding guest outfit,1024
dti wedding day outfit no vip,1023
shrug outfit ideas for wedding,1022
father outfit wedding indian,1019
wedding outfit aesthetic,1014
casual wedding outfit guest plus size,1013
baby wedding outfit girl,1010
bride sister wedding outfit,1010
black pants wedding outfit guest,1005
indian wedding outfit ideas,1002
nigerian court wedding outfit,996
old money wedding outfit men,1203
pre wedding photoshoot outfit ideas,992
yellow wedding guest outfit,986
asian wedding guest outfit,1031
wedding men outfit groom suits,861
night wedding outfit,975
beach pre wedding shoot outfit ideas,974
black tie wedding outfit,974
wedding brunch outfit guest,971
navy blue wedding guest outfit,1015
ghana wedding guest outfit,966
party outfit wedding,1015
vegas wedding outfit,963
wedding lunch outfit guest,961
garden wedding outfit men,986
winter outfit for wedding,953
cape cod wedding guest outfit,1283
burgundy wedding guest outfit,946
arizona wedding guest outfit,944
wedding guest outfit jacket,944
fushia dress outfit wedding,944
blush pink dress outfit wedding guest,944
men’s outfit for wedding,942
grooms father wedding outfit,941
wedding reception outfit ideas,941
chinese wedding guest outfit,940
tulle skirt outfit wedding guest,939
wedding outfit men black,936
nigeria wedding guest outfit,931
for wedding guest outfit,930
silk skirt wedding outfit,927
morning of wedding outfit,926
co ord wedding guest outfit,926
afternoon wedding outfit guest,925
wedding guest outfit with pants,923
70s wedding guest outfit,920
photographer outfit wedding,917
summer indian wedding outfit,908
rancho wedding mexican outfit guest,907
men wedding outfit black,906
wedding skirt outfit,906
wedding guest black outfit,902
cold wedding guest outfit,901
trending groom outfit for wedding,900
wedding guest outfit short dress,896
informal wedding guest outfit,896
jumpsuit outfit for wedding,896
blue blazer outfit men wedding,894
indian couple wedding outfit,891
funky wedding guest outfit,888
taupe dress outfit wedding,888
purple wedding outfit,887
wedding welcome party outfit guest,883
wedding guest outfit long sleeve,881
casual wedding shower outfit for guest,880
pakistani men wedding outfit,879
hijabi wedding outfit,974
best wedding outfit for men,873
casual outfit for wedding men,869
wedding season outfit indian,866
pre wedding shoot outfit,863
men courthouse wedding outfit,862
simple wedding outfit men,861
day 2 wedding outfit guest,861
wedding guest outfit jumpsuit,859
fall garden party wedding outfit guest,858
indian men wedding outfit ideas,858
newborn wedding outfit,856
couple guest wedding outfit,856
wedding guest mens outfit,854
wedding outfit for bridesmaid,854
masc lesbian wedding guest outfit,850
brewery wedding guest outfit,846
mens indian wedding outfit,843
pink dress outfit wedding,841
italian wedding mens outfit,838
carnival outfit indian wedding,836
black jumpsuit outfit wedding,834
wedding outfit for girls indian,833
wedding guest evening outfit,833
wedding guest outfit with boots,832
wedding singer outfit,832
beige wedding outfit,831
semi formal wedding guest outfit,828
alternative wedding outfit,827
south of france wedding guest outfit,825
black dress wedding outfit,824
indian outfit for wedding,820
indian wedding outfit for men,819
welcome party wedding outfit,813
wedding garden party outfit,813
igbo bride traditional wedding outfit,810
winter wedding indian outfit,809
wedding outfit for men indian,807
satin skirt outfit for wedding,807
forest wedding guest outfit,806
summer wedding outfit for men,806
wedding saree outfit,806
wedding getting ready outfit bridesmaid,805
wedding reception mens outfit,805
men civil wedding outfit,804
wedding outfit skirt,804
winter wedding shower outfit,802
men’s wedding outfit casual,825
wedding party outfit men,802
civil wedding couple outfit,801
post wedding outfit,800
post wedding brunch outfit,795
all black wedding outfit men,828
cobalt blue dress outfit wedding,795
wedding guest reception outfit,794
courthouse wedding men outfit,793
wedding visitor outfit women,768
arabic wedding guest outfit,789
indian groom wedding outfit,788
going to a wedding outfit,787
nude wedding guest outfit,783
beige blazer outfit men wedding,780
polka dot wedding guest outfit,780
japanese wedding guest outfit,780
holiday wedding guest outfit,779
wedding bride outfit,778
bride morning of wedding outfit,778
navy jumpsuit outfit wedding,778
indian winter wedding outfit,777
groom sister wedding outfit indian,776
casual civil wedding outfit,775
modern wedding guest outfit,774
sikh wedding outfit,773
pre wedding party outfit,772
summer wedding outfit guest plus size,771
groom outfit for wedding,771
jumpsuit wedding outfit,771
men beach wedding outfit,674
outfit ideas for wedding guest indian,768
wedding officiant outfit,766
wedding outfit for bride and groom,765
wedding guest outfit with jacket,763
parents wedding outfit,758
kente wedding guest outfit,757
indian beach wedding outfit,753
wedding guest outfit korean,753
mid size wedding guest outfit,752
wedding invitation outfit,751
ladies wedding guest outfit,749
cowgirl wedding outfit,748
ninang outfit for wedding,744
black outfit wedding,759
wedding guest outfit flat shoes,738
saree outfit ideas for wedding,737
outfit ideas for a wedding guest,737
wedding guest outfit skirt and top,737
best friend wedding outfit,735
curve wedding guest outfit,728
wedding outfit guest couple,728
brown wedding guest outfit men,725
baddie wedding guest outfit,723
muslim men wedding outfit,720
maharatrian wedding outfit,720
man summer wedding outfit,717
wedding guest outfit for plus size women,716
attend wedding outfit,716
navy blue jumpsuit outfit wedding,1130
mens outfit for wedding function,714
first wedding night outfit,712
casual wedding rehearsal outfit,712
black couple wedding guest outfit,710
marathi wedding outfit,710
cowboy boot wedding outfit guest,709
cold wedding outfit,704
sister in law wedding outfit,704
wedding outfit for sister,704
wedding night outfit men,703
sister wedding outfit indian,702
day time wedding outfit guest,702
brown wedding outfit,700
wedding outfit with pants,698
men’s casual wedding outfit,698
casual men wedding outfit,697
hindu wedding outfit,696
wedding outfit plus size,701
south indian couple wedding outfit,695
wedding guest outfit saree,694
wedding vendor outfit,693
wedding guest outfit beach,688
wedding bbq outfit,685
wedding rehearsal outfit guest casual,683
western theme wedding outfit guest,683
formal outfit for wedding guest,597
man outfit for wedding guest,682
jamaica wedding guest outfit,679
wedding tasting outfit,675
hijab outfit wedding,675
london wedding guest outfit,672
unisex wedding outfit,672
wedding outfit pakistani,671
blouse and pants outfit wedding,668
halloween wedding guest outfit,667
wedding outfit bridesmaid,666
wedding guest saree outfit,665
wedding guest outfit men indian,663
registry wedding outfit,660
rustic wedding outfit,659
sage dress outfit wedding,658
wedding guest matching couple outfit,657
wedding outfit guest fall,656
maxi dress outfit for wedding,655
outfit ideas for brothers wedding,655
simple nigerian wedding guest outfit,653
wedding date outfit couple,652
burnt orange dress outfit wedding guest,652
cold spring wedding outfit guest,651
sage green wedding outfit,651
night before wedding outfit,650
city wedding guest outfit,650
wedding outfit for grooms brother,650
pants wedding outfit,649
black women wedding guest outfit,649
wedding outfit for pregnant women,648
formal outfit wedding guest,647
blazer wedding outfit,646
wedding guest outfit dress,645
spring wedding guest outfit casual,645
wedding guest couple outfit summer,643
nepali wedding guest outfit,642
wedding outfit not dress,641
guest outfit for wedding indian,640
fall western wedding guest outfit,640
winter beach wedding guest outfit,640
wedding jeans outfit,639
civil wedding outfit for groom,596
bags for wedding outfit,637
new orleans wedding guest outfit,635
aesthetic wedding guest outfit,635
unique wedding guest outfit,632
wedding guest outfit suit women,632
wedding guest blazer outfit,631
guys wedding guest outfit,628
court wedding outfit the bride style,627
skirt outfit wedding guest,625
winter western wedding guest outfit,623
rainy day wedding outfit guest,622
skirt wedding guest outfit,622
white wedding outfit men,621
modern wedding outfit,621
minimalist wedding guest outfit,620
wedding ceremony outfit for guest,617
sikh wedding guest outfit,616
green outfit for wedding,616
registry office wedding guest outfit,616
dress and cowboy boots outfit wedding,615
mens summer wedding guest outfit,589
skirt outfit for wedding guest,613
wedding guest outfit elegant,612
colourful wedding guest outfit,610
satin skirt wedding outfit,610
great gatsby wedding guest outfit,610
uk wedding guest outfit,666
outfit for wedding dress shopping,609
wedding outfit change bride,608
western wedding guest outfit men,607
wedding brothers outfit,606
black and gold wedding guest outfit,606
outfit winter wedding guest,606
wedding outfit for father,605
dress with blazer outfit wedding,601
punk wedding guest outfit,601
celebrity wedding guest outfit,599
aspen wedding guest outfit,599
wedding planner outfit style,598
wedding guest outfit summer plus size,598
palazzo pants outfit for wedding guest,597
wedding guest outfit uk,597
pant outfit for wedding guest,596
wedding formal outfit men,596
summer wedding guest men outfit,594
wedding bride and groom outfit,594
courthouse wedding outfit winter,594
mens outfit wedding,593
wedding photographer outfit what to wear photographers,592
casual wedding reception outfit,591
attending wedding outfit,591
linen wedding outfit,591
french riviera wedding guest outfit,590
wedding guest outfit black tie,589
goth wedding outfit,588
wedding rings engagement,230300
non traditional wedding rings,215469
gold wedding rings,183541
vintage wedding rings,169889
vintage wedding rings 1920s,161098
unique wedding rings,105525
couple wedding rings,72412
big wedding rings,59823
unique wedding rings engagement,55440
couple rings wedding gold,50073
men wedding rings,48003
stacked wedding rings,44806
wedding rings gold,44700
silver wedding rings,41515
simple wedding rings,39769
wedding rings sets his and hers,35652
wedding rings couple,33487
oval wedding rings,28343
wedding rings silver,27333
matching wedding rings,14125
mens wedding rings gold,26661
black wedding rings,23568
western wedding rings,19805
lord of the rings wedding,19196
mens wedding rings,18472
men’s wedding rings,17892
emerald wedding rings,17768
indian wedding rings,17344
male wedding rings,15493
square wedding rings,15326
diamond wedding rings,15048
white gold wedding rings,14128
tattoo wedding rings,13760
ruby wedding rings,13414
mixed metal wedding rings stack,13297
wedding bands for oval engagement rings,12933
gothic wedding rings,13439
wedding rings men,11833
expensive wedding rings,11358
fantasy wedding rings,11229
wedding stack rings,11219
3 stacked wedding rings,11038
wedding rings engagement couple,10835
stackable wedding rings,10607
vintage wedding rings antique,8843
antique wedding rings,9949
cartier wedding rings,9918
wedding bands for emerald cut rings,9617
goth wedding rings,9389
luxury wedding rings,9352
wedding rings aesthetic,8997
wedding rings white gold,8853
round wedding rings,8497
timeless wedding rings,8197
wedding rings for women,8049
engagement rings and wedding bands set,8036
huge wedding rings,7764
chunky wedding rings,7708
engagement rings with wedding bands,7678
minimalist wedding rings,7611
best wedding rings,7578
wedding rings unique,7559
alternative wedding rings,7497
couple wedding rings unique,7336
wedding and engagement rings,7244
gold wedding rings vintage,7130
earthy wedding rings,6991
unique couple rings wedding gold,6851
western wedding rings sets,6851
tiffany wedding rings,6838
mixed metal wedding rings,6558
rectangle wedding rings,6381
elegant wedding rings,6312
non traditional wedding rings vintage,6201
stackable rings wedding,6073
beautiful wedding rings,5999
dark wedding rings,5807
classic wedding rings,5785
traditional wedding rings,5215
wedding rings princess cut,5419
turquoise wedding rings,5324
princess cut wedding rings,5311
tattoo rings wedding,5259
small wedding rings,5224
unusual wedding rings,5220
sapphire wedding rings,5096
fairy wedding rings,5065
wedding sets rings,4999
simple gold wedding rings,4917
unique vintage wedding rings,4880
types of wedding rings,4816
wedding rings women,4513
stacked engagement and wedding rings,4427
wedding rings square,4409
wedding and engagement rings together,4360
cute wedding rings,4333
lord of the rings wedding dress,4260
pretty wedding rings,4245
wedding rings engagement gold,4128
country wedding rings,4111
wedding rings set,4090
wedding bands for pear shaped rings,4018
wedding rings emerald cut,3980
celebrity wedding rings,3930
modern wedding rings,3909
men’s wedding rings diamonds,3870
non traditional wedding rings engagement,3714
mens wedding rings unique,3704
classy wedding rings,3626
untraditional wedding rings,3625
blue wedding rings,3622
wedding bands for solitaire rings,3579
wedding rings diamond,3568
heart shaped wedding rings,3567
purple wedding rings,3497
wedding rings black women,3478
minimal wedding rings,3464
wedding rings ideas,3449
amethyst wedding rings,3356
simple wedding rings silver,3347
garnet wedding rings,3338
wedding rings halo,3302
silver and gold wedding rings,3295
western style wedding rings,3260
celtic wedding rings,3242
wedding rings marquise,3207
black diamond wedding rings,3170
platinum wedding rings,3115
men's wedding rings,3073
vintage wedding rings silver,2926
witchy wedding rings,3034
meteorite wedding rings,3030
unconventional wedding rings,2998
vintage wedding rings 1920s antique,2799
pear shaped wedding rings,2963
circle wedding rings,3121
wedding rings for chubby fingers,2885
mixed metals wedding rings stack,2883
gold rings wedding,2863
couple wedding rings marriage gold,2862
wedding rings photography ideas,2853
wedding rings design,2834
cool wedding rings,2828
lesbian wedding rings,2801
black wedding rings for men,2775
mens wedding rings with diamonds,2721
stacked wedding rings with solitaire,2695
best wedding rings couple,2694
wedding rings shapes,2670
pink wedding rings,2654
lord of the rings wedding theme,2634
heart wedding rings,2630
wedding rings rose gold,2619
wedding couple rings,2618
wedding rings gold band,2615
gold wedding rings for women,2610
pink diamond wedding rings,2598
male rings wedding,2556
matching rings for couples wedding bands,2549
wedding rings round,2527
old wedding rings,2677
wedding rings engagement silver,2492
different wedding rings,2482
engraved wedding rings,2466
elegant wedding rings engagement,2098
wedding rings gold unique,2441
simple wedding rings gold,2432
wedding rings rectangle,2410
stack rings wedding,2395
simple wedding rings engagement,2393
vintage style wedding rings,2333
ugly wedding rings,2328
wedding gold rings,2320
gold wedding rings princess cut,2310
sims 4 cc wedding rings,2297
wedding rings big,2278
tattoo wedding rings for men,2270
stacking wedding rings,2260
custom wedding rings,2235
wedding rings stacked,2226
wedding rings emerald,2217
tiffany and co rings wedding,2202
stacked rings wedding,2165
tales of wedding rings,2126
wedding rings photos,2093
two tone wedding rings,2189
gold wedding rings oval,2051
wedding rings simple minimalist,2046
large wedding rings,2043
wedding rings pear,2042
unique matching wedding rings,2039
wedding diamond rings,2035
thick band wedding rings,2033
wedding rings teardrop,2029
wedding rings for men unique,2026
wedding rings for bride,2020
gold wedding rings unique,1979
indian wedding rings engagement gold,1970
men wedding rings silver,1952
black wedding rings sets couple,1933
womens wedding rings,1913
wedding rings tattoo,1909
nontraditional wedding rings,1893
wedding rings with bands,1887
wedding rings engagement princess cut,1276
3 band wedding rings sets,1864
non traditional wedding rings sets,1871
gold rings for men indian wedding,1852
wedding rings engagement simple,1847
big wedding rings expensive,1839
silver wedding rings for women,1824
wedding rings for couples,1818
graff wedding rings,1813
twist engagement rings with wedding band,1811
non diamond wedding rings,1773
christian wedding rings,1772
men wedding rings gold,1770
couple rings wedding gold with name,1767
irish wedding rings,1751
lord of the rings wedding cake,1747
antique wedding rings vintage,1746
handmade wedding rings,1741
wedding rings black,1740
gorgeous wedding rings,1738
simple non traditional wedding rings,1822
diamond wedding rings sets,1718
guys wedding rings,1709
wedding rings for men silver,1708
wedding rings matching,1695
unique men’s wedding rings,1693
wedding rings silver diamond,1681
wedding rings engagement man,1678
stack wedding rings,1750
gemstone wedding rings,1648
wedding rings aesthetic couple,1308
wedding rings green,1636
radiant wedding rings,1623
his and hers wedding rings,1541
silicone wedding rings,1615
colorful wedding rings,1611
gay wedding rings,1607
matching wedding rings his and hers,1595
stone wedding rings,1584
gold wedding rings for men,1447
gold wedding rings simple,1562
engagement rings and wedding bands,1549
wedding rings oval cut,1544
wedding rings engagement styles,1534
colored wedding rings,1533
unique wedding rings for women,1504
unique wedding rings silver,1498
rings for men wedding,1495
wedding stack rings with solitaire,1493
wedding rings and bands,1485
royal wedding rings,1479
wedding rings pink,1476
golden wedding rings,1468
stacking rings wedding,1444
wedding rings box ideas,1434
lord of the rings wedding ring,1428
tangled wedding rings,1424
guy wedding rings,1419
wedding rings his and hers,1412
halo wedding rings,1403
red wedding rings,1378
rustic wedding rings,1376
gold diamond wedding rings,1340
engagement rings wedding bands set,1339
couple wedding rings gold indian,1337
black wedding rings for women,1318
simple elegant wedding rings,1316
couple wedding rings with names,1301
princess wedding rings,1301
gem wedding rings,1298
flower wedding rings,1298
wedding rings man,1286
wedding anniversary rings,1276
female wedding rings,1271
wedding rings blue,1269
luxury wedding rings diamonds,1264
wedding rings engagement oval,1251
wedding rings solitaire,1240
wedding rings dainty,1231
gold wedding rings oval cut,1230
wedding rings gold vintage,1226
cheap wedding rings,1219
halo wedding rings sets,1444
boho wedding rings,1211
wedding rings for her,1204
disney wedding rings,1196
wedding rings big diamond,1189
wedding rings minimalist,1177
wedding rings cushion cut,1174
tattooed wedding rings,1170
simplistic wedding rings,1164
wedding rings sets his and hers gold couple,1161
black wedding rings women,1145
wlw wedding rings,1145
groom wedding rings for men,1124
crystal wedding rings,1123
luxury wedding rings couple,1122
women wedding rings gold,1118
antler wedding rings,1106
simple wedding rings unique,1101
wedding rings men and women,1125
wedding rings western,1094
yellow gold wedding rings,1093
wedding rings sapphire,1164
big diamond wedding rings,1076
stacked wedding rings mixed metals,1060
oval stacked wedding rings,1041
mens wedding rings black,1037
napkin rings wedding,1035
vintage wedding rings gold,1029
special wedding rings,1028
rings aesthetic wedding,1015
wedding rings male,1007
wedding bands for oval rings,1004
fingerprint rings wedding,999
funky wedding rings,998
wedding rings pear shape,980
women’s wedding rings,966
wedding rings circle,921
wide wedding rings,951
flat wedding rings,946
masculine wedding rings,934
matching couple wedding rings,932
non traditional wedding rings silver,918
black hills gold wedding rings,915
cushion wedding rings,912
wedding rings tiffany and co,864
diamond wedding rings for women,907
luxury wedding rings men,905
wedding rings flower,890
wedding rings expensive,889
goth rings wedding,880
gold wedding rings men,875
silver rings wedding,865
wedding rings elegant,854
diy napkin rings wedding,853
stackable wedding rings with solitaire,850
wedding rings classic,844
cushion cut wedding rings,836
rings wedding couple unique,835
white gold wedding rings for women,830
wedding rings platinum,816
wedding rings photography,827
wedding rings for him,820
wedding rings radiant cut,925
pandora wedding rings,811
wedding rings square cut,810
wedding rings styles chart,808
wedding rings pictures,804
wedding rings sets his and hers couples,803
basic wedding rings,803
wedding rings ruby,797
big wedding rings engagement,797
mens wedding rings gold unique,796
floral wedding rings,787
wedding bands for radiant cut rings,782
wedding rings pearl,781
wedding rings unique vintage,776
masc wedding rings,774
mens wedding rings platinum,610
wedding rings engagement cushion,766
gold wedding rings women,759
wedding rings opal,756
traditional wedding rings gold,753
wedding rings red,729
fancy wedding rings,724
wedding rings thick band,721
gold wedding rings couple,712
titanium wedding rings,712
2026 wedding rings,480
two rings together wedding bands,709
wedding rings holder,705
oval wedding rings silver,698
modern mens wedding rings,687
wedding rings types,667
simple gold wedding rings vintage,686
couple wedding rings marriage,684
wedding rings art,680
two wedding rings,680
wedding napkin rings,658
gold band wedding rings,667
wedding rings video,666
whimsical wedding rings,659
sun and moon wedding rings,658
lord of the rings wedding quotes,654
classic wedding rings vintage,651
marquise wedding rings,649
yellow diamond wedding rings,649
beautiful wedding rings diamonds,649
wedding rings gold and silver,647
indian wedding rings gold,644
simple wedding rings engagement silver,641
lotr wedding rings,640
wedding rings engagement square,640
small wedding rings simple,640
wedding rings gold oval,639
oval wedding rings gold,638
original wedding rings,637
batman wedding rings,637
different types of wedding rings,633
nature wedding rings,633
wedding rings on hands,632
wedding rings engraved ideas,626
elegant wedding rings classy,622
how to wear wedding rings set,622
bulgari wedding rings,621
western rings wedding,616
trendy wedding rings,612
twin rings wedding,612
spacer rings wedding bands,612
gold wedding rings emerald cut,611
vintage inspired wedding rings,611
deer antler wedding rings,609
man wedding rings,606
wedding rings with pearls,605
wedding rings couple white gold,604
wedding rings purple,604
white gold engagement rings oval wedding set,599
hawaiian wedding rings,599
make wedding rings,599
big gold wedding rings,597
wedding rings diamond shape,596
men rings wedding,594
hammered wedding rings,499
wedding rings heart,591
emerald wedding rings engagement,590
wedding gold rings for bride,588
wedding bands for round engagement rings,582
affordable wedding rings,579
chocolate diamond wedding rings,578
lord of the rings wedding decor,576
sterling silver wedding rings,532
couple wedding rings gold,571
wedding rings simple silver,570
creative wedding rings,566
wedding bands and engagement rings,566
double wedding rings,565
3 stone wedding rings,563
men wedding rings with diamonds,561
wedding rings indian,561
timeless wedding rings vintage,557
interlocking wedding rings,555
gold stacking rings wedding,555
wedding rings 2026,549
3 piece wedding rings sets,544
men gold wedding rings,544
wedding rings small diamond,543
elvish wedding rings,534
mexican wedding rings,536
wedding rings clipart,528
braided wedding rings,526
wedding rings pair,526
weird wedding rings,526
wedding bands for low set rings,525
wedding bands for cushion cut rings,567
retro wedding rings,518
tacori wedding rings,518
white gold and gold wedding rings,518
wedding rings princess,514
emo wedding rings,512
wedding rings gold diamond,510
oval shaped wedding rings,510
oval rings with wedding band,506
wedding rings and engagement rings,505
lord of the rings inspired wedding,501
band wedding rings women,499
set rings wedding,498
redesigned wedding rings after divorce,492
silver mens rings wedding,494
wedding rings engagement emerald cut,493
wedding rings moissanite,476
male wedding rings silver,492
types of wedding rings style,490
repurposed wedding rings,489
elvish wedding dress lord of the rings,487
expensive wedding rings diamonds unique,487
interesting wedding rings,484
gents wedding rings,482
mens diamond wedding bands white gold men rings,481
wedding rings oval gold,481
wedding rings tattoo design,481
tattoo wedding rings for women simple,480
wedding rings for women gold,479
unique wedding rings engagement gold,478
trending wedding rings,477
wedding rings sets his and hers silver,474
wedding rings antique,474
men’s wedding rings gold,431
wedding rings women unique,469
gem stone wedding rings,469
wedding bands for 3 stone rings,468
mens diamond rings wedding,463
silver men wedding rings,463
rings for wedding brides,461
wedding rings female,458
black and red wedding rings,451
timeless wedding rings classy,450
gold dainty wedding rings,450
wedding photos rings,448
ladies wedding rings,448
wedding rings for men gold,447
engagement rings with wedding bands set,445
wedding rings colored stones,444
wedding rings round diamond,444
intricate wedding rings,444
pink wedding rings diamond,443
unique stacked wedding rings,442
wedding aesthetic rings,438
engraved rings wedding,438
wedding rings engagement vintage,436
wedding rings wallpaper,435
gold wedding rings marquise,434
wedding rings groom,432
christian wedding rings with name,432
unique wedding rings white gold,432
wedding rings engagement marquise,431
wedding rings sets his and hers silver matching couples,431
wedding rings goth,430
platinum wedding rings for women,429
wedding rings couple silver,429
type of wedding rings,429
small gold wedding rings,426
non traditional wedding rings men,426
wedding silver rings,425
leaf wedding rings,425
abstract wedding rings,425
thick wedding rings,424
repurpose wedding rings,423
lord of the rings wedding ideas,422
wedding rings cushion,419
stacked marquise wedding rings,419
rings for wedding couple,417
gold wedding rings for women bridal sets,416
black gold wedding rings,416
big wedding rings gold,415
wedding rings engraved,414
most beautiful wedding rings,411
gothic wedding rings set,410
gold wedding rings rectangle,408
wedding rings black diamond,406
wedding bands for solitaire rings round,405
lord of the rings inspired wedding dress,405
color wedding rings,404
silver diamond wedding rings,403
simple dainty wedding rings,403
fantasy wedding rings silver,402
gay wedding rings for men,459
wedding shoes bride,104207
jimmy choo wedding shoes,27485
wedding guest shoes,15663
blue wedding shoes,12449
comfy wedding shoes,13625
wedding shoes flats,10837
wedding shoes comfortable,9464
beach wedding shoes,9287
shoes for wedding,8547
indian wedding shoes,8481
flat wedding shoes,8268
flat wedding shoes for bride,7471
white wedding shoes,7760
wedding shoes men,6779
elegant wedding shoes brides,6706
wedding dress shoes,6112
unique wedding shoes,5871
wedding shoes low heel,5549
winter wedding shoes,5064
boho wedding shoes,4952
manolo blahnik wedding shoes,4831
comfortable wedding shoes,4595
western wedding shoes,4587
wedding shoes sneakers,4363
fun wedding shoes,4215
pearl wedding shoes,4190
green wedding shoes,4113
converse wedding shoes,3893
pink wedding shoes,3837
men shoes formal wedding,3781
shoes packing ideas for wedding,3672
wedding day shoes,3642
vintage wedding shoes,3476
black wedding shoes,3428
red wedding shoes,3424
men's wedding shoes,3288
wedding tennis shoes,3213
men wedding shoes,3100
dior wedding shoes,3037
designer wedding shoes,2925
block heel wedding shoes brides,2857
diy wedding shoes,2823
shoes for wedding guest,2815
wedding reception shoes,2800
nike wedding shoes,2719
ivory wedding shoes,2613
bridal wedding shoes,2587
perfect wedding shoes,2564
blue wedding shoes for bride,2555
custom wedding shoes,2532
wedding shoes bride flats,2163
wedding shoes groom,2457
best wedding shoes,2455
gold wedding shoes,2414
wedding shoes flats for bride,2403
christian louboutin wedding shoes,2396
wedding flat shoes,2376
simple wedding shoes,2360
colorful wedding shoes,2344
louboutin wedding shoes,2304
beach wedding shoes for bride,2384
dancing shoes wedding,2256
platform wedding shoes,2447
brides shoes wedding,2225
outdoor wedding shoes,2183
silver wedding shoes,2165
wedge wedding shoes,2102
wedding shoes for bride,2093
wedding shoes jimmy choo,2081
mens wedding shoes,1988
shoes for wedding the bride,1957
low heel wedding shoes,1915
womens wedding shoes,1896
fall wedding shoes,1874
floral wedding shoes,1857
wedding shoes blue,1841
wedding shoes aesthetic,1718
wedding shoes lace,1801
bride wedding shoes,1755
wedding shoes platform,1713
nude shoes wedding,1675
shoes for men wedding,1643
closed toe wedding shoes,1484
converse wedding shoes bride,1613
wedding shoes ideas,1525
wedding tennis shoes brides,1520
champagne wedding shoes,1465
purple wedding shoes,1455
wedding shoes photography,1451
beach wedding shoes guest,1423
wedding vans shoes,1400
vans wedding shoes the bride,1362
crystal wedding shoes,1324
alternative wedding shoes,1318
comfortable wedding shoes for bride,1305
cute wedding shoes,1259
wedding dress and shoes,1254
wedding shoes bride comfortable,1253
beautiful wedding shoes,1234
groom wedding shoes,1223
light blue wedding shoes,1222
black wedding shoes bride,1135
prada wedding shoes,1197
gold shoes wedding,1196
sparkly wedding shoes,1188
winter wedding guest shoes,1175
wedding shoes vintage,1167
summer wedding shoes,1161
silver shoes wedding,1132
men wedding shoes grooms,1103
wedding shoes bow,1090
wedding dress with shoes,1069
royal blue wedding shoes,1051
wedding platform shoes,1049
cinderella wedding shoes,1043
kitten heel wedding shoes,1040
wedding shoes pearl,1033
wedding shoes black,1025
wedding shoes no heel,1011
wedding guest flat shoes,985
black suit brown shoes wedding,972
gucci wedding shoes,954
wedding shoes bride sandals,800
dream wedding shoes,937
matching wedding shoes,936
civil wedding shoes,911
wedding shoes for groom,915
embroidered wedding shoes,902
wedding hills shoes,891
garden wedding shoes,889
comfy wedding shoes brides,884
wedding converse shoes,892
wedding shoes flats sandals,881
wedding shoes with dress,817
wedding shoes simple,815
zara wedding shoes,813
flat shoes for wedding,752
wedding guest shoes flat,792
wedding shoes sandals,780
satin wedding shoes,771
wedding dancing shoes,770
bridal footwear indian wedding shoes,745
beach wedding guest shoes,744
rose gold wedding shoes,736
casual wedding shoes,733
wedding guest shoes comfortable,730
wedding nike shoes brides,730
open toe wedding shoes,721
navy blue wedding shoes,717
blue shoes wedding,717
wedding shoes white,716
wedding reception shoes for bride,714
classic wedding shoes,644
white shoes wedding,707
grooms shoes wedding,699
shoes for beach wedding,697
wedding shoes open toe,697
wedding shoes with bow,697
wedding shoes pink,689
flat shoes wedding,686
classy wedding shoes,683
vans wedding shoes,678
shoes for groom wedding,680
block heel wedding shoes,668
wedding dress with blue shoes,659
man wedding shoes,638
something blue wedding shoes,637
wedding shoes boots,637
mary jane wedding shoes,636
wedding shoes bridesmaid,629
wedding shoes closed toe,619
brown wedding shoes,610
shoes for women wedding,604
cute wedding shoes brides,600
wedding dress with black shoes,599
gothic wedding shoes,594
golden goose wedding shoes,578
wedding shoes green,599
wedding shoes for women,570
country wedding shoes,509
burgundy wedding shoes,558
groom shoes wedding black,556
steve madden wedding shoes,544
green wedding shoes bride,532
wedding shoes designer,532
aesthetic wedding shoes,531
bling wedding shoes,531
summer wedding guest shoes,528
wedding shoes bride sneakers,527
wedding shoes red,526
wedding shoes small heel,517
wedding shoes indian,514
emerald green wedding shoes,512
shoes for wedding dress,511
wedding shoes silver,510
wedding shoes short heel,510
luxury wedding shoes,509
goth wedding shoes,508
wedding after party shoes,507
princess wedding shoes,495
colourful wedding shoes,501
air force 1 wedding shoes,500
high heel wedding shoes brides,497
no heel wedding shoes,496
wedding vans shoes brides,494
short wedding shoes,493
fairy wedding shoes,492
wedding dress blue shoes,492
wedding shoes beach,482
small heel wedding shoes,479
non heel wedding shoes,473
men shoes wedding,472
ballet wedding shoes,461
shoes for bride wedding,458
tuxedo shoes for men wedding,458
non traditional wedding shoes,457
flower wedding shoes,457
yellow wedding shoes,457
comfy wedding shoes sneakers,450
bella swan wedding shoes,449
winter wedding shoes the bride,447
wedding party shoes,446
low wedding shoes,445
spring wedding shoes,443
colored wedding shoes,434
pearl shoes wedding,438
black wedding shoes men,435
wedding shoes winter,407
wedding shoes manolo blahnik,425
outdoor wedding shoes for bride,422
bridal shoes comfortable wedding flats for bride,419
wedding shoes floral,418
loeffler randall wedding shoes,417
wedding shoes diy,417
hey dude wedding shoes,414
wedding shoes inspo,414
wedding shoes western,412
wedding dress with red shoes,411
barefoot wedding shoes,407
mens wedding shoes loafers,407
red shoes wedding,406
orange wedding shoes,406
wedding flat shoes for bride,405
kids wedding shoes,403
wedding dance shoes,402
white shoes for wedding,402
wedding dresses shoes,402
flat shoes for wedding guest,402
dream wedding shoes brides,428
wedding shoes men black,407
coloured wedding shoes,454
wedding welcome signs,34558
wedding signs for reception,33985
wedding boards signs entrance,10133
acrylic wedding signs,7537
diy wedding signs,9066
wedding signs diy,5473
wedding chalkboard signs,5213
wedding table signs,5060
wedding reserved seating signs,5034
wedding bar signs,4716
wooden wedding signs,4642
funny wedding signs,5272
pallet wedding signs,4558
welcome signs wedding,4251
table signs wedding,4055
unique welcome signs wedding,3871
wedding direction signs,3801
signs for wedding,3235
reserved signs for wedding,3345
bar signs for wedding,3308
rustic wedding signs,2130
unique wedding signs,2961
wedding reception signs,2878
wedding signs for reception entrance,2689
wedding welcome signs entrance,2434
reserved wedding signs,2101
wedding ceremony signs,2013
no phones at wedding signs,1983
creative wedding welcome signs,1952
drink signs for wedding,1857
welcome signs wedding entrance,1829
fun wedding signs,1759
wood wedding signs,1741
wedding mirror signs,1725
wedding shower signs,1716
welcome signs for wedding,1653
wedding signs for ceremony,1987
neon signs wedding,1594
dessert table signs wedding,1557
wedding last name signs,1489
last name wedding signs,1423
acrylic signs wedding,1415
diy wedding signs wood,1419
wedding signs mirror,1385
wedding road signs,1356
cute wedding signs,1272
signs for wedding reception,1164
wedding quote signs,1241
wedding wooden signs,1237
cricut wedding signs,1120
ceremony signs wedding,1095
mirror signs for wedding,1009
canvas wedding signs,995
wedding reserved signs,972
painted acrylic wedding signs,850
let love glow wedding signs,886
his and her drinks wedding bar signs,880
frosted acrylic wedding signs,848
painted wedding signs,823
wedding boards signs entrance indian,802
vintage wedding signs,796
wedding gift signs,794
seating signs for wedding,784
beach wedding signs,774
drink menu wedding bar signs,764
fall wedding signs,759
rustic wedding signs diy,746
wedding signs for reception diy,742
mr and mrs signs for wedding,738
welcome wedding signs entrance,733
boho wedding signs,723
outdoor wedding signs,711
wedding mirrors signs,707
wedding boards signs,698
wedding decor signs,695
wedding signs wood,690
wedding table number signs,687
wedding food signs,677
memory signs for wedding,673
neon wedding signs,669
hand painted wedding signs,664
wedding sayings for signs,633
western wedding signs,602
wedding pallet signs,573
wedding signs welcome,565
wedding drink signs,544
cute wedding welcome signs,549
reserved for family wedding signs,520
wedding diy signs,576
wedding ceremony reserved seating signs,507
wedding favor signs,507
mr and mrs wedding signs,498
wedding day signs,489
black and white wedding signs,483
indian wedding signs,479
wedding bathroom signs,472
signs needed for wedding,469
cocktail hour signs for wedding,465
memorial wedding signs,461
wedding seating signs,458
wedding reception signs entrance,454
wedding signs acrylic,448
wedding chair signs,439
wedding guest book signs,439
table signs for wedding,435
wedding signs rustic,429
diy reserved wedding signs,404
wedding window signs,422
wedding table signs seating plans,413
small wedding signs,408
gold wedding signs,408
in memory signs for wedding,403
wedding table settings,125762
sweetheart table wedding,111565
wedding dessert table,86793
wedding table numbers,70891
wedding cake table,38733
wedding welcome table,32266
memory table wedding,30457
dessert table wedding,30136
simple wedding table decor,26672
minimalist wedding table decor,25869
long table wedding,25098
cake table wedding,24316
round table wedding decor,21377
wedding entry table,20224
table settings wedding,19033
memorial table at wedding,18342
wedding dessert table ideas,17791
wedding table set up,16567
memory table wedding display,16426
welcome table wedding entrance,16156
kids table wedding,16013
head table wedding,16005
wedding charcuterie table,15727
main table wedding,15259
wedding cake table ideas,14503
sweet table wedding,13415
eucalyptus wedding table decor,12926
wedding table ideas,13294
wedding couple table,11528
gift table wedding,11411
wedding dinner table setting,11370
wedding table number ideas,11360
wedding table plan,11013
welcome table wedding,10194
wedding sweet table,10193
sage green wedding table setting,10014
wedding sweetheart table ideas,9880
grazing table ideas wedding reception,9809
wedding entrance table,9410
table setting wedding,9311
fall wedding table decor,9242
wedding buffet table decor,9209
circle wedding table decor,9119
wedding grazing table,8703
wedding cupcake table,8886
rustic wedding table decor,8745
table plan wedding,8716
wedding table seating chart,8621
dusty blue wedding theme table settings,8615
round table wedding,8098
placecards wedding table,7983
black and white wedding table settings,7884
backyard wedding table set up,7882
wedding welcome table ideas,7731
wedding table arrangements,7511
wedding round table settings,7438
circle table wedding decor,7420
wedding reception table decor,7357
wedding candy table,7318
table decor wedding,7201
wedding head table ideas,7185
wedding table layouts,7168
wedding table number,7069
wedding table games,6792
wedding memorial table ideas,6740
table arrangements wedding,6592
wedding table settings without plates,6567
candy table ideas wedding,6480
guest book table for wedding,6388
black table cloth wedding,6310
terracotta wedding table settings,6310
spring wedding table decor,5488
black table linens wedding,6292
rustic wedding table setting,6243
wedding cake display table,6193
table assignments wedding,6192
wildflower wedding theme table settings,6082
wedding appetizer table,5516
generations of love wedding table,6005
wedding food table,5952
wedding table inspiration,5925
wedding table candles,5879
wedding table decoration,5870
wedding table names,5859
circle table centerpiece wedding,5852
remembrance table at wedding,5839
round table decor wedding,5440
wedding sweetheart table,5666
sweetheart table wedding simple,5579
wedding party table,5576
charcuterie table wedding,5551
dessert table ideas wedding,5542
wedding table set up layout,5493
card table wedding,5356
table names wedding,5343
cheese cloth table runner wedding,5305
wedding table assignment ideas,5290
sweetheart table wedding elegant,5395
wedding table setup,5200
unique table numbers wedding,5162
table numbers wedding diy,5135
cheesecloth table runner wedding,5103
rustic wedding dessert table,5006
wedding table runner,4964
wedding gift table ideas,4961
wedding cookie table,4921
simple wedding table,4896
main table wedding decoration,4896
sage wedding table decor,4609
moody wedding table setting,4599
wedding cake table set up,5031
cookie table wedding display,4469
wedding head table decor,4393
sweets table wedding,4363
simple wedding table settings,4322
kids table wedding activities,4251
wedding photo table,4250
wedding card table,4227
wedding guest table ideas,4195
wedding main table decor,4094
wedding table scape,4094
minimal wedding table decor,4085
wedding treat table ideas,4080
wedding buffet table setup,4067
black wedding table,4057
wedding decor table,4001
wedding table decor ideas,3992
pan dulce table wedding,3965
white wedding table decor,3959
western wedding table decor,3947
mexican wedding table decor,3940
wildflower wedding table decor,3914
elegant wedding table settings,3912
green wedding table decor,3866
wedding table flower arrangements,3777
wedding table for bride and groom,3809
bud vases round table wedding,3806
desert table decoration ideas wedding,3769
rectangle table wedding layout,3769
wedding sweets table ideas,3727
minimal table decor wedding,3658
wedding table layout,3656
wedding flower arrangements table,3648
wedding table design,3600
wedding table setting ideas,3598
guest table decor wedding,3562
mexican wedding dessert table,3551
wedding guest table,3544
wedding dinner table,3532
rectangle wedding table decor,3521
wedding table place settings,3463
wedding round table,3566
table scapes wedding,3441
black and white wedding table,3441
signing table wedding,3425
wedding snack table,3421
wedding kids table ideas,3419
wedding registration table,3418
gypsophila wedding table,3708
fall wedding table settings,3401
blue wedding table settings,3338
memorial table wedding,3336
long table wedding decor,3302
fruit table ideas wedding,3319
simple table settings wedding,3294
wedding table plate set up,3293
wedding candles table,2533
wedding table arrangements layout,3282
mr and mrs table wedding,3751
family style wedding dinner table,3245
buffet wedding table setting,3217
minimalist table setting wedding,3142
vintage wedding table settings,3106
table runners wedding,3085
wedding buffet table,3074
christmas wedding table decor,3060
black and white wedding table decor,3059
wedding table runner ideas,3050
table set up for wedding,3047
wedding reception dessert table,3039
snack table wedding,3030
colorful wedding table settings,3252
summer wedding table decor,3018
wedding snack table ideas,2557
wedding sign in table ideas,2993
wedding fruit table,2989
round wedding table decor,2970
fall wedding dessert table,2963
white wedding table setting,2938
kings table wedding,2853
wedding table seating,2900
wedding table plan ideas,2884
wedding party table ideas,2877
wedding table styling,2872
table layout wedding,2867
harvest table wedding,2861
grazing table wedding,2858
diy table numbers wedding,2851
dog table numbers wedding,2850
wedding table chart,2841
gallery table wedding,2824
navy blue wedding table settings,2817
black wedding table setting,2815
farm table wedding,2936
farm table wedding decor,2781
wedding main table,2778
wedding cocktail table decor,2764
round table setting ideas wedding,2735
wedding long table,2726
pastel wedding table,2721
wedding table numbers with pictures,2706
champagne table wedding,2699
wedding table name ideas,2689
greenery table runner wedding,2673
wedding table designs,3351
table setup wedding,2657
garden wedding table setting,1746
wedding table florals,2642
black and white table setting wedding,2637
wedding table cloth ideas,2620
spring wedding table settings,2597
wedding dessert table elegant,2580
wedding table napkins,2563
boho wedding table,2562
wedding cake table decor,2508
table chart wedding,2500
neutral wedding table setting,2496
wedding circle table decor,2484
cookies for wedding cookie table,2483
classy wedding table decor,2475
pink wedding table settings,2474
round table wedding set up,2462
candles wedding table,2454
rustic dessert table wedding,2431
picnic table wedding,2415
small wedding table layout,2414
wedding table placement,2412
burgundy table setting wedding,2392
vintage wedding table,2377
wedding top table,2367
garden wedding table decor,2346
boho wedding table decor,2337
find your table wedding ideas,2330
wedding reception head table,2360
sage green wedding table,2325
black wedding table decor,2323
wedding table round,2314
long table wedding layout,2308
rectangular wedding table decor,2295
simple wedding reception table decor,2289
burgundy wedding table setting,2273
wedding table linens,2270
emerald green wedding table setting,2253
wedding guest book table ideas,2249
wedding table scape ideas,2245
forest wedding table decor,2238
wedding table layouts floor plans,2235
cupcake table wedding,2228
outdoor wedding table settings,2221
winter wedding table,2219
buffet table ideas decor wedding,2208
wedding favor table display,2190
wedding favor table,2188
couples table wedding,2159
green wedding table,2139
italian wedding table decor,2132
christmas wedding table,2128
sweetheart table wedding decor,2127
wedding decoration table,2111
purple table settings wedding,2101
wedding entry table ideas,2094
sage table setting wedding,2092
wooden table wedding decor,2092
wildflower wedding table,2090
barn wedding table decor,2089
couple table wedding,2089
wedding table settings round,2085
boho sweetheart table wedding,2085
dusty blue wedding table settings,2083
wedding table linen ideas,2077
sweet table wedding elegant,2073
wedding photo table display,2064
succulent wedding table,2048
wedding grazing table ideas,2027
tropical wedding table decor,2012
blue wedding table decor,2000
mr mrs table wedding decor,1995
table set up wedding,1991
wedding round table decor,1957
dessert wedding table,1976
wedding table assignments,1973
colorful wedding table,1968
beach wedding table settings,1960
wedding couple table decoration,1957
wedding card table ideas,1956
table decor for wedding,1928
farmhouse table wedding decor,1928
dusty rose table setting wedding,1910
caterpillar table wedding,1902
wedding guest table ideas seating charts,1900
mirror table plan wedding,1897
indian wedding table decor,1895
thank you card wedding table,1890
blue wedding table,1883
cocktail table decor wedding,1883
table wedding decor,1882
fall sweetheart table wedding,1869
wedding table menus,1866
wedding ceremony table,1865
the love that built us wedding table,1861
wedding pie table,1839
vintage wedding table decor,1833
wedding bride and groom table,1831
wedding table seating chart ideas,1814
sign in table for wedding,1813
emerald green wedding theme decor table settings,1812
center piece for wedding dining table,1810
white wedding table,1804
signing table wedding ceremony,1798
wedding table cloth,1767
rustic sweetheart table wedding,2405
simple round table wedding decor,1761
wedding treats table,1759
dessert table wedding ideas,1759
polaroid table wedding,1755
wedding table garland,1752
table names wedding ideas,1583
candy table wedding,1750
simple wedding table decor budget,1750
wedding table greenery,1749
cocktail table wedding,1749
wedding flower table arrangements,1741
wedding table with candles,1739
wedding reception table ideas,1730
wedding sign in table,1703
protea wedding table decor,1700
wedding table bride and groom,1693
white table cloth wedding,1663
wedding coffee table book,1652
wedding memory table ideas,1650
disposable wedding table settings,1650
vintage wedding cake table,1650
card and gift table wedding,1628
wedding signing table ideas,1628
main wedding table decor,1622
romantic wedding table settings,1620
table setting ideas wedding,1618
wedding reception table setting ideas,1617
memorial wedding table,1610
table menu wedding,1599
pink wedding table decor,1596
spring wedding table,1580
wedding arrangements table,1578
wedding table lamps,1576
round sweetheart table wedding,1574
family table wedding,1568
african traditional wedding decoration table settings,1565
black and white wedding theme classy table settings,1547
wedding table signage,1538
dusty blue wedding table,1537
wedding sweet table ideas,1484
wedding dining table set up,1530
table placement wedding,1511
table wedding set up,1504
modern wedding table decor,1498
autumn wedding table,1477
gold wedding table setting,1475
minimalist wedding table,1473
wedding seating chart ideas table plans,1472
table pieces for wedding,1471
wedding table centrepiece,1435
photo table wedding,1445
black table runner wedding,1436
wedding picnic table decor,1430
wedding beer pong table,1425
dessert table for wedding,1420
wedding farm table decor,1413
boho wedding table setting,1412
green table cloth wedding,1408
elegant wedding table decor,1391
wedding table numbers diy,1400
wedding table settings simple,1398
wedding game table,1396
long wedding table decor,1393
acrylic table numbers wedding,1382
age table numbers wedding,1362
wedding dessert table ideas elegant,1362
wedding guestbook table,1362
welcome wedding table,1359
lace table runner wedding,1352
appetizer table display wedding,1348
wedding loved ones passed memory table,1336
food table wedding,1333
wedding table snacks,1327
green table runner wedding,1326
wedding sweetheart table decor,1322
greenery wedding table decor,1320
italian wedding table,1308
vip table wedding,1303
wood table wedding,1301
wedding table bud vases,1295
garden wedding table,1403
boho table setting wedding,1284
top table wedding,1280
wedding sweets table,1273
wedding table ideas receptions,1266
wedding table simple,1265
simple wedding dessert table,1262
round table runner wedding,1260
wedding flower table,1194
wedding banquet table,1247
fall dessert table wedding,1241
rustic wedding cake table,1233
table seating wedding,1221
bud vases wedding centerpiece long table,1221
pink wedding table,1214
wedding drink table,1213
wedding settings table,1212
in loving memory table wedding,1206
wedding table deco,1199
drink table wedding,1195
simple head table wedding,1260
in memory table at wedding,1194
wedding table settings elegant,1174
bride and groom wedding table,1168
guestbooks ideas for wedding table,1159
wedding decor table ideas,1155
wedding dining table,1154
table lamps wedding,1148
kids table at wedding,1147
wedding cocktail table,1147
table setting for wedding,1145
red wedding table decor,1135
kings table wedding layout,1129
diy wedding table,1126
elegant wedding table,1109
wedding chocolate table,1106
rustic table decor wedding,1082
table markers wedding,1178
bud vase wedding table,997
donut table wedding,996
table centre pieces wedding,1040
table numbers for wedding,1023
wedding table numbers ideas,1018
wedding guest table decor,1015
table for wedding,999
wedding desserts table,992
wedding table numbers age pictures,987
wedding flower arrangements table centerpiece ideas,975
wedding numbers table ideas,971
blue and white wedding table decor,969
guest book table wedding,961
sage green wedding table decor,953
white green gold wedding table decor,952
round wedding table settings,948
emerald green black and gold wedding table decor,943
wedding table blue,935
table lamp wedding,933
farmhouse wedding table decor,930
head wedding table,924
wedding table stationary,916
french blue wedding table setting,914
gold table numbers wedding,914
wedding ideas decoration table,910
guest table wedding,908
simple table decor wedding,906
colourful wedding table,894
picnic table wedding reception,882
cake wedding table,880
trestle table wedding,879
wedding table white,877
wedding table decor candles,873
wedding long table decor,873
u shaped table wedding,880
bar table wedding,885
circular wedding table decor,863
wedding table cloths,859
table scape wedding,857
wedding table pink,853
table design wedding,853
guest sign in table wedding,754
name tags wedding table,847
wedding table list,844
garden party wedding table decor,844
wedding communion table,841
black table setting wedding,841
name tag wedding table,840
black linen wedding table,839
black table cloths wedding receptions,839
wedding table decor simple,839
beach wedding table decor,833
flower arrangements for table wedding,830
mirror table wedding,824
wedding memory table sign,823
wooden table wedding,822
sweetheart table wedding candles,822
sweetheart wedding table,821
decoration wedding table,819
diy wedding table decor,819
wedding treat table,815
wedding table display,803
wild flower wedding table decor,803
wedding bar table,803
cheese table wedding,802
table decor wedding reception,800
pastel wedding table setting,795
burgundy wedding table,794
minimalistic wedding table decor,794
purple wedding table decor,790
civil wedding table decor,790
rustic wedding reception table decor,787
memory table wedding display cute ideas,779
hydrangea wedding table,778
wedding table aesthetic,777
buffet table wedding,776
wedding table themes,650
dusty blue table setting wedding,770
main wedding table,769
love before us table wedding,766
summer wedding table,766
floral wedding table decor,717
wedding dinner table decor,761
wedding table numbers printable,758
eucalyptus wedding table,755
greenery wedding table,652
winter wedding table decor,784
welcome table wedding entrance ideas,754
wedding couples table,751
whimsical wedding table decor,753
rectangle table wedding decor,753
backyard wedding table decor,752
entrance table wedding,749
circle table wedding,746
circle wedding table,745
wedding food table ideas,743
white napkins wedding table,742
stone table numbers wedding,741
white table runner wedding,739
classic wedding table decor,738
one table wedding reception,738
wedding bridal table,737
wood table wedding decor,736
tropical wedding table,736
moss wedding table,735
wedding table no plates,734
kids table wedding reception,725
table decoration for wedding,729
green wedding table settings,728
wedding entrance table decor,722
wedding table without plates,721
boho head table wedding,720
banquet table wedding,719
wedding harvest table,718
pittsburgh cookie table wedding display,718
wedding cake dessert table,716
flower wedding table,714
rustic wedding table numbers,714
black table wedding,713
fruit table wedding,708
wedding remembrance table,705
table arrangements wedding layout,705
forest wedding table,705
couple wedding table,702
wedding table plans,699
long table wedding reception,697
table cloth wedding,696
circular table centerpiece wedding,695
champagne wedding table decor,694
wedding table napkin ideas,694
blue table runner wedding,693
wood table numbers wedding,689
farmhouse table wedding,689
mismatched wedding table settings,688
table centrepiece wedding,687
wedding table no charger plates,687
table linens wedding,686
rose gold and navy blue wedding theme wedding table decor,685
wedding table card ideas,684
wedding table board,678
wedding table chart ideas,678
wedding table details,678
sage green table decor wedding,676
buffet table wedding receptions,675
terracotta wedding table,675
gothic wedding table decor,674
wedding in memory table,673
candle wedding table decor,673
wedding welcome table decor,672
rustic wedding table ideas,672
game table wedding,671
old money wedding table decor,669
table numbers wedding pictures,668
remembrance table wedding,668
light blue wedding table decor,667
wedding table food,666
wedding table organization,663
navy wedding table settings,661
wedding table long,660
wedding display table,656
curved table wedding,655
unique wedding table decor,655
single stem roses wedding table,654
winter wedding table settings,652
dusty blue wedding table decor,652
red wedding table,650
small wedding table,649
blue and white wedding table,649
white table wedding,646
simple fall wedding table decor,641
green and white wedding table decor,637
table list wedding seating charts,637
intimate wedding table setting,637
simple wedding table decor long tables,637
family style wedding dinner table decor,635
modern wedding table settings,632
simple table numbers wedding,630
modern wedding table,630
olive green wedding table decor,628
pittsburgh wedding cookie table,624
simple elegant wedding table decor,623
wedding cookie table display,620
wedding table settings blue,619
table number wedding ideas,618
wedding table toppers,617
black tie wedding table decor,616
fall wedding sweetheart table,615
wedding shower table decor,611
minimal wedding table,609
place card table wedding,609
no plate wedding table setting,608
simple wedding cake table,608
farm table wedding tablescape,607
long head table wedding,606
orange wedding table decor,605
wedding shower food table,605
wedding binder table of contents,605
white and black wedding table setting,603
black table numbers wedding,602
table cake wedding,600
menu wedding table,598
boho wedding cake table,598
rustic head table wedding,598
wedding bud vases long table,598
guest book wedding table,598
napkins wedding table,597
ivory table linens wedding,595
wedding entry table ideas entrance,595
eclectic wedding table settings,595
one long table wedding reception,593
wedding table photos,593
farm to table wedding,591
placecards wedding table display,591
entry table wedding,591
wedding table floral arrangements,591
brown wedding table decor,724
candle stick wedding table decor,590
outdoor wedding table decor,589
wedding decor ideas table,580
wedding table seating plan,579
wildflower wedding table setting,676
table garland wedding,577
table ideas wedding,577
wedding cake and dessert table,576
rustic table numbers wedding,575
burlap wedding table,575
gift table wedding decoration,573
love that built us wedding table,572
babybreath table decoration wedding,572
instax wedding guest book table,572
cheap wedding table decor,572
wedding table minimalist,572
wedding table without chargers,569
seating table chart wedding,569
candles on table wedding,568
dessert table at wedding,568
candle table wedding,567
boho dessert table wedding,566
presidential table wedding,565
easy wedding table decor,564
wedding table settings rustic,563
autumn wedding table decor,562
boho table decor wedding,556
memory wedding table,555
table name wedding,555
rustic wedding dessert table ideas,554
country wedding table decor,553
wedding table number holders,551
gift table sign wedding,550
black table cloth wedding decor,549
wedding table assignment board,588
serpent table wedding,547
boho wedding dessert table,546
gold wedding table decor,545
wedding table plates,545
bread table wedding,542
pizza table wedding,441
blue table settings wedding,539
snake table wedding,920
thrifted wedding table setting,538
wedding table design ideas,538
table sign wedding,535
wedding table lights,535
wedding simple table decor,534
wedding menu table,533
table card wedding,532
peonies wedding table,532
intimate wedding dinner table,531
navy blue wedding table,530
wedding table eucalyptus,530
decor table wedding,528
coffee table wedding,528
serpentine wedding table,526
white table decor wedding,525
simple long table wedding decor,523
table setting wedding simple,522
square table wedding,521
table seating chart wedding ideas,521
sage green dusty blue wedding table setting,519
fall wedding table numbers,516
wedding floral table arrangements,516
stone wedding table numbers,514
october wedding table decor,514
ivory linens wedding table,513
wedding menus on table,513
long wooden table wedding decor,512
simple wedding cake table ideas,512
white and green wedding table,512
rustic table setting wedding,511
bohemian wedding table decor,510
simple table wedding decor,508
vintage table setting wedding,507
wedding high table decor,505
wedding centrepiece round table,505
dark green wedding table decor,502
wedding table illustration,500
sage wedding table,499
wedding table rustic,497
romantic wedding table decor,496
u shape wedding table layout,495
drinks table wedding,494
cake table for wedding,494
memorial table at wedding ideas,492
table styling wedding,492
wedding table centerpiece ideas,491
wedding table colorful,501
wedding table set up ideas,489
mexican wedding table,478
fruit wedding table,488
wedding table overlays,487
couples table wedding decoration,486
king table wedding,486
wooden wedding table decor,485
memorial table for wedding,484
yellow wedding table,484
table numbers wedding rustic,484
vintage table numbers wedding,484
round table arrangements wedding,530
sweet hearts table wedding,483
table decor for wedding reception,482
gingham wedding table,481
small wedding dessert table,481
heaven wedding sign memory table,481
round table wedding reception,481
love table for wedding,479
wedding table setup ideas,478
wedding table circle,478
wedding picture table,477
favor table wedding,477
simple wedding round table decor,476
floral wedding table,476
minimalist wedding table setting,476
green table settings wedding,476
colorful table setting wedding,475
champagne wedding table,475
wood wedding table,474
table tags wedding,472
wedding sign table,470
black and white table decor wedding,470
creative wedding table numbers,469
wedding table vases,467
wedding drinks table,467
wedding snacks table,466
dessert table wedding sign,466
wedding champagne table,465
wedding table couple,464
blue table cloths wedding,463
lilac wedding table decor,463
name table wedding,463
sage green wedding theme table settings,462
wedding party table ideas receptions,462
table plan wedding ideas,461
trifold table numbers wedding,461
diy wedding table seating chart,461
micro wedding table setting,460
wedding table name tags,460
harvest table wedding decor,460
wedding menu on table,458
picnic table wedding decor,456
main table wedding decoration elegant,456
wedding table round decoration,470
beach wedding table numbers,452
burlap table runner wedding,452
beige wedding table,451
wedding bride and groom table decor,451
rustic cake table wedding,403
wedding table thank you note,449
wedding greenery table decor,449
memory table wedding ideas,448
couple table wedding decoration,448
green table wedding,447
kid table wedding,446
wedding high table,446
round table setting wedding,445
old money wedding table,445
table arrangement wedding,444
wedding table bouquets,444
gift table wedding ideas,443
over the table rod decor wedding,442
pink table runner wedding,442
wedding sign in table ideas guest books,442
wedding hairstyles with veil,58316
mantilla veil wedding,38065
half up half down wedding hair with veil,21430
wedding hair down with veil,18576
long veil wedding,14212
wedding veil ideas,13670
wedding dress with veil,11275
wedding hair updo with veil,9079
wedding updo with veil,8847
wedding hair for bride with veil,6666
low bun wedding hair with veil,6481
mantilla veil wedding spanish style,6161
wedding cape veil,6117
catholic wedding veil,5920
veil wedding hijab,5825
wedding dress veil,5783
wedding hairstyles for long hair with veil,5209
wedding veil styles,4839
wedding hair veil,4787
wedding half up half down with veil,4501
black wedding veil,4083
short wedding dress with veil,4075
short wedding veil,3961
pearl veil wedding,3576
vintage wedding veil,3654
wedding hairstyles half up half down with veil,3618
wedding hairstyles updo with veil,3580
lace wedding veil,3521
veil over face wedding,3477
long wedding veil,3387
diy wedding veil,3215
vintage wedding hairstyles with veil,3210
wedding dress and veil,3155
wedding veil aesthetic,3115
pearl wedding veil,3007
wedding bun with veil,2918
wedding hairstyles with veil updo,2884
long wedding hair with veil,1921
wedding veil short,2491
floral wedding veil,2475
wedding hair half up half down with veil,2447
sims 4 cc wedding veil,2420
wedding veil vintage,2312
wedding tiara veil,2312
wedding hair with veil all down,2308
wedding hairstyles veil,2292
diy veil wedding,2452
embroidered wedding veil,2236
short wedding hair with veil,2111
satin wedding dress with veil,2105
floral veil wedding,2071
under the veil wedding photos,2038
simple wedding veil,2015
embroidered veil wedding,2010
wedding veil hairstyles,1877
wedding veil long,1980
veil wedding photos,1945
half up wedding hairstyles with veil,1937
down wedding hairstyles with veil,1889
wedding headpiece and veil,2025
under veil wedding picture,1885
spanish veil wedding,1954
flower crown wedding veil,1883
crochet wedding veil,1883
flower veil wedding,1862
catholic veil wedding,1842
half up wedding hair with veil,1840
wedding veil over face,1828
bow veil wedding,1816
wedding hair with veil updo,1816
wedding hair with tiara and veil,1777
veil designs wedding,1756
wedding dress with long veil,1751
high bun wedding hair with veil,1730
simple wedding dress with veil,1725
wedding hair ponytail with veil,1718
elegant wedding hair down with veil,1416
red veil wedding indian,1626
long veil wedding dress,1500
lace wedding dress with veil,1497
wedding hairstyles with crown and veil,1488
boho wedding veil,1487
wedding hair accessories with veil,1421
wedding veil lace,1404
simple veil wedding,1372
red wedding veil,1366
no veil bride wedding,1354
long hair wedding styles with veil,1358
colorful wedding veil,1302
pink veil wedding,1271
wedding hair up with veil,1265
long sleeve wedding dress with veil,1252
wedding hairstyles for bride with veil,1235
bird cage veil wedding,1235
wedding veil lengths,1229
wedding veil photos,1214
short veil wedding,1214
wedding ponytail hairstyles with veil,1173
veil pictures wedding,1163
wedding headband with veil,1155
wedding hairstyle with veil,1145
beach wedding veil,1123
wedding dress long veil,1234
wedding veil drawing,1085
mantilla wedding veil,1021
bow wedding veil,1010
unique wedding veil,983
sims 4 wedding veil cc,958
wedding hairstyles down with veil,927
civil wedding veil,922
wedding hair bun with veil,914
wedding veil hair down,913
long veil wedding hair,895
wedding veil embroidery,958
christian wedding veil,892
boho wedding hair down with veil,879
red veil wedding,864
sims4 cc wedding veil,1390
veil wedding dress,919
french twist wedding hair with veil,835
wedding veil cathedral,818
mermaid wedding dress with veil,817
cathedral wedding veil,806
indian wedding veil,804
blue wedding veil,801
wedding hair and veil,798
veil for lace wedding dress,716
wedding bun hairstyles with veil,784
cape veil wedding,776
hair down wedding veil,773
wedding veil hair,772
mantilla veil wedding hairstyles,770
wedding dresses with long veil,754
mexican wedding veil,751
wedding dress with veil over face,755
wedding veil with crown,739
hijab wedding veil,733
wedding veil alternatives,728
wedding veil with pearls,721
dramatic veil wedding,793
hailey bieber wedding veil,713
elegant wedding dress veil,616
ethereal wedding veil,707
wedding veil pearls,705
wedding veil photography,677
wedding dress with cape veil,677
strapless wedding dress with veil,667
colorful veil wedding,663
wedding veil simple,659
gothic wedding veil,658
wedding veil inspiration,656
long hair wedding styles with veil brides hairstyle ideas,646
a line wedding dress with veil,645
chapel length wedding veil,643
boho wedding hair with veil,639
beaded veil wedding,635
midi wedding dress with veil,626
bob wedding hairstyles with veil,625
how to make a wedding veil,624
wedding hair with crown and veil,622
headband veil wedding,616
courthouse wedding veil,614
hooded veil wedding,613
simple wedding hair with veil,610
wedding veil ideas hair down,605
tiara and veil wedding hair,602
traditional wedding veil,598
elegant wedding veil,597
wedding hair low bun with veil,596
wedding ponytail with veil,595
veil photos wedding,591
wedding hair with veil half up,578
face veil wedding,577
wedding updos for long hair with veil,565
wedding tiara and veil,563
veil for wedding,561
wedding veil types,650
italian wedding veil,550
dramatic wedding veil,548
half updo wedding hair with veil,544
green wedding veil,543
wedding veil design,543
wedding dress with cathedral veil,537
wedding veil diy,537
wedding veil with hair down,556
curled wedding hair down with veil,532
hair down veil wedding,528
veil alternative wedding,526
mini wedding dress with veil,526
wedding dress long train and veil,525
wedding saree with veil,524
wedding veil bow,524
high updo wedding with veil,405
celestial wedding veil,516
curly wedding hair with veil,516
white wedding veil,513
black veil wedding,511
black wedding dress with veil,509
wedding long veil,504
wedding veil pictures,500
short wedding hairstyles with veil,497
ballgown wedding dress with veil,495
wedding veil accessories,490
short hair wedding veil,487
wedding veil curly hair,480
wedding updo veil,480
hollywood waves wedding hair with veil,479
white veil wedding,478
wedding hair for veil,478
short wedding dress with long veil,478
tulle wedding veil,473
wedding veil covering face,472
bridal wedding hair with veil,472
low bun with veil wedding hair,467
small wedding veil,461
crown veil wedding,459
unique wedding veil ideas,457
veil wedding hair,453
tiara veil wedding,480
chapel veil wedding,450
hair down wedding with veil,446
wedding blowout hair with veil,442
gold wedding veil,441
short hair wedding styles with veil,439
short hair veil wedding,479
hooded wedding veil,434
silk wedding dress with veil,433
wedding net veil,427
classic wedding dress with veil,424
no veil wedding hair,422
green veil wedding,418
classic wedding veil,416
veil for satin wedding dress,415
goth wedding veil,412
wedding blusher veil,409
short wedding dress veil,407
sparkly veil wedding,407
wedding veil crown,405
wedding veil mantilla,405
mexican veil wedding,405
purple wedding veil,405
wedding hair no veil,404
wedding photos with veil,401
wedding venues outdoor,23696
wedding venues indoor,13661
wedding venues indoor elegant,11015
dream wedding venues,5760
luxury wedding venues,4563
outdoor wedding venues,4480
unique wedding venues,4221
wedding venues uk,3747
wedding venues church,3717
glass wedding venues,3709
small wedding venues,3333
colorado wedding venues,3264
italy wedding venues,3322
florida wedding venues,2981
rustic wedding venues,2852
wedding reception venues,2795
wedding venues beach,2717
texas wedding venues,2610
beautiful wedding venues,2562
italian wedding venues,2567
california wedding venues,2441
lake como wedding venues,2044
chicago wedding venues,1921
wedding venues ideas,1857
winter wedding venues,1838
small wedding venues indoor,1821
luxury wedding venues indoor,1804
aesthetic wedding venues,1754
expensive wedding venues,1712
georgia wedding venues,1579
fall wedding venues,1660
questions to ask wedding venues,1521
greece wedding venues,1498
gothic wedding venues,1308
portugal wedding venues,1463
arizona wedding venues,1447
pretty wedding venues,1407
michigan wedding venues,1406
country wedding venues,1377
wedding venues outdoor gardens,1345
green house wedding venues,1343
vintage wedding venues,1333
london wedding venues,1329
mountain wedding venues,1312
industrial wedding venues,1310
korean wedding venues,1307
san diego wedding venues,1277
western wedding venues,1272
wedding venues indoor receptions,1239
outside wedding venues,1196
wedding venues barn,1218
wedding venues aesthetic,1163
beach wedding venues,1161
north carolina wedding venues,1157
utah wedding venues,1156
cheap wedding venues,1154
southern california wedding venues,1151
oregon wedding venues,1138
puerto rico wedding venues,1127
dallas wedding venues,1110
intimate wedding venues,1214
new orleans wedding venues,1087
ohio wedding venues,1073
fancy wedding venues,1061
mansion wedding venues,1037
wedding venues simple,1002
tennessee wedding venues,988
spain wedding venues,971
wedding ideas venues,966
indoor wedding venues,937
nyc wedding venues,933
new york wedding venues,905
nature wedding venues,902
new england wedding venues,890
houston wedding venues,878
wedding venues texas,871
wedding venues indian,868
wedding venues forest,868
minnesota wedding venues,786
wedding venues california,843
wedding venues ontario,833
wedding venues castle,819
spring wedding venues,815
elegant wedding venues,815
virginia wedding venues,815
montana wedding venues,812
cabo wedding venues,795
charleston wedding venues,793
wedding venues florida,765
cute wedding venues,763
ireland wedding venues,746
best wedding venues,728
atlanta wedding venues,728
arkansas wedding venues,708
maine wedding venues,702
estate wedding venues,697
south carolina wedding venues,674
washington wedding venues,673
forest wedding venues,673
austin wedding venues,666
luxury wedding venues outdoor,657
cape town wedding venues,655
micro wedding venues,650
big wedding venues,629
inside wedding venues,643
toronto wedding venues,640
wedding venues outdoor simple,631
simple wedding venues,629
wedding castle venues,614
miami wedding venues,612
airbnb wedding venues,610
northern california wedding venues,607
garden wedding venues,601
maryland wedding venues,595
seattle wedding venues,538
affordable wedding venues,581
wedding venues indoor simple,578
nj wedding venues,564
nc wedding venues,575
wisconsin wedding venues,572
classy wedding venues,569
beautiful wedding venues outdoors,544
european wedding venues,544
wedding venues elegant,538
socal wedding venues,537
paris wedding venues,534
wedding venues receptions,532
nashville wedding venues,521
destination wedding venues,518
wedding venues garden,511
cape cod wedding venues,508
dark wedding venues,505
wedding venues mountains,519
louisiana wedding venues,474
fall wedding venues outdoor,499
dubai wedding venues,496
illinois wedding venues,493
lake tahoe wedding venues,492
southern wedding venues,425
scotland wedding venues,483
wedding venues outdoor beach,482
france wedding venues,481
south florida wedding venues,479
oklahoma wedding venues,469
historic wedding venues,467
hawaii wedding venues,466
boston wedding venues,465
luxury wedding venues receptions,464
alabama wedding venues,462
questions for wedding venues,462
vrbo wedding venues,460
dc wedding venues,460
villa wedding venues,455
small wedding venues outdoor,455
ibiza wedding venues,451
kentucky wedding venues,448
orlando wedding venues,445
los angeles wedding venues,444
gorgeous wedding venues,441
pittsburgh wedding venues,441
wedding venues country,438
coastal wedding venues,436
wedding venues inside,435
french wedding venues,434
pennsylvania wedding venues,428
mexico city wedding venues,424
wedding venues outside,421
summer wedding venues,419
washington state wedding venues,419
wedding venues indoor elegant simple,418
barn venues wedding,416
switzerland wedding venues,411
dfw wedding venues,410
indiana wedding venues,407